--
-- PostgreSQL database dump
--

-- Dumped from database version 14.15
-- Dumped by pg_dump version 16.6 (Ubuntu 16.6-0ubuntu0.24.04.1)

SET statement_timeout = 0;
SET lock_timeout = 0;
SET idle_in_transaction_session_timeout = 0;
SET client_encoding = 'UTF8';
SET standard_conforming_strings = on;

SET check_function_bodies = false;
SET xmloption = content;
SET client_min_messages = warning;
SET row_security = off;

--
-- Name: public; Type: SCHEMA; Schema: -; Owner: skrupeladmin
--

-- *not* creating schema, since initdb creates it


ALTER SCHEMA public OWNER TO skrupeladmin;

SET default_tablespace = '';

SET default_table_access_method = heap;

--
-- Name: achievement; Type: TABLE; Schema: public; Owner: skrupeladmin
--

CREATE TABLE public.achievement (
    id bigint NOT NULL,
    earned_date timestamp without time zone,
    login_id bigint,
    type character varying(128)
);


ALTER TABLE public.achievement OWNER TO skrupeladmin;

--
-- Name: achievement_id_seq; Type: SEQUENCE; Schema: public; Owner: skrupeladmin
--

ALTER TABLE public.achievement ALTER COLUMN id ADD GENERATED BY DEFAULT AS IDENTITY (
    SEQUENCE NAME public.achievement_id_seq
    START WITH 1
    INCREMENT BY 1
    NO MINVALUE
    NO MAXVALUE
    CACHE 1
);


--
-- Name: aquired_ship_template; Type: TABLE; Schema: public; Owner: skrupeladmin
--

CREATE TABLE public.aquired_ship_template (
    id bigint NOT NULL,
    game_id bigint,
    ship_template_id character varying(128)
);


ALTER TABLE public.aquired_ship_template OWNER TO skrupeladmin;

--
-- Name: aquired_ship_template_id_seq; Type: SEQUENCE; Schema: public; Owner: skrupeladmin
--

ALTER TABLE public.aquired_ship_template ALTER COLUMN id ADD GENERATED BY DEFAULT AS IDENTITY (
    SEQUENCE NAME public.aquired_ship_template_id_seq
    START WITH 1
    INCREMENT BY 1
    NO MINVALUE
    NO MAXVALUE
    CACHE 1
);


--
-- Name: control_group; Type: TABLE; Schema: public; Owner: skrupeladmin
--

CREATE TABLE public.control_group (
    id bigint NOT NULL,
    player_id bigint,
    entity_id bigint,
    type character varying(64),
    hotkey integer
);


ALTER TABLE public.control_group OWNER TO skrupeladmin;

--
-- Name: control_group_id_seq; Type: SEQUENCE; Schema: public; Owner: skrupeladmin
--

ALTER TABLE public.control_group ALTER COLUMN id ADD GENERATED BY DEFAULT AS IDENTITY (
    SEQUENCE NAME public.control_group_id_seq
    START WITH 1
    INCREMENT BY 1
    NO MINVALUE
    NO MAXVALUE
    CACHE 1
);


--
-- Name: data_privacy_statement; Type: TABLE; Schema: public; Owner: skrupeladmin
--

CREATE TABLE public.data_privacy_statement (
    id bigint NOT NULL,
    language character varying(8),
    text text
);


ALTER TABLE public.data_privacy_statement OWNER TO skrupeladmin;

--
-- Name: data_privacy_statement_id_seq; Type: SEQUENCE; Schema: public; Owner: skrupeladmin
--

ALTER TABLE public.data_privacy_statement ALTER COLUMN id ADD GENERATED BY DEFAULT AS IDENTITY (
    SEQUENCE NAME public.data_privacy_statement_id_seq
    START WITH 1
    INCREMENT BY 1
    NO MINVALUE
    NO MAXVALUE
    CACHE 1
);


--
-- Name: databasechangelog; Type: TABLE; Schema: public; Owner: skrupeladmin
--

CREATE TABLE public.databasechangelog (
    id character varying(255) NOT NULL,
    author character varying(255) NOT NULL,
    filename character varying(255) NOT NULL,
    dateexecuted timestamp without time zone NOT NULL,
    orderexecuted integer NOT NULL,
    exectype character varying(10) NOT NULL,
    md5sum character varying(35),
    description character varying(255),
    comments character varying(255),
    tag character varying(255),
    liquibase character varying(20),
    contexts character varying(255),
    labels character varying(255),
    deployment_id character varying(10)
);


ALTER TABLE public.databasechangelog OWNER TO skrupeladmin;

--
-- Name: databasechangeloglock; Type: TABLE; Schema: public; Owner: skrupeladmin
--

CREATE TABLE public.databasechangeloglock (
    id integer NOT NULL,
    locked boolean NOT NULL,
    lockgranted timestamp without time zone,
    lockedby character varying(255)
);


ALTER TABLE public.databasechangeloglock OWNER TO skrupeladmin;

--
-- Name: faction; Type: TABLE; Schema: public; Owner: skrupeladmin
--

CREATE TABLE public.faction (
    id character varying(64) NOT NULL,
    preferred_planet_type character varying(8),
    preferred_temperature integer,
    mine_production_rate double precision,
    factory_production_rate double precision,
    tax_rate double precision,
    ground_combat_attack_rate double precision,
    ground_combat_defense_rate double precision,
    home_planet_name character varying(64),
    assimilation_rate double precision,
    assimilation_type character varying(32),
    unlocked_orbital_systems character varying(128),
    forbidden_orbital_systems character varying(128)
);


ALTER TABLE public.faction OWNER TO skrupeladmin;

--
-- Name: fleet; Type: TABLE; Schema: public; Owner: skrupeladmin
--

CREATE TABLE public.fleet (
    id bigint NOT NULL,
    name character varying(64),
    player_id bigint,
    leader_id bigint
);


ALTER TABLE public.fleet OWNER TO skrupeladmin;

--
-- Name: fleet_id_seq; Type: SEQUENCE; Schema: public; Owner: skrupeladmin
--

ALTER TABLE public.fleet ALTER COLUMN id ADD GENERATED BY DEFAULT AS IDENTITY (
    SEQUENCE NAME public.fleet_id_seq
    START WITH 1
    INCREMENT BY 1
    NO MINVALUE
    NO MAXVALUE
    CACHE 1
);


--
-- Name: galaxy_config; Type: TABLE; Schema: public; Owner: skrupeladmin
--

CREATE TABLE public.galaxy_config (
    id character varying(16) NOT NULL
);


ALTER TABLE public.galaxy_config OWNER TO skrupeladmin;

--
-- Name: game; Type: TABLE; Schema: public; Owner: skrupeladmin
--

CREATE TABLE public.game (
    id bigint NOT NULL,
    created timestamp without time zone,
    creator_id bigint,
    name character varying(512),
    win_condition character varying(32),
    started boolean DEFAULT false,
    finished boolean DEFAULT false,
    round integer,
    round_date timestamp without time zone,
    enable_espionage boolean DEFAULT false,
    enable_mine_fields boolean DEFAULT false,
    enable_tactial_combat boolean DEFAULT false,
    enable_wsiwyg boolean DEFAULT false,
    start_position_setup character varying(32),
    home_planet_setup character varying(32),
    lose_condition character varying(32),
    player_count integer,
    galaxy_size integer,
    init_money integer,
    inhabited_planets_percentage double precision,
    resource_density character varying(16),
    resource_density_home_planet character varying(16),
    unstable_wormhole_count integer,
    stable_wormhole_config character varying(32),
    galaxy_config_id character varying(16),
    max_concurrent_plasma_storm_count integer,
    plasma_storm_probability double precision,
    plasma_storm_rounds integer,
    fog_of_war_type character varying(32),
    pirate_attack_probability_center double precision DEFAULT 0,
    pirate_attack_probability_outskirts double precision DEFAULT 0,
    pirate_min_loot double precision DEFAULT 0,
    pirate_max_loot double precision DEFAULT 0,
    auto_tick_seconds integer DEFAULT 0,
    planet_density character varying(32) DEFAULT 'VERY_HIGH'::character varying,
    is_private boolean DEFAULT false,
    mineral_race_mineral_name character varying(64),
    mineral_race_storage_type character varying(64),
    mineral_race_quantity integer,
    turn_not_finished_notification_seconds integer DEFAULT 0,
    last_to_finish_turn_notification_seconds integer DEFAULT 0,
    turn_not_finished_notifications_sent boolean DEFAULT false,
    last_to_finish_turn_notifications_sent boolean DEFAULT false,
    finished_turn_visibility_type character varying(32) DEFAULT 'NONE'::character varying,
    invasion_wave integer DEFAULT 0,
    invasion_cooperative boolean DEFAULT false,
    invasion_difficulty character varying(16),
    story_mode_campaign_id bigint,
    story_mode_mission integer DEFAULT 0,
    story_mode_mission_step integer DEFAULT 0,
    story_mode_mission_step_seen boolean DEFAULT false,
    story_mode_mission_data character varying(512),
    enable_wysiwyg boolean DEFAULT false,
    randomize_home_planet_names boolean DEFAULT false,
    conquest_type character varying(32),
    conquest_rounds integer DEFAULT 0,
    conquest_planet_id bigint,
    use_fixed_teams boolean DEFAULT false,
    match_making_game boolean DEFAULT false
);


ALTER TABLE public.game OWNER TO skrupeladmin;

--
-- Name: game_id_seq; Type: SEQUENCE; Schema: public; Owner: skrupeladmin
--

ALTER TABLE public.game ALTER COLUMN id ADD GENERATED BY DEFAULT AS IDENTITY (
    SEQUENCE NAME public.game_id_seq
    START WITH 1
    INCREMENT BY 1
    NO MINVALUE
    NO MAXVALUE
    CACHE 1
);


--
-- Name: i18n; Type: TABLE; Schema: public; Owner: skrupeladmin
--

CREATE TABLE public.i18n (
    id bigint NOT NULL,
    key character varying(128),
    language character varying(8),
    value text
);


ALTER TABLE public.i18n OWNER TO skrupeladmin;

--
-- Name: i18n_id_seq; Type: SEQUENCE; Schema: public; Owner: skrupeladmin
--

ALTER TABLE public.i18n ALTER COLUMN id ADD GENERATED BY DEFAULT AS IDENTITY (
    SEQUENCE NAME public.i18n_id_seq
    START WITH 1
    INCREMENT BY 1
    NO MINVALUE
    NO MAXVALUE
    CACHE 1
);


--
-- Name: installation_details; Type: TABLE; Schema: public; Owner: skrupeladmin
--

CREATE TABLE public.installation_details (
    id bigint NOT NULL,
    legal_text text,
    domain_url character varying(1024),
    contact_email character varying(128),
    guest_account_code text,
    discord_link character varying(128)
);


ALTER TABLE public.installation_details OWNER TO skrupeladmin;

--
-- Name: installation_details_id_seq; Type: SEQUENCE; Schema: public; Owner: skrupeladmin
--

ALTER TABLE public.installation_details ALTER COLUMN id ADD GENERATED BY DEFAULT AS IDENTITY (
    SEQUENCE NAME public.installation_details_id_seq
    START WITH 1
    INCREMENT BY 1
    NO MINVALUE
    NO MAXVALUE
    CACHE 1
);


--
-- Name: login; Type: TABLE; Schema: public; Owner: skrupeladmin
--

CREATE TABLE public.login (
    id bigint NOT NULL,
    username character varying(64),
    password character varying(256),
    email character varying(256),
    active boolean DEFAULT false,
    activation_code character varying(512),
    round_notifications_enabled boolean DEFAULT false,
    password_recovery_token character varying(512),
    language character varying(8) DEFAULT 'en'::character varying,
    join_notifications_enabled boolean DEFAULT false,
    game_full_notifications_enabled boolean DEFAULT false,
    theme character varying(32) DEFAULT 'light_mode'::character varying,
    invited_to_game_notifications_enabled boolean DEFAULT false,
    not_finished_turn_notifications_enabled boolean DEFAULT false,
    last_to_finish_turn_notifications_enabled boolean DEFAULT false,
    created timestamp without time zone,
    ingame_zoom_level double precision DEFAULT 1,
    match_making_game_created_notification_enabled boolean DEFAULT true
);


ALTER TABLE public.login OWNER TO skrupeladmin;

--
-- Name: login_id_seq; Type: SEQUENCE; Schema: public; Owner: skrupeladmin
--

ALTER TABLE public.login ALTER COLUMN id ADD GENERATED BY DEFAULT AS IDENTITY (
    SEQUENCE NAME public.login_id_seq
    START WITH 1
    INCREMENT BY 1
    NO MINVALUE
    NO MAXVALUE
    CACHE 1
);


--
-- Name: login_role; Type: TABLE; Schema: public; Owner: skrupeladmin
--

CREATE TABLE public.login_role (
    id bigint NOT NULL,
    login_id bigint,
    role_name character varying(64)
);


ALTER TABLE public.login_role OWNER TO skrupeladmin;

--
-- Name: login_role_id_seq; Type: SEQUENCE; Schema: public; Owner: skrupeladmin
--

ALTER TABLE public.login_role ALTER COLUMN id ADD GENERATED BY DEFAULT AS IDENTITY (
    SEQUENCE NAME public.login_role_id_seq
    START WITH 1
    INCREMENT BY 1
    NO MINVALUE
    NO MAXVALUE
    CACHE 1
);


--
-- Name: login_stats_faction; Type: TABLE; Schema: public; Owner: skrupeladmin
--

CREATE TABLE public.login_stats_faction (
    id bigint NOT NULL,
    login_id bigint,
    faction_id character varying(64),
    games_played integer DEFAULT 0,
    games_won integer DEFAULT 0,
    games_lost integer DEFAULT 0,
    games_created integer DEFAULT 0,
    planets_colonized integer DEFAULT 0,
    planets_conquered integer DEFAULT 0,
    planets_mined_out integer DEFAULT 0,
    planets_lost integer DEFAULT 0,
    ships_built integer DEFAULT 0,
    ships_destroyed integer DEFAULT 0,
    ships_captured integer DEFAULT 0,
    ships_lost integer DEFAULT 0,
    starbases_created integer DEFAULT 0,
    starbases_conquered integer DEFAULT 0,
    starbases_lost integer DEFAULT 0,
    starbases_maxed integer DEFAULT 0
);


ALTER TABLE public.login_stats_faction OWNER TO skrupeladmin;

--
-- Name: login_stats_faction_id_seq; Type: SEQUENCE; Schema: public; Owner: skrupeladmin
--

ALTER TABLE public.login_stats_faction ALTER COLUMN id ADD GENERATED BY DEFAULT AS IDENTITY (
    SEQUENCE NAME public.login_stats_faction_id_seq
    START WITH 1
    INCREMENT BY 1
    NO MINVALUE
    NO MAXVALUE
    CACHE 1
);


--
-- Name: match_making_criteria_item; Type: TABLE; Schema: public; Owner: skrupeladmin
--

CREATE TABLE public.match_making_criteria_item (
    id bigint NOT NULL,
    match_making_entry_id bigint,
    type character varying(64),
    value character varying(128)
);


ALTER TABLE public.match_making_criteria_item OWNER TO skrupeladmin;

--
-- Name: match_making_criteria_item_id_seq; Type: SEQUENCE; Schema: public; Owner: skrupeladmin
--

ALTER TABLE public.match_making_criteria_item ALTER COLUMN id ADD GENERATED BY DEFAULT AS IDENTITY (
    SEQUENCE NAME public.match_making_criteria_item_id_seq
    START WITH 1
    INCREMENT BY 1
    NO MINVALUE
    NO MAXVALUE
    CACHE 1
);


--
-- Name: match_making_entry; Type: TABLE; Schema: public; Owner: skrupeladmin
--

CREATE TABLE public.match_making_entry (
    id bigint NOT NULL,
    created timestamp without time zone,
    login_id bigint,
    faction_id character varying(64),
    active boolean DEFAULT false
);


ALTER TABLE public.match_making_entry OWNER TO skrupeladmin;

--
-- Name: match_making_entry_id_seq; Type: SEQUENCE; Schema: public; Owner: skrupeladmin
--

ALTER TABLE public.match_making_entry ALTER COLUMN id ADD GENERATED BY DEFAULT AS IDENTITY (
    SEQUENCE NAME public.match_making_entry_id_seq
    START WITH 1
    INCREMENT BY 1
    NO MINVALUE
    NO MAXVALUE
    CACHE 1
);


--
-- Name: mine_field; Type: TABLE; Schema: public; Owner: skrupeladmin
--

CREATE TABLE public.mine_field (
    id bigint NOT NULL,
    x integer,
    y integer,
    game_id bigint,
    player_id bigint,
    mines integer,
    level integer
);


ALTER TABLE public.mine_field OWNER TO skrupeladmin;

--
-- Name: mine_field_id_seq; Type: SEQUENCE; Schema: public; Owner: skrupeladmin
--

ALTER TABLE public.mine_field ALTER COLUMN id ADD GENERATED BY DEFAULT AS IDENTITY (
    SEQUENCE NAME public.mine_field_id_seq
    START WITH 1
    INCREMENT BY 1
    NO MINVALUE
    NO MAXVALUE
    CACHE 1
);


--
-- Name: mineral_race_player_progress_notification; Type: TABLE; Schema: public; Owner: skrupeladmin
--

CREATE TABLE public.mineral_race_player_progress_notification (
    id bigint NOT NULL,
    player_id bigint,
    last_notified_progress double precision DEFAULT 0
);


ALTER TABLE public.mineral_race_player_progress_notification OWNER TO skrupeladmin;

--
-- Name: mineral_race_player_progress_notification_id_seq; Type: SEQUENCE; Schema: public; Owner: skrupeladmin
--

ALTER TABLE public.mineral_race_player_progress_notification ALTER COLUMN id ADD GENERATED BY DEFAULT AS IDENTITY (
    SEQUENCE NAME public.mineral_race_player_progress_notification_id_seq
    START WITH 1
    INCREMENT BY 1
    NO MINVALUE
    NO MAXVALUE
    CACHE 1
);


--
-- Name: native_species; Type: TABLE; Schema: public; Owner: skrupeladmin
--

CREATE TABLE public.native_species (
    id bigint NOT NULL,
    name character varying(32),
    type character varying(32),
    image character varying(32),
    effect character varying(64),
    tax double precision,
    effect_value double precision
);


ALTER TABLE public.native_species OWNER TO skrupeladmin;

--
-- Name: native_species_id_seq; Type: SEQUENCE; Schema: public; Owner: skrupeladmin
--

ALTER TABLE public.native_species ALTER COLUMN id ADD GENERATED BY DEFAULT AS IDENTITY (
    SEQUENCE NAME public.native_species_id_seq
    START WITH 1
    INCREMENT BY 1
    NO MINVALUE
    NO MAXVALUE
    CACHE 1
);


--
-- Name: news_entry; Type: TABLE; Schema: public; Owner: skrupeladmin
--

CREATE TABLE public.news_entry (
    id bigint NOT NULL,
    player_id bigint,
    game_id bigint,
    image character varying(128),
    date timestamp without time zone,
    delete boolean DEFAULT true,
    template character varying(128),
    click_target_id bigint,
    click_target_type character varying(128)
);


ALTER TABLE public.news_entry OWNER TO skrupeladmin;

--
-- Name: news_entry_argument; Type: TABLE; Schema: public; Owner: skrupeladmin
--

CREATE TABLE public.news_entry_argument (
    id bigint NOT NULL,
    news_entry_id bigint,
    value text
);


ALTER TABLE public.news_entry_argument OWNER TO skrupeladmin;

--
-- Name: news_entry_argument_id_seq; Type: SEQUENCE; Schema: public; Owner: skrupeladmin
--

ALTER TABLE public.news_entry_argument ALTER COLUMN id ADD GENERATED BY DEFAULT AS IDENTITY (
    SEQUENCE NAME public.news_entry_argument_id_seq
    START WITH 1
    INCREMENT BY 1
    NO MINVALUE
    NO MAXVALUE
    CACHE 1
);


--
-- Name: news_entry_id_seq; Type: SEQUENCE; Schema: public; Owner: skrupeladmin
--

ALTER TABLE public.news_entry ALTER COLUMN id ADD GENERATED BY DEFAULT AS IDENTITY (
    SEQUENCE NAME public.news_entry_id_seq
    START WITH 1
    INCREMENT BY 1
    NO MINVALUE
    NO MAXVALUE
    CACHE 1
);


--
-- Name: notification; Type: TABLE; Schema: public; Owner: skrupeladmin
--

CREATE TABLE public.notification (
    id bigint NOT NULL,
    created timestamp without time zone,
    login_id bigint,
    read boolean DEFAULT false,
    message character varying(1024),
    link character varying(512),
    desktop boolean DEFAULT false,
    is_new boolean DEFAULT false
);


ALTER TABLE public.notification OWNER TO skrupeladmin;

--
-- Name: notification_id_seq; Type: SEQUENCE; Schema: public; Owner: skrupeladmin
--

ALTER TABLE public.notification ALTER COLUMN id ADD GENERATED BY DEFAULT AS IDENTITY (
    SEQUENCE NAME public.notification_id_seq
    START WITH 1
    INCREMENT BY 1
    NO MINVALUE
    NO MAXVALUE
    CACHE 1
);


--
-- Name: orbital_combat_log_entry; Type: TABLE; Schema: public; Owner: skrupeladmin
--

CREATE TABLE public.orbital_combat_log_entry (
    id bigint NOT NULL,
    news_entry_id bigint,
    planet_id bigint,
    for_planet_player boolean DEFAULT false,
    initial_orbital_defense_percentage integer DEFAULT 0,
    remaining_orbital_defense_percentage integer DEFAULT 0,
    destroyed boolean DEFAULT false,
    ship_name character varying(128),
    ship_template_id character varying(128),
    propulsion_system_template_name character varying(128),
    energy_weapon_template_name character varying(128),
    projectile_weapon_template_name character varying(128),
    ship_id bigint
);


ALTER TABLE public.orbital_combat_log_entry OWNER TO skrupeladmin;

--
-- Name: orbital_combat_log_entry_id_seq; Type: SEQUENCE; Schema: public; Owner: skrupeladmin
--

ALTER TABLE public.orbital_combat_log_entry ALTER COLUMN id ADD GENERATED BY DEFAULT AS IDENTITY (
    SEQUENCE NAME public.orbital_combat_log_entry_id_seq
    START WITH 1
    INCREMENT BY 1
    NO MINVALUE
    NO MAXVALUE
    CACHE 1
);


--
-- Name: orbital_system; Type: TABLE; Schema: public; Owner: skrupeladmin
--

CREATE TABLE public.orbital_system (
    id bigint NOT NULL,
    planet_id bigint,
    type character varying(128)
);


ALTER TABLE public.orbital_system OWNER TO skrupeladmin;

--
-- Name: orbital_system_id_seq; Type: SEQUENCE; Schema: public; Owner: skrupeladmin
--

ALTER TABLE public.orbital_system ALTER COLUMN id ADD GENERATED BY DEFAULT AS IDENTITY (
    SEQUENCE NAME public.orbital_system_id_seq
    START WITH 1
    INCREMENT BY 1
    NO MINVALUE
    NO MAXVALUE
    CACHE 1
);


--
-- Name: planet; Type: TABLE; Schema: public; Owner: skrupeladmin
--

CREATE TABLE public.planet (
    id bigint NOT NULL,
    game_id bigint,
    name character varying(64),
    x integer,
    y integer,
    type character varying(64),
    temperature integer,
    money integer,
    fuel integer,
    mineral1 integer,
    mineral2 integer,
    mineral3 integer,
    image character varying(16),
    player_id bigint,
    log character varying(256),
    starbase_id bigint,
    colonists integer,
    supplies integer,
    mines integer,
    auto_build_mines boolean DEFAULT false,
    factories integer,
    auto_build_factories boolean DEFAULT false,
    auto_sell_supplies boolean DEFAULT false,
    planetary_defense integer,
    auto_build_planetary_defense boolean DEFAULT false,
    light_ground_units integer,
    heavy_ground_units integer,
    untapped_fuel integer,
    untapped_mineral1 integer,
    untapped_mineral2 integer,
    untapped_mineral3 integer,
    necessary_mines_for_one_fuel integer,
    necessary_mines_for_one_mineral1 integer,
    necessary_mines_for_one_mineral2 integer,
    necessary_mines_for_one_mineral3 integer,
    new_colonists integer,
    new_light_ground_units integer,
    new_heavy_ground_units integer,
    new_player_id bigint,
    native_species_id bigint,
    native_species_count integer,
    starbase_under_construction_type character varying(32),
    starbase_under_construction_name character varying(64),
    scan_radius integer,
    light_ground_units_production integer DEFAULT 0,
    heavy_ground_units_production integer DEFAULT 0,
    artifact_type character varying(32)
);


ALTER TABLE public.planet OWNER TO skrupeladmin;

--
-- Name: planet_id_seq; Type: SEQUENCE; Schema: public; Owner: skrupeladmin
--

ALTER TABLE public.planet ALTER COLUMN id ADD GENERATED BY DEFAULT AS IDENTITY (
    SEQUENCE NAME public.planet_id_seq
    START WITH 1
    INCREMENT BY 1
    NO MINVALUE
    NO MAXVALUE
    CACHE 1
);


--
-- Name: planet_name; Type: TABLE; Schema: public; Owner: skrupeladmin
--

CREATE TABLE public.planet_name (
    name character varying(128) NOT NULL
);


ALTER TABLE public.planet_name OWNER TO skrupeladmin;

--
-- Name: planet_type; Type: TABLE; Schema: public; Owner: skrupeladmin
--

CREATE TABLE public.planet_type (
    id character varying(4) NOT NULL,
    image_prefix character varying(4),
    image_count integer,
    min_temperature integer,
    max_temperature integer
);


ALTER TABLE public.planet_type OWNER TO skrupeladmin;

--
-- Name: plasma_storm; Type: TABLE; Schema: public; Owner: skrupeladmin
--

CREATE TABLE public.plasma_storm (
    id bigint NOT NULL,
    x integer,
    y integer,
    game_id bigint,
    rounds_left integer,
    storm_id bigint
);


ALTER TABLE public.plasma_storm OWNER TO skrupeladmin;

--
-- Name: plasma_storm_id_seq; Type: SEQUENCE; Schema: public; Owner: skrupeladmin
--

ALTER TABLE public.plasma_storm ALTER COLUMN id ADD GENERATED BY DEFAULT AS IDENTITY (
    SEQUENCE NAME public.plasma_storm_id_seq
    START WITH 1
    INCREMENT BY 1
    NO MINVALUE
    NO MAXVALUE
    CACHE 1
);


--
-- Name: player; Type: TABLE; Schema: public; Owner: skrupeladmin
--

CREATE TABLE public.player (
    id bigint NOT NULL,
    turn_finished boolean DEFAULT false,
    login_id bigint,
    faction_id character varying(64),
    color character varying(6),
    game_id bigint,
    ai_level character varying(16),
    home_planet_id bigint,
    has_lost boolean DEFAULT false,
    overview_viewed boolean DEFAULT false,
    news_viewed boolean DEFAULT false,
    background_ai_agent boolean DEFAULT false,
    victory_points integer DEFAULT 0,
    last_round_new_colonies integer DEFAULT 0,
    last_round_new_ships integer DEFAULT 0,
    last_round_new_starbases integer DEFAULT 0,
    last_round_destroyed_ships integer DEFAULT 0,
    last_round_lost_ships integer DEFAULT 0,
    last_finished_round integer,
    team_id bigint
);


ALTER TABLE public.player OWNER TO skrupeladmin;

--
-- Name: player_death_foe; Type: TABLE; Schema: public; Owner: skrupeladmin
--

CREATE TABLE public.player_death_foe (
    id bigint NOT NULL,
    player_id bigint,
    death_foe_id bigint
);


ALTER TABLE public.player_death_foe OWNER TO skrupeladmin;

--
-- Name: player_death_foe_id_seq; Type: SEQUENCE; Schema: public; Owner: skrupeladmin
--

ALTER TABLE public.player_death_foe ALTER COLUMN id ADD GENERATED BY DEFAULT AS IDENTITY (
    SEQUENCE NAME public.player_death_foe_id_seq
    START WITH 1
    INCREMENT BY 1
    NO MINVALUE
    NO MAXVALUE
    CACHE 1
);


--
-- Name: player_encounter; Type: TABLE; Schema: public; Owner: skrupeladmin
--

CREATE TABLE public.player_encounter (
    id bigint NOT NULL,
    player1_id bigint,
    player2_id bigint
);


ALTER TABLE public.player_encounter OWNER TO skrupeladmin;

--
-- Name: player_encounter_id_seq; Type: SEQUENCE; Schema: public; Owner: skrupeladmin
--

ALTER TABLE public.player_encounter ALTER COLUMN id ADD GENERATED BY DEFAULT AS IDENTITY (
    SEQUENCE NAME public.player_encounter_id_seq
    START WITH 1
    INCREMENT BY 1
    NO MINVALUE
    NO MAXVALUE
    CACHE 1
);


--
-- Name: player_id_seq; Type: SEQUENCE; Schema: public; Owner: skrupeladmin
--

ALTER TABLE public.player ALTER COLUMN id ADD GENERATED BY DEFAULT AS IDENTITY (
    SEQUENCE NAME public.player_id_seq
    START WITH 1
    INCREMENT BY 1
    NO MINVALUE
    NO MAXVALUE
    CACHE 1
);


--
-- Name: player_message; Type: TABLE; Schema: public; Owner: skrupeladmin
--

CREATE TABLE public.player_message (
    id bigint NOT NULL,
    to_id bigint,
    from_id bigint,
    date timestamp without time zone,
    subject character varying(128),
    message text,
    read boolean DEFAULT false
);


ALTER TABLE public.player_message OWNER TO skrupeladmin;

--
-- Name: player_message_id_seq; Type: SEQUENCE; Schema: public; Owner: skrupeladmin
--

ALTER TABLE public.player_message ALTER COLUMN id ADD GENERATED BY DEFAULT AS IDENTITY (
    SEQUENCE NAME public.player_message_id_seq
    START WITH 1
    INCREMENT BY 1
    NO MINVALUE
    NO MAXVALUE
    CACHE 1
);


--
-- Name: player_planet_scan_log; Type: TABLE; Schema: public; Owner: skrupeladmin
--

CREATE TABLE public.player_planet_scan_log (
    id bigint NOT NULL,
    player_id bigint,
    planet_id bigint,
    last_player_color character varying(16),
    had_starbase boolean DEFAULT false,
    last_scan_round integer DEFAULT 0,
    scanned_temperature integer DEFAULT 0,
    scanned_natives_count integer DEFAULT 0,
    scanned_native_species_id bigint,
    scanned_colonists integer DEFAULT 0,
    scanned_mines integer DEFAULT 0,
    scanned_factories integer DEFAULT 0,
    scanned_planetary_defense integer DEFAULT 0,
    scanned_untapped_fuel integer DEFAULT 0,
    scanned_untapped_mineral1 integer DEFAULT 0,
    scanned_untapped_mineral2 integer DEFAULT 0,
    scanned_untapped_mineral3 integer DEFAULT 0,
    scanned_fuel integer DEFAULT 0,
    scanned_mineral1 integer DEFAULT 0,
    scanned_mineral2 integer DEFAULT 0,
    scanned_mineral3 integer DEFAULT 0,
    scanned_light_ground_units integer DEFAULT 0,
    scanned_heavy_ground_units integer DEFAULT 0
);


ALTER TABLE public.player_planet_scan_log OWNER TO skrupeladmin;

--
-- Name: player_planet_scan_log_id_seq; Type: SEQUENCE; Schema: public; Owner: skrupeladmin
--

ALTER TABLE public.player_planet_scan_log ALTER COLUMN id ADD GENERATED BY DEFAULT AS IDENTITY (
    SEQUENCE NAME public.player_planet_scan_log_id_seq
    START WITH 1
    INCREMENT BY 1
    NO MINVALUE
    NO MAXVALUE
    CACHE 1
);


--
-- Name: player_relation; Type: TABLE; Schema: public; Owner: skrupeladmin
--

CREATE TABLE public.player_relation (
    id bigint NOT NULL,
    player1_id bigint,
    player2_id bigint,
    type character varying(64),
    rounds_left integer DEFAULT '-1'::integer
);


ALTER TABLE public.player_relation OWNER TO skrupeladmin;

--
-- Name: player_relation_id_seq; Type: SEQUENCE; Schema: public; Owner: skrupeladmin
--

ALTER TABLE public.player_relation ALTER COLUMN id ADD GENERATED BY DEFAULT AS IDENTITY (
    SEQUENCE NAME public.player_relation_id_seq
    START WITH 1
    INCREMENT BY 1
    NO MINVALUE
    NO MAXVALUE
    CACHE 1
);


--
-- Name: player_relation_request; Type: TABLE; Schema: public; Owner: skrupeladmin
--

CREATE TABLE public.player_relation_request (
    id bigint NOT NULL,
    requesting_player_id bigint,
    other_player_id bigint,
    type character varying(64)
);


ALTER TABLE public.player_relation_request OWNER TO skrupeladmin;

--
-- Name: player_relation_request_id_seq; Type: SEQUENCE; Schema: public; Owner: skrupeladmin
--

ALTER TABLE public.player_relation_request ALTER COLUMN id ADD GENERATED BY DEFAULT AS IDENTITY (
    SEQUENCE NAME public.player_relation_request_id_seq
    START WITH 1
    INCREMENT BY 1
    NO MINVALUE
    NO MAXVALUE
    CACHE 1
);


--
-- Name: player_round_stats; Type: TABLE; Schema: public; Owner: skrupeladmin
--

CREATE TABLE public.player_round_stats (
    id bigint NOT NULL,
    player_id bigint,
    round integer DEFAULT 0,
    colonists integer DEFAULT 0,
    money integer DEFAULT 0,
    supplies integer DEFAULT 0,
    fuel integer DEFAULT 0,
    mineral1 integer DEFAULT 0,
    mineral2 integer DEFAULT 0,
    mineral3 integer DEFAULT 0,
    colonies integer DEFAULT 0,
    starbases integer DEFAULT 0,
    ships integer DEFAULT 0
);


ALTER TABLE public.player_round_stats OWNER TO skrupeladmin;

--
-- Name: player_round_stats_id_seq; Type: SEQUENCE; Schema: public; Owner: skrupeladmin
--

ALTER TABLE public.player_round_stats ALTER COLUMN id ADD GENERATED BY DEFAULT AS IDENTITY (
    SEQUENCE NAME public.player_round_stats_id_seq
    START WITH 1
    INCREMENT BY 1
    NO MINVALUE
    NO MAXVALUE
    CACHE 1
);


--
-- Name: player_starbase_scan_log; Type: TABLE; Schema: public; Owner: skrupeladmin
--

CREATE TABLE public.player_starbase_scan_log (
    id bigint NOT NULL,
    player_id bigint,
    starbase_id bigint,
    last_scan_round integer DEFAULT 0
);


ALTER TABLE public.player_starbase_scan_log OWNER TO skrupeladmin;

--
-- Name: player_starbase_scan_log_id_seq; Type: SEQUENCE; Schema: public; Owner: skrupeladmin
--

ALTER TABLE public.player_starbase_scan_log ALTER COLUMN id ADD GENERATED BY DEFAULT AS IDENTITY (
    SEQUENCE NAME public.player_starbase_scan_log_id_seq
    START WITH 1
    INCREMENT BY 1
    NO MINVALUE
    NO MAXVALUE
    CACHE 1
);


--
-- Name: player_worm_hole_visit; Type: TABLE; Schema: public; Owner: skrupeladmin
--

CREATE TABLE public.player_worm_hole_visit (
    id bigint NOT NULL,
    player_id bigint,
    worm_hole_id bigint
);


ALTER TABLE public.player_worm_hole_visit OWNER TO skrupeladmin;

--
-- Name: player_worm_hole_visit_id_seq; Type: SEQUENCE; Schema: public; Owner: skrupeladmin
--

ALTER TABLE public.player_worm_hole_visit ALTER COLUMN id ADD GENERATED BY DEFAULT AS IDENTITY (
    SEQUENCE NAME public.player_worm_hole_visit_id_seq
    START WITH 1
    INCREMENT BY 1
    NO MINVALUE
    NO MAXVALUE
    CACHE 1
);


--
-- Name: propulsion_system_template; Type: TABLE; Schema: public; Owner: skrupeladmin
--

CREATE TABLE public.propulsion_system_template (
    name character varying(128) NOT NULL,
    tech_level integer,
    warp_speed integer,
    cost_money integer,
    cost_mineral1 integer,
    cost_mineral2 integer,
    cost_mineral3 integer
);


ALTER TABLE public.propulsion_system_template OWNER TO skrupeladmin;

--
-- Name: ship; Type: TABLE; Schema: public; Owner: skrupeladmin
--

CREATE TABLE public.ship (
    id bigint NOT NULL,
    name character varying(128),
    x integer,
    y integer,
    player_id bigint,
    planet_id bigint,
    ship_template_id character varying(128),
    propulsion_system_template_name character varying(128),
    energy_weapon_template_name character varying(128),
    projectile_weapon_template_name character varying(128),
    aggressiveness integer,
    damage integer,
    shield integer,
    crew integer,
    fuel integer,
    colonists integer,
    money integer,
    mineral1 integer,
    mineral2 integer,
    mineral3 integer,
    supplies integer,
    light_ground_units integer,
    heavy_ground_units integer,
    projectiles integer,
    experience integer,
    destination_x integer DEFAULT '-1'::integer,
    destination_y integer DEFAULT '-1'::integer,
    last_x integer DEFAULT '-1'::integer,
    last_y integer DEFAULT '-1'::integer,
    travel_speed integer DEFAULT 0,
    destination_ship_id bigint,
    log character varying(256),
    active_ability_id bigint,
    task_type character varying(64) DEFAULT 'NONE'::character varying,
    task_value character varying(256),
    cloaked boolean DEFAULT false,
    scan_radius integer,
    creation_x integer,
    creation_y integer,
    tactics character varying(32),
    auto_build_projectiles boolean DEFAULT false,
    route_min_fuel integer DEFAULT 0,
    route_primary_resource character varying(32),
    current_route_entry_id bigint,
    route_travel_speed integer DEFAULT 0,
    hunter_training_months integer DEFAULT 0,
    pre_plasma_storm_travel_speed integer DEFAULT 0,
    ship_module character varying(32),
    fleet_id bigint,
    distance_travelled double precision DEFAULT 0,
    route_disabled boolean DEFAULT false
);


ALTER TABLE public.ship OWNER TO skrupeladmin;

--
-- Name: ship_ability; Type: TABLE; Schema: public; Owner: skrupeladmin
--

CREATE TABLE public.ship_ability (
    id bigint NOT NULL,
    type character varying(64),
    ship_template_id character varying(128)
);


ALTER TABLE public.ship_ability OWNER TO skrupeladmin;

--
-- Name: ship_ability_id_seq; Type: SEQUENCE; Schema: public; Owner: skrupeladmin
--

ALTER TABLE public.ship_ability ALTER COLUMN id ADD GENERATED BY DEFAULT AS IDENTITY (
    SEQUENCE NAME public.ship_ability_id_seq
    START WITH 1
    INCREMENT BY 1
    NO MINVALUE
    NO MAXVALUE
    CACHE 1
);


--
-- Name: ship_ability_value; Type: TABLE; Schema: public; Owner: skrupeladmin
--

CREATE TABLE public.ship_ability_value (
    ship_ability_id bigint,
    name character varying(64),
    value character varying(16)
);


ALTER TABLE public.ship_ability_value OWNER TO skrupeladmin;

--
-- Name: ship_id_seq; Type: SEQUENCE; Schema: public; Owner: skrupeladmin
--

ALTER TABLE public.ship ALTER COLUMN id ADD GENERATED BY DEFAULT AS IDENTITY (
    SEQUENCE NAME public.ship_id_seq
    START WITH 1
    INCREMENT BY 1
    NO MINVALUE
    NO MAXVALUE
    CACHE 1
);


--
-- Name: ship_route_entry; Type: TABLE; Schema: public; Owner: skrupeladmin
--

CREATE TABLE public.ship_route_entry (
    id bigint NOT NULL,
    ship_id bigint,
    planet_id bigint,
    order_id integer,
    wait_for_full_storage boolean,
    money_action character varying(16),
    supply_action character varying(16),
    fuel_action character varying(16),
    mineral1_action character varying(16),
    mineral2_action character varying(16),
    mineral3_action character varying(16)
);


ALTER TABLE public.ship_route_entry OWNER TO skrupeladmin;

--
-- Name: ship_route_entry_id_seq; Type: SEQUENCE; Schema: public; Owner: skrupeladmin
--

ALTER TABLE public.ship_route_entry ALTER COLUMN id ADD GENERATED BY DEFAULT AS IDENTITY (
    SEQUENCE NAME public.ship_route_entry_id_seq
    START WITH 1
    INCREMENT BY 1
    NO MINVALUE
    NO MAXVALUE
    CACHE 1
);


--
-- Name: ship_template; Type: TABLE; Schema: public; Owner: skrupeladmin
--

CREATE TABLE public.ship_template (
    id character varying(128) NOT NULL,
    faction_id character varying(64),
    tech_level integer,
    image character varying(128),
    crew integer,
    mass integer,
    fuel_capacity integer,
    storage_space integer,
    propulsion_systems_count integer,
    energy_weapons_count integer,
    projectile_weapons_count integer,
    hangar_capacity integer,
    cost_money integer,
    cost_mineral1 integer,
    cost_mineral2 integer,
    cost_mineral3 integer
);


ALTER TABLE public.ship_template OWNER TO skrupeladmin;

--
-- Name: shock_wave_destruction_log_entry; Type: TABLE; Schema: public; Owner: skrupeladmin
--

CREATE TABLE public.shock_wave_destruction_log_entry (
    id bigint NOT NULL,
    news_entry_id bigint,
    ship_name character varying(128),
    ship_template_id character varying(128),
    damage integer,
    destroyed boolean DEFAULT false,
    ship_id bigint
);


ALTER TABLE public.shock_wave_destruction_log_entry OWNER TO skrupeladmin;

--
-- Name: shock_wave_destruction_log_entry_id_seq; Type: SEQUENCE; Schema: public; Owner: skrupeladmin
--

ALTER TABLE public.shock_wave_destruction_log_entry ALTER COLUMN id ADD GENERATED BY DEFAULT AS IDENTITY (
    SEQUENCE NAME public.shock_wave_destruction_log_entry_id_seq
    START WITH 1
    INCREMENT BY 1
    NO MINVALUE
    NO MAXVALUE
    CACHE 1
);


--
-- Name: small_meteor_log_entry; Type: TABLE; Schema: public; Owner: skrupeladmin
--

CREATE TABLE public.small_meteor_log_entry (
    id bigint NOT NULL,
    news_entry_id bigint,
    planet_id bigint,
    fuel integer,
    mineral1 integer,
    mineral2 integer,
    mineral3 integer
);


ALTER TABLE public.small_meteor_log_entry OWNER TO skrupeladmin;

--
-- Name: small_meteor_log_entry_id_seq; Type: SEQUENCE; Schema: public; Owner: skrupeladmin
--

ALTER TABLE public.small_meteor_log_entry ALTER COLUMN id ADD GENERATED BY DEFAULT AS IDENTITY (
    SEQUENCE NAME public.small_meteor_log_entry_id_seq
    START WITH 1
    INCREMENT BY 1
    NO MINVALUE
    NO MAXVALUE
    CACHE 1
);


--
-- Name: space_combat_log_entry; Type: TABLE; Schema: public; Owner: skrupeladmin
--

CREATE TABLE public.space_combat_log_entry (
    id bigint NOT NULL,
    news_entry_id bigint
);


ALTER TABLE public.space_combat_log_entry OWNER TO skrupeladmin;

--
-- Name: space_combat_log_entry_id_seq; Type: SEQUENCE; Schema: public; Owner: skrupeladmin
--

ALTER TABLE public.space_combat_log_entry ALTER COLUMN id ADD GENERATED BY DEFAULT AS IDENTITY (
    SEQUENCE NAME public.space_combat_log_entry_id_seq
    START WITH 1
    INCREMENT BY 1
    NO MINVALUE
    NO MAXVALUE
    CACHE 1
);


--
-- Name: space_combat_log_entry_item; Type: TABLE; Schema: public; Owner: skrupeladmin
--

CREATE TABLE public.space_combat_log_entry_item (
    id bigint NOT NULL,
    space_combat_log_entry_id bigint,
    enemy boolean DEFAULT false,
    destroyed boolean DEFAULT false,
    ship_name character varying(128),
    ship_template_id character varying(128),
    propulsion_system_template_name character varying(128),
    energy_weapon_template_name character varying(128),
    projectile_weapon_template_name character varying(128),
    captured boolean DEFAULT false,
    ship_id bigint
);


ALTER TABLE public.space_combat_log_entry_item OWNER TO skrupeladmin;

--
-- Name: space_combat_log_entry_item_id_seq; Type: SEQUENCE; Schema: public; Owner: skrupeladmin
--

ALTER TABLE public.space_combat_log_entry_item ALTER COLUMN id ADD GENERATED BY DEFAULT AS IDENTITY (
    SEQUENCE NAME public.space_combat_log_entry_item_id_seq
    START WITH 1
    INCREMENT BY 1
    NO MINVALUE
    NO MAXVALUE
    CACHE 1
);


--
-- Name: space_fold; Type: TABLE; Schema: public; Owner: skrupeladmin
--

CREATE TABLE public.space_fold (
    id bigint NOT NULL,
    game_id bigint,
    x integer,
    y integer,
    money integer,
    supplies integer,
    fuel integer,
    mineral1 integer,
    mineral2 integer,
    mineral3 integer,
    ship_id bigint,
    planet_id bigint
);


ALTER TABLE public.space_fold OWNER TO skrupeladmin;

--
-- Name: space_fold_id_seq; Type: SEQUENCE; Schema: public; Owner: skrupeladmin
--

ALTER TABLE public.space_fold ALTER COLUMN id ADD GENERATED BY DEFAULT AS IDENTITY (
    SEQUENCE NAME public.space_fold_id_seq
    START WITH 1
    INCREMENT BY 1
    NO MINVALUE
    NO MAXVALUE
    CACHE 1
);


--
-- Name: starbase; Type: TABLE; Schema: public; Owner: skrupeladmin
--

CREATE TABLE public.starbase (
    id bigint NOT NULL,
    type character varying(32),
    name character varying(64),
    log character varying(256),
    defense integer DEFAULT 0,
    hull_level integer DEFAULT 0,
    propulsion_level integer DEFAULT 0,
    energy_level integer DEFAULT 0,
    projectile_level integer DEFAULT 0
);


ALTER TABLE public.starbase OWNER TO skrupeladmin;

--
-- Name: starbase_hull_stock; Type: TABLE; Schema: public; Owner: skrupeladmin
--

CREATE TABLE public.starbase_hull_stock (
    id bigint NOT NULL,
    starbase_id bigint,
    ship_template_id character varying(128),
    stock integer
);


ALTER TABLE public.starbase_hull_stock OWNER TO skrupeladmin;

--
-- Name: starbase_hull_stock_id_seq; Type: SEQUENCE; Schema: public; Owner: skrupeladmin
--

ALTER TABLE public.starbase_hull_stock ALTER COLUMN id ADD GENERATED BY DEFAULT AS IDENTITY (
    SEQUENCE NAME public.starbase_hull_stock_id_seq
    START WITH 1
    INCREMENT BY 1
    NO MINVALUE
    NO MAXVALUE
    CACHE 1
);


--
-- Name: starbase_id_seq; Type: SEQUENCE; Schema: public; Owner: skrupeladmin
--

ALTER TABLE public.starbase ALTER COLUMN id ADD GENERATED BY DEFAULT AS IDENTITY (
    SEQUENCE NAME public.starbase_id_seq
    START WITH 1
    INCREMENT BY 1
    NO MINVALUE
    NO MAXVALUE
    CACHE 1
);


--
-- Name: starbase_propulsion_stock; Type: TABLE; Schema: public; Owner: skrupeladmin
--

CREATE TABLE public.starbase_propulsion_stock (
    id bigint NOT NULL,
    starbase_id bigint,
    propulsion_system_template_name character varying(128),
    stock integer
);


ALTER TABLE public.starbase_propulsion_stock OWNER TO skrupeladmin;

--
-- Name: starbase_propulsion_stock_id_seq; Type: SEQUENCE; Schema: public; Owner: skrupeladmin
--

ALTER TABLE public.starbase_propulsion_stock ALTER COLUMN id ADD GENERATED BY DEFAULT AS IDENTITY (
    SEQUENCE NAME public.starbase_propulsion_stock_id_seq
    START WITH 1
    INCREMENT BY 1
    NO MINVALUE
    NO MAXVALUE
    CACHE 1
);


--
-- Name: starbase_ship_construction_job; Type: TABLE; Schema: public; Owner: skrupeladmin
--

CREATE TABLE public.starbase_ship_construction_job (
    id bigint NOT NULL,
    ship_name character varying(128),
    starbase_id bigint,
    ship_template_id character varying(128),
    propulsion_system_template_name character varying(128),
    energy_weapon_template_name character varying(128),
    projectile_weapon_template_name character varying(128),
    ship_module character varying(32),
    fleet_id bigint
);


ALTER TABLE public.starbase_ship_construction_job OWNER TO skrupeladmin;

--
-- Name: starbase_ship_construction_job_id_seq; Type: SEQUENCE; Schema: public; Owner: skrupeladmin
--

ALTER TABLE public.starbase_ship_construction_job ALTER COLUMN id ADD GENERATED BY DEFAULT AS IDENTITY (
    SEQUENCE NAME public.starbase_ship_construction_job_id_seq
    START WITH 1
    INCREMENT BY 1
    NO MINVALUE
    NO MAXVALUE
    CACHE 1
);


--
-- Name: starbase_weapon_stock; Type: TABLE; Schema: public; Owner: skrupeladmin
--

CREATE TABLE public.starbase_weapon_stock (
    id bigint NOT NULL,
    starbase_id bigint,
    weapon_template_name character varying(128),
    stock integer
);


ALTER TABLE public.starbase_weapon_stock OWNER TO skrupeladmin;

--
-- Name: starbase_weapon_stock_id_seq; Type: SEQUENCE; Schema: public; Owner: skrupeladmin
--

ALTER TABLE public.starbase_weapon_stock ALTER COLUMN id ADD GENERATED BY DEFAULT AS IDENTITY (
    SEQUENCE NAME public.starbase_weapon_stock_id_seq
    START WITH 1
    INCREMENT BY 1
    NO MINVALUE
    NO MAXVALUE
    CACHE 1
);


--
-- Name: story_mode_campaign; Type: TABLE; Schema: public; Owner: skrupeladmin
--

CREATE TABLE public.story_mode_campaign (
    id bigint NOT NULL,
    login_id bigint,
    faction_id character varying(64),
    highest_unlocked_mission integer DEFAULT 0,
    highest_completed_mission integer DEFAULT 0,
    mission_count integer DEFAULT 3,
    sort_order integer DEFAULT 0
);


ALTER TABLE public.story_mode_campaign OWNER TO skrupeladmin;

--
-- Name: story_mode_campaign_id_seq; Type: SEQUENCE; Schema: public; Owner: skrupeladmin
--

ALTER TABLE public.story_mode_campaign ALTER COLUMN id ADD GENERATED BY DEFAULT AS IDENTITY (
    SEQUENCE NAME public.story_mode_campaign_id_seq
    START WITH 1
    INCREMENT BY 1
    NO MINVALUE
    NO MAXVALUE
    CACHE 1
);


--
-- Name: team; Type: TABLE; Schema: public; Owner: skrupeladmin
--

CREATE TABLE public.team (
    id bigint NOT NULL,
    name character varying(64),
    game_id bigint
);


ALTER TABLE public.team OWNER TO skrupeladmin;

--
-- Name: team_id_seq; Type: SEQUENCE; Schema: public; Owner: skrupeladmin
--

ALTER TABLE public.team ALTER COLUMN id ADD GENERATED BY DEFAULT AS IDENTITY (
    SEQUENCE NAME public.team_id_seq
    START WITH 1
    INCREMENT BY 1
    NO MINVALUE
    NO MAXVALUE
    CACHE 1
);


--
-- Name: weapon_template; Type: TABLE; Schema: public; Owner: skrupeladmin
--

CREATE TABLE public.weapon_template (
    name character varying(128) NOT NULL,
    tech_level integer,
    uses_projectiles boolean DEFAULT false,
    cost_money integer,
    cost_mineral1 integer,
    cost_mineral2 integer,
    cost_mineral3 integer,
    damage_index integer
);


ALTER TABLE public.weapon_template OWNER TO skrupeladmin;

--
-- Name: worm_hole; Type: TABLE; Schema: public; Owner: skrupeladmin
--

CREATE TABLE public.worm_hole (
    id bigint NOT NULL,
    x integer,
    y integer,
    type character varying(64),
    game_id bigint,
    connection_id bigint,
    ship_id bigint
);


ALTER TABLE public.worm_hole OWNER TO skrupeladmin;

--
-- Name: worm_hole_id_seq; Type: SEQUENCE; Schema: public; Owner: skrupeladmin
--

ALTER TABLE public.worm_hole ALTER COLUMN id ADD GENERATED BY DEFAULT AS IDENTITY (
    SEQUENCE NAME public.worm_hole_id_seq
    START WITH 1
    INCREMENT BY 1
    NO MINVALUE
    NO MAXVALUE
    CACHE 1
);


--
-- Data for Name: achievement; Type: TABLE DATA; Schema: public; Owner: skrupeladmin
--

COPY public.achievement (id, earned_date, login_id, type) FROM stdin;
1	2020-08-15 16:51:36.316503	4	SHIPS_BUILT_1
2	2020-08-15 16:52:01.450893	1	SHIPS_BUILT_1
3	2020-08-15 18:16:14.824198	3	SHIPS_BUILT_1
4	2020-08-15 18:16:31.896299	3	PLANETS_COLONIZED_1
5	2020-08-15 20:22:50.244763	1	PLANETS_COLONIZED_1
6	2020-08-16 16:00:38.602531	2	SHIPS_BUILT_1
7	2021-05-04 18:33:02.910545	1	STARBASES_MAXED_1
8	2021-05-04 19:06:39.236376	1	SHIPS_BUILT_20
9	2021-05-08 10:31:07.451304	2	PLANETS_COLONIZED_1
10	2021-05-08 10:32:18.918189	1	SHIPS_DESTROYED_1
11	2021-05-09 17:19:45.793673	2	SHIPS_BUILT_20
12	2021-06-24 18:20:24.718126	4	PLANETS_COLONIZED_1
13	2021-08-08 09:01:03.236882	7	SHIPS_BUILT_1
14	2022-05-24 11:32:24.374534	1	SHIPS_BUILT_100
15	2022-05-27 13:27:09.729914	7	PLANETS_COLONIZED_1
\.


--
-- Data for Name: aquired_ship_template; Type: TABLE DATA; Schema: public; Owner: skrupeladmin
--

COPY public.aquired_ship_template (id, game_id, ship_template_id) FROM stdin;
\.


--
-- Data for Name: control_group; Type: TABLE DATA; Schema: public; Owner: skrupeladmin
--

COPY public.control_group (id, player_id, entity_id, type, hotkey) FROM stdin;
\.


--
-- Data for Name: data_privacy_statement; Type: TABLE DATA; Schema: public; Owner: skrupeladmin
--

COPY public.data_privacy_statement (id, language, text) FROM stdin;
\.


--
-- Data for Name: databasechangelog; Type: TABLE DATA; Schema: public; Owner: skrupeladmin
--

COPY public.databasechangelog (id, author, filename, dateexecuted, orderexecuted, exectype, md5sum, description, comments, tag, liquibase, contexts, labels, deployment_id) FROM stdin;
20180614-1943	rbleyl	db/changelog/changelog-20180614-1943.xml	2025-01-23 17:04:30.653069	1	EXECUTED	9:5464348b3de32f08cd8f59dd1bcf66d1	createTable tableName=login; addUniqueConstraint tableName=login		\N	4.28.0	\N	\N	7648270555
20180615-1003	rbleyl	db/changelog/changelog-20180615-1003.xml	2025-01-23 17:04:30.666816	2	EXECUTED	9:b884df6aedfc240bb5b6afedfcdad252	createTable tableName=login_role; addForeignKeyConstraint baseTableName=login_role, constraintName=fk_login_role_login_id, referencedTableName=login; createIndex indexName=idx_login_role_login_id, tableName=login_role		\N	4.28.0	\N	\N	7648270555
20180615-1325	rbleyl	db/changelog/changelog-20180615-1325.xml	2025-01-23 17:04:30.685909	3	EXECUTED	9:d141de1ed74f7d63e4f1472ce12f368a	createTable tableName=native_species; sql		\N	4.28.0	\N	\N	7648270555
20180615-1326	rbleyl	db/changelog/changelog-20180615-1326.xml	2025-01-23 17:04:30.693134	4	EXECUTED	9:0000cd7abeb4f443a48ba68ec803cbd2	createTable tableName=galaxy_config; sql		\N	4.28.0	\N	\N	7648270555
20180615-1327	rbleyl	db/changelog/changelog-20180615-1327.xml	2025-01-23 17:04:30.730289	5	EXECUTED	9:d4fe4ea57185110dd01c8cbf61391827	createTable tableName=game; addForeignKeyConstraint baseTableName=game, constraintName=fk_game_creator_id, referencedTableName=login; addForeignKeyConstraint baseTableName=game, constraintName=fk_game_galaxy_config_id, referencedTableName=galaxy_c...		\N	4.28.0	\N	\N	7648270555
20180616-1128	rbleyl	db/changelog/changelog-20180616-1128.xml	2025-01-23 17:04:30.769793	6	EXECUTED	9:dc73ca5d0c23ac0e679f9bc18187880a	createTable tableName=starbase; createTable tableName=planet; addForeignKeyConstraint baseTableName=planet, constraintName=fk_planet_game_id, referencedTableName=game; addForeignKeyConstraint baseTableName=planet, constraintName=fk_planet_player_i...		\N	4.28.0	\N	\N	7648270555
20180616-1351	rbleyl	db/changelog/changelog-20180616-1351.xml	2025-01-23 17:04:30.785842	7	EXECUTED	9:2dbc22b6c756c7aa219b3c5020d79ef2	createTable tableName=planet_name; sql		\N	4.28.0	\N	\N	7648270555
20180616-1450	rbleyl	db/changelog/changelog-20180616-1450.xml	2025-01-23 17:04:30.794016	8	EXECUTED	9:1fc74361c295f429b23ef9b64f7cd0e6	createTable tableName=planet_type; sql		\N	4.28.0	\N	\N	7648270555
20180624-1602	rbleyl	db/changelog/changelog-20180624-1602.xml	2025-01-23 17:04:30.833342	9	EXECUTED	9:46c0cd55c64b08755af305c362e607fe	createTable tableName=ship_template; addForeignKeyConstraint baseTableName=ship_template, constraintName=fk_ship_template_faction_id, referencedTableName=faction; createTable tableName=weapon_template; createTable tableName=propulsion_system_templ...		\N	4.28.0	\N	\N	7648270555
20180624-1628	rbleyl	db/changelog/changelog-20180624-1628.xml	2025-01-23 17:04:30.840873	10	EXECUTED	9:7b788a5804c3cf33cd9ae2095da3d1ec	sql; sql; sql		\N	4.28.0	\N	\N	7648270555
20180630-1328	rbleyl	db/changelog/changelog-20180630-1328.xml	2025-01-23 17:04:30.880873	11	EXECUTED	9:19ce9881a4c025332d6148b7cd3c9ed6	createTable tableName=starbase_ship_construction_job; addForeignKeyConstraint baseTableName=starbase_ship_construction_job, constraintName=fk_starbase_ship_construction_job_starbase_id, referencedTableName=starbase; addForeignKeyConstraint baseTab...		\N	4.28.0	\N	\N	7648270555
20180707-1914	rbleyl	db/changelog/changelog-20180707-1914.xml	2025-01-23 17:04:30.89383	12	EXECUTED	9:4fce7e02248a3e8eacec6f394e29e97a	createTable tableName=player_planet_scan_log; addForeignKeyConstraint baseTableName=player_planet_scan_log, constraintName=fk_player_planet_scan_log_player_id, referencedTableName=player; addForeignKeyConstraint baseTableName=player_planet_scan_lo...		\N	4.28.0	\N	\N	7648270555
20180708-1009	rbleyl	db/changelog/changelog-20180708-1009.xml	2025-01-23 17:04:30.906068	13	EXECUTED	9:a96eb324ae8be460eba4136ed8068a36	createTable tableName=orbital_system; addForeignKeyConstraint baseTableName=orbital_system, constraintName=fk_orbital_system_planet_id, referencedTableName=planet; createIndex indexName=idx_orbital_system_planet_id, tableName=orbital_system		\N	4.28.0	\N	\N	7648270555
20180728-1519	rbleyl	db/changelog/changelog-20180728-1519.xml	2025-01-23 17:04:30.924518	14	EXECUTED	9:c247287adf292d7a26b9fd1a0b30c7ae	createTable tableName=news_entry; addForeignKeyConstraint baseTableName=news_entry, constraintName=fk_news_entry_player_id, referencedTableName=player; addForeignKeyConstraint baseTableName=news_entry, constraintName=fk_news_entry_game_id, referen...		\N	4.28.0	\N	\N	7648270555
20190318-1908	rbleyl	db/changelog/changelog-20190318-1908.xml	2025-01-23 17:04:30.939315	15	EXECUTED	9:63d6cbe410ce0e3d20ee921b8e589f17	createTable tableName=player_relation; addForeignKeyConstraint baseTableName=player_relation, constraintName=fk_player_relation_player1_id, referencedTableName=player; addForeignKeyConstraint baseTableName=player_relation, constraintName=fk_player...		\N	4.28.0	\N	\N	7648270555
20190501-1948	rbleyl	db/changelog/changelog-20190501-1948.xml	2025-01-23 17:04:30.952796	16	EXECUTED	9:99debf064c23564f4d038302d27a248f	createTable tableName=player_relation_request; addForeignKeyConstraint baseTableName=player_relation_request, constraintName=fk_player_relation_requestrequesting_player_id, referencedTableName=player; addForeignKeyConstraint baseTableName=player_r...		\N	4.28.0	\N	\N	7648270555
20190505-1021	rbleyl	db/changelog/changelog-20190505-1021.xml	2025-01-23 17:04:30.969757	17	EXECUTED	9:999faa22ff2bcc799504354059d19cdd	createTable tableName=ship_ability; addForeignKeyConstraint baseTableName=ship_ability, constraintName=fk_ship_ability_ship_template_id, referencedTableName=ship_template; createIndex indexName=idx_ship_ability_ship_template_id, tableName=ship_abi...		\N	4.28.0	\N	\N	7648270555
20190506-1150	rbleyl	db/changelog/changelog-20190506-1150.xml	2025-01-23 17:04:30.975332	18	EXECUTED	9:c2c018307dd28b7b70d43092fd602b4e	addColumn tableName=ship		\N	4.28.0	\N	\N	7648270555
20190508-1708	rbleyl	db/changelog/changelog-20190508-1708.xml	2025-01-23 17:04:30.979325	19	EXECUTED	9:35d5d45e59fd454337ede2f5bed0dfca	addColumn tableName=ship		\N	4.28.0	\N	\N	7648270555
20190509-1028	rbleyl	db/changelog/changelog-20190509-1028.xml	2025-01-23 17:04:30.983873	20	EXECUTED	9:77a28469490f3264792b8a7812cc3a46	addColumn tableName=ship; addColumn tableName=planet		\N	4.28.0	\N	\N	7648270555
20190509-1611	rbleyl	db/changelog/changelog-20190509-1611.xml	2025-01-23 17:04:31.001841	21	EXECUTED	9:033486ddf180f22a44bd467f5ae32c7b	createTable tableName=worm_hole; addForeignKeyConstraint baseTableName=worm_hole, constraintName=fk_worm_hole_game_id, referencedTableName=game; addForeignKeyConstraint baseTableName=worm_hole, constraintName=fk_worm_hole_connection_id, referenced...		\N	4.28.0	\N	\N	7648270555
20190510-1020	rbleyl	db/changelog/changelog-20190510-1020.xml	2025-01-23 17:04:31.006361	22	EXECUTED	9:35a0e54e804f525dcf59f18672ea089c	addColumn tableName=ship		\N	4.28.0	\N	\N	7648270555
20190512-2056	rbleyl	db/changelog/changelog-20190512-2056.xml	2025-01-23 17:04:31.010128	23	EXECUTED	9:2c1c21ce8ca4b148ffbce359a4f70521	addColumn tableName=ship		\N	4.28.0	\N	\N	7648270555
20190515-1900	rbleyl	db/changelog/changelog-20190515-1900.xml	2025-01-23 17:04:31.021024	24	EXECUTED	9:b12142f45b2b2d4f619549de7a91b23b	createTable tableName=aquired_ship_template; addForeignKeyConstraint baseTableName=aquired_ship_template, constraintName=fk_aquired_ship_template_game_id, referencedTableName=game; addForeignKeyConstraint baseTableName=aquired_ship_template, const...		\N	4.28.0	\N	\N	7648270555
20190520-1906	rbleyl	db/changelog/changelog-20190520-1906.xml	2025-01-23 17:04:31.028902	25	EXECUTED	9:bb62b09ce2ac5d1299ac5860abedcbc7	createTable tableName=installation_details		\N	4.28.0	\N	\N	7648270555
20190525-1725	rbleyl	db/changelog/changelog-20190525-1725.xml	2025-01-23 17:04:31.033155	26	EXECUTED	9:9fb51a83d4918a9b8601671fac22c369	addColumn tableName=ship		\N	4.28.0	\N	\N	7648270555
20190530-0906	rbleyl	db/changelog/changelog-20190530-0906.xml	2025-01-23 17:04:31.050893	27	EXECUTED	9:3a5ebc7004b68ae70e358c91f7125d05	createTable tableName=space_fold; addForeignKeyConstraint baseTableName=space_fold, constraintName=fk_space_fold_game_id, referencedTableName=game; addForeignKeyConstraint baseTableName=space_fold, constraintName=fk_space_fold_ship_id, referencedT...		\N	4.28.0	\N	\N	7648270555
20190531-0809	rbleyl	db/changelog/changelog-20190531-0809.xml	2025-01-23 17:04:31.072114	28	EXECUTED	9:3e2e281557d9b344e34a7b3718d92926	createTable tableName=ship_route_entry; addColumn tableName=ship; addForeignKeyConstraint baseTableName=ship_route_entry, constraintName=fk_ship_route_entry_ship_id, referencedTableName=ship; addForeignKeyConstraint baseTableName=ship_route_entry,...		\N	4.28.0	\N	\N	7648270555
20190608-1534	rbleyl	db/changelog/changelog-20190608-1534.xml	2025-01-23 17:04:31.07667	29	EXECUTED	9:246c702344a4d8dd275c73e81cf47aac	addColumn tableName=installation_details		\N	4.28.0	\N	\N	7648270555
20190622-1133	rbleyl	db/changelog/changelog-20190622-1133.xml	2025-01-23 17:04:31.082074	30	EXECUTED	9:a7fd893d2cf9ab05b7308b4ac5e87d02	addColumn tableName=faction		\N	4.28.0	\N	\N	7648270555
20190630-1442	rbleyl	db/changelog/changelog-20190630-1442.xml	2025-01-23 17:04:31.087343	31	EXECUTED	9:fb8b6e1b3388202c7d6485890d1a4e27	addColumn tableName=planet		\N	4.28.0	\N	\N	7648270555
20190702-2138	rbleyl	db/changelog/changelog-20190702-2138.xml	2025-01-23 17:04:31.091757	32	EXECUTED	9:7a247573d457fe4ed1fa8e2432d37a5f	addColumn tableName=planet		\N	4.28.0	\N	\N	7648270555
20190704-2006	rbleyl	db/changelog/changelog-20190704-2006.xml	2025-01-23 17:04:31.09652	33	EXECUTED	9:39c87e19047efd8ba16ea7b909958dd8	addColumn tableName=ship		\N	4.28.0	\N	\N	7648270555
20190709-1826	rbleyl	db/changelog/changelog-20190709-1826.xml	2025-01-23 17:04:31.100784	34	EXECUTED	9:12459f9e5edd780be7de9bb9b5b4071e	addColumn tableName=player_relation		\N	4.28.0	\N	\N	7648270555
20190717-1940	rbleyl	db/changelog/changelog-20190717-1940.xml	2025-01-23 17:04:31.105417	35	EXECUTED	9:09e2cf2a199858fafe8aeda22892a8bf	addColumn tableName=player		\N	4.28.0	\N	\N	7648270555
20190718-0827	rbleyl	db/changelog/changelog-20190718-0827.xml	2025-01-23 17:04:31.11245	36	EXECUTED	9:23fa5f7c830f96148293bd77708c1e58	addColumn tableName=game		\N	4.28.0	\N	\N	7648270555
20190723-1015	rbleyl	db/changelog/changelog-20190723-1015.xml	2025-01-23 17:04:31.126864	37	EXECUTED	9:eb59423468dd67400c6bd8271a44850c	createTable tableName=plasma_storm; addForeignKeyConstraint baseTableName=plasma_storm, constraintName=fk_plasma_storm_game_id, referencedTableName=game; createIndex indexName=idx_plasma_storm_game_id, tableName=plasma_storm; createIndex indexName...		\N	4.28.0	\N	\N	7648270555
20190723-2126	rbleyl	db/changelog/changelog-20190723-2126.xml	2025-01-23 17:04:31.131303	38	EXECUTED	9:3304bc379ef6ce0fb8d8b3183f2ff911	addColumn tableName=ship		\N	4.28.0	\N	\N	7648270555
20190726-1043	rbleyl	db/changelog/changelog-20190726-1043.xml	2025-01-23 17:04:31.145864	39	EXECUTED	9:e656be82ff988d524e3bcd91c1896c7d	createTable tableName=player_death_foe; addForeignKeyConstraint baseTableName=player_death_foe, constraintName=fk_player_death_foe_player_id, referencedTableName=player; addForeignKeyConstraint baseTableName=player_death_foe, constraintName=fk_pla...		\N	4.28.0	\N	\N	7648270555
20190729-0945	rbleyl	db/changelog/changelog-20190729-0945.xml	2025-01-23 17:04:31.160659	40	EXECUTED	9:ee4166d01299bdf23a0c88827596e958	createTable tableName=mine_field; addForeignKeyConstraint baseTableName=mine_field, constraintName=fk_mine_field_game_id, referencedTableName=game; addForeignKeyConstraint baseTableName=mine_field, constraintName=fk_mine_field_player_id, reference...		\N	4.28.0	\N	\N	7648270555
20190731-0910	rbleyl	db/changelog/changelog-20190731-0910.xml	2025-01-23 17:04:31.166234	41	EXECUTED	9:3c0612594f892a0d53c27a828eca58b8	addColumn tableName=ship; addColumn tableName=starbase_ship_construction_job		\N	4.28.0	\N	\N	7648270555
20190817-1529	rbleyl	db/changelog/changelog-20190817-1529.xml	2025-01-23 17:04:31.178069	42	EXECUTED	9:9a7c46622c9d09ab9d3d9faca16a7012	addColumn tableName=weapon_template; sql		\N	4.28.0	\N	\N	7648270555
20190824-1650	rbleyl	db/changelog/changelog-20190824-1650.xml	2025-01-23 17:04:31.197657	43	EXECUTED	9:6a68869434799ce9122efa07fc83e94e	addColumn tableName=game; addColumn tableName=login; createTable tableName=tutorial; addForeignKeyConstraint baseTableName=tutorial, constraintName=fk_tutorial_game_id, referencedTableName=game; addForeignKeyConstraint baseTableName=tutorial, cons...		\N	4.28.0	\N	\N	7648270555
20190907-1618	rbleyl	db/changelog/changelog-20190907-1618.xml	2025-01-23 17:04:31.203825	44	EXECUTED	9:bde411da2c555e3f9236007a8c11c504	addColumn tableName=tutorial; addForeignKeyConstraint baseTableName=tutorial, constraintName=fk_tutorial_enemy_colony_id, referencedTableName=planet		\N	4.28.0	\N	\N	7648270555
20190915-1131	rbleyl	db/changelog/changelog-20190915-1131.xml	2025-01-23 17:04:31.2078	45	EXECUTED	9:f17acae4cbe4f69634dce9106d9267cc	addColumn tableName=game		\N	4.28.0	\N	\N	7648270555
20190917-2000	rbleyl	db/changelog/changelog-20190917-2000.xml	2025-01-23 17:04:31.212938	46	EXECUTED	9:fd7045286e7a8eb45f92731fecc89419	dropColumn columnName=planet_count, tableName=game; addColumn tableName=game		\N	4.28.0	\N	\N	7648270555
20190921-1732	rbleyl	db/changelog/changelog-20190921-1732.xml	2025-01-23 17:04:31.222757	47	EXECUTED	9:b8bbaaf1a3e92d3fec1d30e341afb611	createTable tableName=fleet; addForeignKeyConstraint baseTableName=fleet, constraintName=fk_fleet_player_id, referencedTableName=player; addColumn tableName=ship; addForeignKeyConstraint baseTableName=ship, constraintName=fk_ship_fleet_id, referen...		\N	4.28.0	\N	\N	7648270555
20190922-1802	rbleyl	db/changelog/changelog-20190922-1802.xml	2025-01-23 17:04:31.228105	48	EXECUTED	9:083a2b75df3cc83068a049f3152c3247	addColumn tableName=fleet; addForeignKeyConstraint baseTableName=fleet, constraintName=fk_fleet_leader_id, referencedTableName=ship		\N	4.28.0	\N	\N	7648270555
20190926-2105	rbleyl	db/changelog/changelog-20190926-2105.xml	2025-01-23 17:04:31.233256	49	EXECUTED	9:d102e69f19d5a34566ecc66d85ddd230	createIndex indexName=idx_ship_fleet_id, tableName=ship		\N	4.28.0	\N	\N	7648270555
20191001-1821	rbleyl	db/changelog/changelog-20191001-1821.xml	2025-01-23 17:04:31.251059	50	EXECUTED	9:f58a3c6f04f28c6d97f0d42b4020eb4f	createTable tableName=login_stats_base; addForeignKeyConstraint baseTableName=login_stats_base, constraintName=fk_login_stats_base_login_id, referencedTableName=login; createIndex indexName=idx_login_stats_base_login_id, tableName=login_stats_base...		\N	4.28.0	\N	\N	7648270555
20191002-0827	rbleyl	db/changelog/changelog-20191002-0827.xml	2025-01-23 17:04:31.259607	51	EXECUTED	9:1540d639084a22535d26afd5932126e9	dropColumn columnName=data_privacy_statement, tableName=installation_details; createTable tableName=data_privacy_statement		\N	4.28.0	\N	\N	7648270555
20191002-1341	rbleyl	db/changelog/changelog-20191002-1341.xml	2025-01-23 17:04:31.266067	52	EXECUTED	9:f75fad2824dc49cc72542fb4cac97c6e	addColumn tableName=login		\N	4.28.0	\N	\N	7648270555
20191005-1112	rbleyl	db/changelog/changelog-20191005-1112.xml	2025-01-23 17:04:31.270237	53	EXECUTED	9:d513adf7c36fd4eab51106c2a7af6b56	addColumn tableName=game		\N	4.28.0	\N	\N	7648270555
20191006-0849	rbleyl	db/changelog/changelog-20191006-0849.xml	2025-01-23 17:04:31.275881	54	EXECUTED	9:7436ffaa2b077285d2a3eac95496fcfe	addColumn tableName=login		\N	4.28.0	\N	\N	7648270555
20191006-0849	rbleyl	db/changelog/changelog-20191006-1128.xml	2025-01-23 17:04:31.29106	55	EXECUTED	9:b03e2d901156327d7c37f699de1f9fa0	addUniqueConstraint tableName=login; addUniqueConstraint tableName=login; addUniqueConstraint tableName=login; createIndex indexName=idx_login_email, tableName=login; createIndex indexName=idx_login_activation_code, tableName=login; createIndex in...		\N	4.28.0	\N	\N	7648270555
20191009-1936	rbleyl	db/changelog/changelog-20191009-1936.xml	2025-01-23 17:04:31.294588	56	EXECUTED	9:67c078718056c04e9d24a0066d5bd413	addColumn tableName=installation_details		\N	4.28.0	\N	\N	7648270555
20191012-1833	rbleyl	db/changelog/changelog-20191012-1833.xml	2025-01-23 17:04:31.297898	57	EXECUTED	9:e57ac81a24b1c4bae858aaa4e8220b1b	addColumn tableName=installation_details		\N	4.28.0	\N	\N	7648270555
20191019-1100	rbleyl	db/changelog/changelog-20191019-1100.xml	2025-01-23 17:04:31.30863	58	EXECUTED	9:f2f7e8266ace76fcef8569463464d93a	createTable tableName=i18n; createIndex indexName=idx_i18n_key_language, tableName=i18n		\N	4.28.0	\N	\N	7648270555
20191130-1831	rbleyl	db/changelog/changelog-20191130-1831.xml	2025-01-23 17:04:31.325294	59	EXECUTED	9:f3590049ce69d988126364b32c952933	dropTable tableName=login_stats_base; addColumn tableName=login_stats_faction		\N	4.28.0	\N	\N	7648270555
20191203-0849	rbleyl	db/changelog/changelog-20191203-0849.xml	2025-01-23 17:04:31.32953	60	EXECUTED	9:2cd3eb326a9dbd2332e98f016cb50f36	addColumn tableName=ship		\N	4.28.0	\N	\N	7648270555
20191203-2122	rbleyl	db/changelog/changelog-20191203-2122.xml	2025-01-23 17:04:31.345773	61	EXECUTED	9:9b4d715b2a3154ea483f50753ace2958	createTable tableName=notification; addForeignKeyConstraint baseTableName=notification, constraintName=fk_notification_login_id, referencedTableName=login; createIndex indexName=idx_notification_login_id, tableName=notification		\N	4.28.0	\N	\N	7648270555
20191206-1913	rbleyl	db/changelog/changelog-20191206-1913.xml	2025-01-23 17:04:31.350438	62	EXECUTED	9:21dd9503095d6fb7fc8ce49e9ecc40f8	addColumn tableName=login		\N	4.28.0	\N	\N	7648270555
20191206-2055	rbleyl	db/changelog/changelog-20191206-2055.xml	2025-01-23 17:04:31.360117	63	EXECUTED	9:f0bf8efc5842f900ebfa3d790b68f77a	createTable tableName=achievement; addForeignKeyConstraint baseTableName=achievement, constraintName=fk_achievement_login_id, referencedTableName=login; createIndex indexName=idx_achievement_login_id, tableName=achievement		\N	4.28.0	\N	\N	7648270555
20191207-2017	rbleyl	db/changelog/changelog-20191207-2017.xml	2025-01-23 17:04:31.369551	64	EXECUTED	9:03c078718aee63a096ccec765fe24603	sql; sql; sql; sql; sql; sql; sql		\N	4.28.0	\N	\N	7648270555
20191226-1049	rbleyl	db/changelog/changelog-20191226-1049.xml	2025-01-23 17:04:31.375956	65	EXECUTED	9:e1145019f2f02a03cee44e6b0609c72b	sql		\N	4.28.0	\N	\N	7648270555
20200101-1132	rbleyl	db/changelog/changelog-20200101-1132.xml	2025-01-23 17:04:31.379538	66	EXECUTED	9:86fef42d6d0915898eb1bbf92dc0f328	addColumn tableName=ship		\N	4.28.0	\N	\N	7648270555
20200125-1751	rbleyl	db/changelog/changelog-20200125-1751.xml	2025-01-23 17:04:31.39415	67	EXECUTED	9:f2f2978fe0a527c46c38d1e87b634529	createTable tableName=scenario; addForeignKeyConstraint baseTableName=scenario, constraintName=fk_scenario_player_id, referencedTableName=player; addForeignKeyConstraint baseTableName=scenario, constraintName=fk_scenario_game_id, referencedTableNa...		\N	4.28.0	\N	\N	7648270555
20200127-2127	rbleyl	db/changelog/changelog-20200127-2127.xml	2025-01-23 17:04:31.398189	68	EXECUTED	9:86bd8e756c1b5dd3613ba1cc3533309a	addColumn tableName=scenario		\N	4.28.0	\N	\N	7648270555
20200130-1946	rbleyl	db/changelog/changelog-20200130-1946.xml	2025-01-23 17:04:31.402335	69	EXECUTED	9:28d95492a110df4197d1e2ff18c89311	addColumn tableName=notification		\N	4.28.0	\N	\N	7648270555
20200209-0904	rbleyl	db/changelog/changelog-20200209-0904.xml	2025-01-23 17:04:31.407141	70	EXECUTED	9:39502d68d453c3b601259982a5ca25f4	addColumn tableName=login; addColumn tableName=scenario		\N	4.28.0	\N	\N	7648270555
20200215-1112	rbleyl	db/changelog/changelog-20200215-1112.xml	2025-01-23 17:04:31.411141	71	EXECUTED	9:848656dd7bb1e4e76bbee0b102118042	addColumn tableName=login		\N	4.28.0	\N	\N	7648270555
20200222-2049	rbleyl	db/changelog/changelog-20200222-2049.xml	2025-01-23 17:04:31.415165	72	EXECUTED	9:da910331c4eea66d88c3df70e15165de	addColumn tableName=notification		\N	4.28.0	\N	\N	7648270555
20200224-1816	rbleyl	db/changelog/changelog-20200224-1816.xml	2025-01-23 17:04:31.419111	73	EXECUTED	9:df67ae52d2545db1fe97e74641cb504f	addColumn tableName=login		\N	4.28.0	\N	\N	7648270555
20200315-0918	rbleyl	db/changelog/changelog-20200315-0918.xml	2025-01-23 17:04:31.425132	74	EXECUTED	9:39bf08d2c5b2906b33eead971bcb5e32	addColumn tableName=game		\N	4.28.0	\N	\N	7648270555
20200318-1402	rbleyl	db/changelog/changelog-20200318-1402.xml	2025-01-23 17:04:31.438547	75	EXECUTED	9:013677fa2729ec9e7e5002b43fe1c0d2	createTable tableName=news_entry_argument; addForeignKeyConstraint baseTableName=news_entry_argument, constraintName=fk_news_entry_argument_news_entry_id, referencedTableName=news_entry; createIndex indexName=idx_news_entry_argument_news_entry_id,...		\N	4.28.0	\N	\N	7648270555
20200322-2021	rbleyl	db/changelog/changelog-20200322-2021.xml	2025-01-23 17:04:31.445937	76	EXECUTED	9:0f92664dc070c65c5cc760a3c0ed1c0c	addColumn tableName=game; addColumn tableName=login		\N	4.28.0	\N	\N	7648270555
20200325-0834	rbleyl	db/changelog/changelog-20200325-0834.xml	2025-01-23 17:04:31.461646	77	EXECUTED	9:ce1cf75bec69fa0cd791d001d4586aa0	createTable tableName=player_message; addForeignKeyConstraint baseTableName=player_message, constraintName=fk_player_message_to_id, referencedTableName=player; addForeignKeyConstraint baseTableName=player_message, constraintName=fk_player_message_...		\N	4.28.0	\N	\N	7648270555
20200620-0842	rbleyl	db/changelog/changelog-20200620-0842.xml	2025-01-23 17:04:31.465754	78	EXECUTED	9:c814f64606563d62d3fa42a5e75f3877	addColumn tableName=game		\N	4.28.0	\N	\N	7648270555
20200718-0931	rbleyl	db/changelog/changelog-20200718-0931.xml	2025-01-23 17:04:31.47205	79	EXECUTED	9:a444e69956a9a64f8d89b3b232ae0d4e	addColumn tableName=game; addColumn tableName=player		\N	4.28.0	\N	\N	7648270555
20200905-0810	rbleyl	db/changelog/changelog-20200905-0810.xml	2025-01-23 17:04:31.476569	80	EXECUTED	9:122acab417dac1530ab8e05349fb2c20	addColumn tableName=login; addColumn tableName=installation_details		\N	4.28.0	\N	\N	7648270555
20210321-1939	rbleyl	db/changelog/changelog-20210321-1939.xml	2025-01-23 17:04:31.489145	81	EXECUTED	9:bef2f8dbf31623dd83a55e83b9f31018	createTable tableName=control_group; createIndex indexName=idx_control_group_player_id_hotkey, tableName=control_group; createIndex indexName=idx_control_group_type_hotkey, tableName=control_group; addForeignKeyConstraint baseTableName=control_gro...		\N	4.28.0	\N	\N	7648270555
20210322-2026	rbleyl	db/changelog/changelog-20210322-2026.xml	2025-01-23 17:04:31.502294	82	EXECUTED	9:c2056e6ad764b301ac6e293f6d2b5669	addColumn tableName=player_planet_scan_log; addForeignKeyConstraint baseTableName=player_planet_scan_log, constraintName=fk_player_planet_scan_log_scanned_native_species_id, referencedTableName=native_species		\N	4.28.0	\N	\N	7648270555
20210329-1035	rbleyl	db/changelog/changelog-20210329-1035.xml	2025-01-23 17:04:31.519532	83	EXECUTED	9:31afae3dc303977791f10150b73cc123	dropTable tableName=tutorial; dropTable tableName=scenario; dropColumn columnName=tutorial, tableName=game; dropColumn columnName=scenario, tableName=game; dropColumn columnName=tutorial_finished, tableName=login; dropColumn columnName=hide_scenar...		\N	4.28.0	\N	\N	7648270555
20210329-1203	rbleyl	db/changelog/changelog-20210329-1203.xml	2025-01-23 17:04:31.52235	84	EXECUTED	9:9f7ee2ddd263a0e878544a3b2a9707b1	sql		\N	4.28.0	\N	\N	7648270555
20210329-1625	rbleyl	db/changelog/changelog-20210329-1625.xml	2025-01-23 17:04:31.537232	85	EXECUTED	9:9e9e8f4a9ed5bf8619ef4c5b7c0aa864	createTable tableName=story_mode_campaign; addForeignKeyConstraint baseTableName=story_mode_campaign, constraintName=fk_story_mode_campaign_login_id, referencedTableName=login; addForeignKeyConstraint baseTableName=story_mode_campaign, constraintN...		\N	4.28.0	\N	\N	7648270555
20210330-1607	rbleyl	db/changelog/changelog-20210330-1607.xml	2025-01-23 17:04:31.542699	86	EXECUTED	9:72d826a5e3a446d0ac59f7e2678b777c	createIndex indexName=idx_game_creator_id, tableName=game		\N	4.28.0	\N	\N	7648270555
20210331-1203	rbleyl	db/changelog/changelog-20210331-1203.xml	2025-01-23 17:04:31.546506	87	EXECUTED	9:2a6e891f1460b45091dec8198e71aaf5	addColumn tableName=game		\N	4.28.0	\N	\N	7648270555
20210402-1850	rbleyl	db/changelog/changelog-20210402-1850.xml	2025-01-23 17:04:31.550649	88	EXECUTED	9:1dfb39c390e81dae8654443e260d8387	addColumn tableName=story_mode_campaign		\N	4.28.0	\N	\N	7648270555
20210404-1524	rbleyl	db/changelog/changelog-20210404-1524.xml	2025-01-23 17:04:31.554106	89	EXECUTED	9:3a284fe50cacd141562a9a24d8f56cac	addColumn tableName=game		\N	4.28.0	\N	\N	7648270555
20210407-1648	rbleyl	db/changelog/changelog-20210407-1648.xml	2025-01-23 17:04:31.557523	90	EXECUTED	9:5106f6b71280a85dc4e4c839219b25cf	addColumn tableName=login		\N	4.28.0	\N	\N	7648270555
20210504-1808	rbleyl	db/changelog/changelog-20210504-1808.xml	2025-01-23 17:04:31.560988	91	EXECUTED	9:0c046b73c478f39b8647c20dec8eb9d2	modifyDataType columnName=name, tableName=game		\N	4.28.0	\N	\N	7648270555
20210508-1912	rbleyl	db/changelog/changelog-20210508-1912.xml	2025-01-23 17:04:31.59311	92	EXECUTED	9:5930594f4b9db244eb7dabab41155103	addColumn tableName=game; createTable tableName=space_combat_log_entry; createIndex indexName=idx_space_combat_log_entry_news_entry_id, tableName=space_combat_log_entry; addForeignKeyConstraint baseTableName=space_combat_log_entry, constraintName=...		\N	4.28.0	\N	\N	7648270555
20210511-1837	rbleyl	db/changelog/changelog-20210511-1837.xml	2025-01-23 17:04:31.613967	93	EXECUTED	9:fae4ea7be8c8b1030ce31b20a8519f56	createTable tableName=orbital_combat_log_entry; createIndex indexName=idx_orbital_combat_log_entry_news_entry_id, tableName=orbital_combat_log_entry; addForeignKeyConstraint baseTableName=orbital_combat_log_entry, constraintName=fk_orbital_combat_...		\N	4.28.0	\N	\N	7648270555
20210513-0856	rbleyl	db/changelog/changelog-20210513-0856.xml	2025-01-23 17:04:31.617799	94	EXECUTED	9:5760dffbaaff4ef82c6607ad6b767f29	addColumn tableName=space_combat_log_entry_item		\N	4.28.0	\N	\N	7648270555
20210513-1611	rbleyl	db/changelog/changelog-20210513-1611.xml	2025-01-23 17:04:31.624034	95	EXECUTED	9:0491bef5bc768adc36d5bb98fdb41d99	dropColumn tableName=space_combat_log_entry		\N	4.28.0	\N	\N	7648270555
20210514-1733	rbleyl	db/changelog/changelog-20210514-1733.xml	2025-01-23 17:04:31.635189	96	EXECUTED	9:de73094313b72ee22bb8b501ee53d40a	createTable tableName=small_meteor_log_entry; createIndex indexName=idx_small_meteor_log_entry_news_entry_id, tableName=small_meteor_log_entry; addForeignKeyConstraint baseTableName=small_meteor_log_entry, constraintName=fk_small_meteor_log_entry_...		\N	4.28.0	\N	\N	7648270555
20210515-0857	rbleyl	db/changelog/changelog-20210515-0857.xml	2025-01-23 17:04:31.647538	97	EXECUTED	9:6bf97e14ef220d6f548b41e7b3d52ff8	createTable tableName=sub_space_distortion_log_entry; createIndex indexName=idx_sub_space_distortion_log_entry_news_entry_id, tableName=sub_space_distortion_log_entry; addForeignKeyConstraint baseTableName=sub_space_distortion_log_entry, constrain...		\N	4.28.0	\N	\N	7648270555
20210517-1717	rbleyl	db/changelog/changelog-20210517-1717.xml	2025-01-23 17:04:31.650973	98	EXECUTED	9:668d622921074fa9b363d15e4d02dbc7	addColumn tableName=starbase_ship_construction_job		\N	4.28.0	\N	\N	7648270555
20210521-2000	rbleyl	db/changelog/changelog-20210521-2000.xml	2025-01-23 17:04:31.655148	99	EXECUTED	9:56ba3f6ff8c3d9a822d1e77c377bd017	renameTable newTableName=shock_wave_destruction_log_entry, oldTableName=sub_space_distortion_log_entry; renameSequence newSequenceName=shock_wave_destruction_log_entry_id_seq, oldSequenceName=sub_space_distortion_log_entry_id_seq		\N	4.28.0	\N	\N	7648270555
20210603-1500	rbleyl	db/changelog/changelog-20210603-1500.xml	2025-01-23 17:04:31.659785	100	EXECUTED	9:0c4e1136fc2900647f6229982a24c4c0	addColumn tableName=game		\N	4.28.0	\N	\N	7648270555
20210604-1024	rbleyl	db/changelog/changelog-20210604-1024.xml	2025-01-23 17:04:31.673153	101	EXECUTED	9:7afb4edc9bdbea8a1b584aa1e69505df	createTable tableName=player_encounter; addForeignKeyConstraint baseTableName=player_encounter, constraintName=fk_player_encounter_player1_id, referencedTableName=player; addForeignKeyConstraint baseTableName=player_encounter, constraintName=fk_pl...		\N	4.28.0	\N	\N	7648270555
20210605-0900	rbleyl	db/changelog/changelog-20210605-0900.xml	2025-01-23 17:04:31.683555	102	EXECUTED	9:e17e0210db8604fb8867a36624381c24	addColumn tableName=space_combat_log_entry_item; createIndex indexName=idx_space_combat_log_entry_item_ship_id, tableName=space_combat_log_entry_item; addColumn tableName=orbital_combat_log_entry; createIndex indexName=idx_orbital_combat_log_entry...		\N	4.28.0	\N	\N	7648270555
20210615-1650	rbleyl	db/changelog/changelog-20210615-1650.xml	2025-01-23 17:04:31.68684	103	EXECUTED	9:301f085ad7f6dbe20bee0f5e615eb22d	insert tableName=galaxy_config		\N	4.28.0	\N	\N	7648270555
20210619-1118	rbleyl	db/changelog/changelog-20210619-1118.xml	2025-01-23 17:04:31.698464	104	EXECUTED	9:9a2168718c29256de556605770f7341d	createTable tableName=player_round_stats; addForeignKeyConstraint baseTableName=player_round_stats, constraintName=fk_player_round_stats_player_id, referencedTableName=player; createIndex indexName=idx_player_round_stats_player_id, tableName=playe...		\N	4.28.0	\N	\N	7648270555
20210717-1016	rbleyl	db/changelog/changelog-20210717-1016.xml	2025-01-23 17:04:31.708812	105	EXECUTED	9:372916a58472a7125ce1ef3b7cb2aea7	createTable tableName=mineral_race_player_progress_notification; addForeignKeyConstraint baseTableName=mineral_race_player_progress_notification, constraintName=fk_mineral_race_player_progress_notification_player_id, referencedTableName=player; cr...		\N	4.28.0	\N	\N	7648270555
20210717-1826	rbleyl	db/changelog/changelog-20210717-1826.xml	2025-01-23 17:04:31.722795	106	EXECUTED	9:ea37f0b98e56ac3b57637c434117ebad	createTable tableName=player_worm_hole_visit; addForeignKeyConstraint baseTableName=player_worm_hole_visit, constraintName=fk_player_worm_hole_visit_player_id, referencedTableName=player; addForeignKeyConstraint baseTableName=player_worm_hole_visi...		\N	4.28.0	\N	\N	7648270555
20210726-1819	rbleyl	db/changelog/changelog-20210726-1819.xml	2025-01-23 17:04:31.730183	107	EXECUTED	9:2bb20761e457e57855b03e676bbaa812	addColumn tableName=game; addForeignKeyConstraint baseTableName=game, constraintName=fk_game_conquest_planet_id, referencedTableName=planet		\N	4.28.0	\N	\N	7648270555
20210730-1709	rbleyl	db/changelog/changelog-20210730-1709.xml	2025-01-23 17:04:31.734286	108	EXECUTED	9:235f5efdd463cc06f8f20a0077991709	addColumn tableName=player		\N	4.28.0	\N	\N	7648270555
changelog-20220423-1043	rbleyl	db/changelog/changelog-20220423-1043.xml	2025-01-23 17:04:31.740518	109	EXECUTED	9:c36b0dd815512946f6f6a85eb409276c	addColumn tableName=player_planet_scan_log		\N	4.28.0	\N	\N	7648270555
changelog-20220517-1738	rbleyl	db/changelog/changelog-20220517-1738.xml	2025-01-23 17:04:31.743764	110	EXECUTED	9:80fe8fb9c3cd63f1fb00e595759eba3d	addColumn tableName=installation_details		\N	4.28.0	\N	\N	7648270555
changelog-20220809-1718	rbleyl	db/changelog/changelog-20220809-1718.xml	2025-01-23 17:04:31.750616	111	EXECUTED	9:69607bae798615cb0018266364ef6e9f	addColumn tableName=player		\N	4.28.0	\N	\N	7648270555
changelog-20220816-1634	rbleyl	db/changelog/changelog-20220816-1634.xml	2025-01-23 17:04:31.757646	112	EXECUTED	9:6bc5c401cd0ad97180372ee6a30535c6	dropColumn tableName=game		\N	4.28.0	\N	\N	7648270555
changelog-20220820-1744	rbleyl	db/changelog/changelog-20220820-1744.xml	2025-01-23 17:04:31.769891	113	EXECUTED	9:d1c6056095c208992249fe182f21373f	createTable tableName=player_starbase_scan_log; addForeignKeyConstraint baseTableName=player_starbase_scan_log, constraintName=fk_player_starbase_scan_log_player_id, referencedTableName=player; addForeignKeyConstraint baseTableName=player_starbase...		\N	4.28.0	\N	\N	7648270555
changelog-20221015-1051	rbleyl	db/changelog/changelog-20221015-1051.xml	2025-01-23 17:04:31.774904	114	EXECUTED	9:732c1bd353473eebca4f4152d9fa03b7	addColumn tableName=player_planet_scan_log		\N	4.28.0	\N	\N	7648270555
changelog-20230317-0914	rbleyl	db/changelog/changelog-20230317-0914.xml	2025-01-23 17:04:31.778666	115	EXECUTED	9:24c8893402913558786eb7191a21eb4c	addColumn tableName=player		\N	4.28.0	\N	\N	7648270555
changelog-20230320-0934	rbleyl	db/changelog/changelog-20230320-0934.xml	2025-01-23 17:04:31.784143	116	EXECUTED	9:47df39b49eeb671c06c81da677d489c5	addColumn tableName=game; sql		\N	4.28.0	\N	\N	7648270555
changelog-20230321-1000	rbleyl	db/changelog/changelog-20230321-1000.xml	2025-01-23 17:04:31.798686	117	EXECUTED	9:ad500ecc0cf37d595574c6f6bf948601	createTable tableName=team; addForeignKeyConstraint baseTableName=team, constraintName=fk_team_game_id, referencedTableName=game; addUniqueConstraint tableName=team; addColumn tableName=player; addForeignKeyConstraint baseTableName=player, constra...		\N	4.28.0	\N	\N	7648270555
changelog-20240316-1141	rbleyl	db/changelog/changelog-20240316-1141.xml	2025-01-23 17:04:31.819343	118	EXECUTED	9:704802cc7e2974a38971af2631fc1135	createTable tableName=match_making_entry; addForeignKeyConstraint baseTableName=match_making_entry, constraintName=fk_match_making_entry_login_id, referencedTableName=login; addUniqueConstraint tableName=match_making_entry; createIndex indexName=i...		\N	4.28.0	\N	\N	7648270555
changelog-20240814-1850	rbleyl	db/changelog/changelog-20240814-1850.xml	2025-01-23 17:04:31.823332	119	EXECUTED	9:de13d54d839c951257a1510c7f2eee78	addColumn tableName=login		\N	4.28.0	\N	\N	7648270555
changelog-20240816-1350	rbleyl	db/changelog/changelog-20240816-1350.xml	2025-01-23 17:04:31.827106	120	EXECUTED	9:fcb8b101c478bad1a9d62e2499951fe5	addColumn tableName=game		\N	4.28.0	\N	\N	7648270555
database-test	rbleyl	db/changelog/changelog-database-test.xml	2025-01-23 17:04:33.643324	121	EXECUTED	9:760afa29e86ee37ae153f7723e0d6784	sqlFile path=db/changelog/test_data.sql		\N	4.28.0	test	\N	7648270555
\.


--
-- Data for Name: databasechangeloglock; Type: TABLE DATA; Schema: public; Owner: skrupeladmin
--

COPY public.databasechangeloglock (id, locked, lockgranted, lockedby) FROM stdin;
1	f	\N	\N
\.


--
-- Data for Name: faction; Type: TABLE DATA; Schema: public; Owner: skrupeladmin
--

COPY public.faction (id, preferred_planet_type, preferred_temperature, mine_production_rate, factory_production_rate, tax_rate, ground_combat_attack_rate, ground_combat_defense_rate, home_planet_name, assimilation_rate, assimilation_type, unlocked_orbital_systems, forbidden_orbital_systems) FROM stdin;
orion	I	32	1.350000023841858	1.0499999523162842	1.149999976158142	0.75	0.800000011920929	Beteigeuze	0	\N	\N	\N
kuatoh	L	26	1.4199999570846558	0.6800000071525574	1.0499999523162842	0.7200000286102295	1.2899999618530273	Kuatoh	0	\N	HOBAN_BUD	RECREATIONAL_PARK
trodan	L	17	1.100000023841858	0.8999999761581421	1.0499999523162842	1	1.100000023841858	Vailiv	2	0	CLOAKING_FIELD_GENERATOR	\N
nightmare	I	35	1.2000000476837158	1.2000000476837158	1	2.5	0.5	Keliv	0	\N	\N	\N
kopaytirish	J	0	0.8700000047683716	0.7099999785423279	0.44999998807907104	0.3700000047683716	0.20999999344348907	Nuccides	10	6	\N	\N
oltin	L	21	1.100000023841858	1.3799999952316284	0.23000000417232513	1.2000000476837158	0.7200000286102295	Citratis	55	0	\N	\N
silverstarag	K	-11	0.699999988079071	0.800000011920929	1.2000000476837158	0.8999999761581421	0.8999999761581421	Vucurn	2	0	\N	\N
_RANDOM_FACTION	\N	0	0	0	0	0	0	\N	0	\N	\N	\N
vantu		0	1.100000023841858	1.7000000476837158	0.8999999761581421	1	0.8999999761581421	Chobak	43	6	\N	\N
\.


--
-- Data for Name: fleet; Type: TABLE DATA; Schema: public; Owner: skrupeladmin
--

COPY public.fleet (id, name, player_id, leader_id) FROM stdin;
1	Weak01	77	80
2	Freighters	135	182
3	Defenders	135	183
4	Test fleet	141	218
5	Fleet1	147	233
6	Fleet1	150	235
7	Fleet2	150	234
9	Fleet4	150	\N
8	Fleet3	150	236
11	Fleet6	150	\N
10	Fleet5	150	238
12	Fleet1	153	244
13	Fleet2	153	245
14	Fleet1	158	264
15	Fleet1	159	268
16	Fleet 1	160	273
17	Fleet 1	161	276
18	Fleet 2	161	278
19	Fleet 3	161	281
\.


--
-- Data for Name: galaxy_config; Type: TABLE DATA; Schema: public; Owner: skrupeladmin
--

COPY public.galaxy_config (id) FROM stdin;
gala_0
gala_1
gala_2
gala_3
gala_4
gala_5
gala_6
gala_7
gala_8
gala_9
gala_random
\.


--
-- Data for Name: game; Type: TABLE DATA; Schema: public; Owner: skrupeladmin
--

COPY public.game (id, created, creator_id, name, win_condition, started, finished, round, round_date, enable_espionage, enable_mine_fields, enable_tactial_combat, enable_wsiwyg, start_position_setup, home_planet_setup, lose_condition, player_count, galaxy_size, init_money, inhabited_planets_percentage, resource_density, resource_density_home_planet, unstable_wormhole_count, stable_wormhole_config, galaxy_config_id, max_concurrent_plasma_storm_count, plasma_storm_probability, plasma_storm_rounds, fog_of_war_type, pirate_attack_probability_center, pirate_attack_probability_outskirts, pirate_min_loot, pirate_max_loot, auto_tick_seconds, planet_density, is_private, mineral_race_mineral_name, mineral_race_storage_type, mineral_race_quantity, turn_not_finished_notification_seconds, last_to_finish_turn_notification_seconds, turn_not_finished_notifications_sent, last_to_finish_turn_notifications_sent, finished_turn_visibility_type, invasion_wave, invasion_cooperative, invasion_difficulty, story_mode_campaign_id, story_mode_mission, story_mode_mission_step, story_mode_mission_step_seen, story_mode_mission_data, enable_wysiwyg, randomize_home_planet_names, conquest_type, conquest_rounds, conquest_planet_id, use_fixed_teams, match_making_game) FROM stdin;
6	2020-08-15 18:29:36.203551	1	shouldSetupCompetitiveGame	INVASION	f	f	1	2020-08-15 18:29:36.203551	f	f	t	f	EQUAL_DISTANCE	STAR_BASE	LOSE_HOME_PLANET	2	250	7500	0.25	HIGH	HIGH	0	NONE	gala_0	0	0	3	LONG_RANGE_SENSORS	0	0	1	2	0	VERY_HIGH	f	FUEL	HOME_PLANET	\N	28800	14400	f	f	NONE	0	f	HARD	\N	0	0	f	\N	f	f	\N	0	\N	f	f
1	2020-08-15 16:51:19.637535	1	shouldClearNewsEntries	SURVIVE	t	f	2	2020-08-15 16:52:03.847756	f	t	t	f	EQUAL_DISTANCE	STAR_BASE	LOSE_HOME_PLANET	2	250	7500	0.25	HIGH	HIGH	0	NONE	gala_0	0	0	3	LONG_RANGE_SENSORS	0	0	1	2	0	VERY_HIGH	f	FUEL	HOME_PLANET	\N	28800	14400	t	f	NONE	0	t	EASY	\N	0	0	f	\N	f	f	\N	0	\N	f	f
2	2020-08-15 17:52:33.976505	1	shouldNotSpawnWaveBecauseNoConfigFound	INVASION	t	f	1	2020-08-15 17:52:37.121506	f	f	t	f	EQUAL_DISTANCE	STAR_BASE	LOSE_HOME_PLANET	2	250	7500	0.25	HIGH	HIGH	0	NONE	gala_0	0	0	3	LONG_RANGE_SENSORS	0	0	1	2	0	VERY_HIGH	f	FUEL	HOME_PLANET	\N	28800	14400	t	f	NONE	0	t	EASY	\N	0	0	f	\N	f	f	\N	0	\N	f	f
3	2020-08-15 18:09:29.748108	1	shouldSpawnOneWaveBecauseOnlyOnePlayer	INVASION	t	f	9	2020-08-15 18:09:52.326416	f	f	t	f	EQUAL_DISTANCE	STAR_BASE	LOSE_HOME_PLANET	2	1000	7500	0.25	HIGH	HIGH	0	NONE	gala_0	0	0	3	LONG_RANGE_SENSORS	0	0	1	2	0	VERY_HIGH	f	FUEL	HOME_PLANET	\N	28800	14400	t	f	NONE	0	t	HARD	\N	0	0	f	\N	f	f	\N	0	\N	f	f
4	2020-08-15 18:15:56.311045	1	shouldSpawnThreeWavesBecauseThreePlayers	INVASION	t	f	9	2020-08-15 18:16:42.216369	f	f	t	f	EQUAL_DISTANCE	STAR_BASE	LOSE_HOME_PLANET	3	1000	7500	0.25	HIGH	HIGH	0	NONE	gala_0	0	0	3	LONG_RANGE_SENSORS	0	0	1	2	0	VERY_HIGH	f	FUEL	HOME_PLANET	\N	28800	14400	t	f	NONE	0	t	HARD	\N	0	0	f	\N	f	f	\N	0	\N	f	f
7	2020-08-15 20:14:46.209189	1	shouldNotProcessInvaderShipsBecauseNoMoreInhabitedPlanets	INVASION	t	f	20	2020-08-15 20:15:44.808315	f	f	t	f	EQUAL_DISTANCE	STAR_BASE	LOSE_HOME_PLANET	2	1000	7500	0.25	HIGH	HIGH	0	NONE	gala_0	0	0	3	LONG_RANGE_SENSORS	0	0	1	2	0	VERY_HIGH	f	FUEL	HOME_PLANET	\N	28800	14400	t	f	NONE	1	t	EASY	\N	0	0	f	\N	f	f	\N	0	\N	f	f
8	2020-08-15 20:21:08.474557	1	shouldOnlyTargetPlanetsBecauseEasy	INVASION	t	f	20	2020-08-15 20:22:50.278373	f	f	t	f	EQUAL_DISTANCE	STAR_BASE	LOSE_HOME_PLANET	2	1000	7500	0.25	HIGH	HIGH	0	NONE	gala_0	0	0	3	LONG_RANGE_SENSORS	0	0	1	2	0	VERY_HIGH	f	FUEL	HOME_PLANET	\N	28800	14400	t	f	NONE	1	t	EASY	\N	0	0	f	\N	f	f	\N	0	\N	f	f
9	2020-08-15 20:29:31.692079	1	shouldTargetPlanetsBecauseShipsTooFarAway	INVASION	t	f	17	2020-08-15 20:34:36.998289	f	f	t	f	EQUAL_DISTANCE	STAR_BASE	LOSE_HOME_PLANET	2	500	7500	0.25	HIGH	HIGH	0	NONE	gala_0	0	0	3	LONG_RANGE_SENSORS	0	0	1	2	0	VERY_HIGH	f	FUEL	HOME_PLANET	\N	28800	14400	t	f	NONE	1	t	NORMAL	\N	0	0	f	\N	f	f	\N	0	\N	f	f
10	2020-08-15 20:29:46.859696	1	shouldTargetShips	INVASION	t	f	20	2020-08-15 20:30:47.411804	f	f	t	f	EQUAL_DISTANCE	STAR_BASE	LOSE_HOME_PLANET	2	500	7500	0.25	HIGH	HIGH	0	NONE	gala_0	0	0	3	LONG_RANGE_SENSORS	0	0	1	2	0	VERY_HIGH	f	FUEL	HOME_PLANET	\N	28800	14400	t	f	NONE	1	t	NORMAL	\N	0	0	f	\N	f	f	\N	0	\N	f	f
11	2020-08-15 20:42:24.423729	1	shouldCloakShips	INVASION	t	f	10	2020-08-15 20:42:51.230758	f	f	t	f	EQUAL_DISTANCE	STAR_BASE	LOSE_HOME_PLANET	2	500	7500	0.25	HIGH	HIGH	0	NONE	gala_0	0	0	3	LONG_RANGE_SENSORS	0	0	1	2	0	VERY_HIGH	f	FUEL	HOME_PLANET	\N	28800	14400	t	f	NONE	1	t	HARD	\N	0	0	f	\N	f	f	\N	0	\N	f	f
12	2020-08-15 21:14:05.745073	1	shouldUseSignatureMask	INVASION	t	f	10	2020-08-15 21:14:24.257708	f	f	t	f	EQUAL_DISTANCE	STAR_BASE	LOSE_HOME_PLANET	2	500	7500	0.25	HIGH	HIGH	0	NONE	gala_0	0	0	3	LONG_RANGE_SENSORS	0	0	1	2	0	VERY_HIGH	f	FUEL	HOME_PLANET	\N	28800	14400	t	f	NONE	1	t	HARD	\N	0	0	f	\N	f	f	\N	0	\N	f	f
13	2020-08-15 21:43:35.099347	1	shouldUseSubSpaceDistortion	INVASION	t	f	14	2020-08-15 21:46:28.96823	f	f	t	f	EQUAL_DISTANCE	STAR_BASE	LOSE_HOME_PLANET	2	500	7500	0.25	HIGH	HIGH	0	NONE	gala_0	0	0	3	LONG_RANGE_SENSORS	0	0	1	2	0	VERY_HIGH	f	FUEL	HOME_PLANET	\N	28800	14400	t	f	NONE	1	t	HARD	\N	0	0	f	\N	f	f	\N	0	\N	f	f
14	2020-08-15 21:53:23.251374	1	shouldUseViralInvasion	INVASION	t	f	10	2020-08-15 21:53:37.92362	f	f	t	f	EQUAL_DISTANCE	STAR_BASE	LOSE_HOME_PLANET	2	500	7500	0.25	HIGH	HIGH	0	NONE	gala_0	0	0	3	LONG_RANGE_SENSORS	0	0	1	2	0	VERY_HIGH	f	FUEL	HOME_PLANET	\N	28800	14400	t	f	NONE	1	t	HARD	\N	0	0	f	\N	f	f	\N	0	\N	f	f
15	2020-08-16 13:34:30.341652	1	shouldNotRefuelAndNotSetNextRouteEntry	NONE	t	f	6	2020-08-16 13:35:56.133881	f	t	t	f	EQUAL_DISTANCE	STAR_BASE	LOSE_HOME_PLANET	2	250	7500	0.25	HIGH	HIGH	0	NONE	gala_0	0	0	3	LONG_RANGE_SENSORS	0	0	1	2	0	VERY_HIGH	f	FUEL	HOME_PLANET	\N	28800	14400	t	f	NONE	0	t	EASY	\N	0	0	f	\N	f	f	\N	0	\N	f	f
16	2020-08-16 13:41:53.473861	1	shouldRefuelAndSetNextRouteEntry	NONE	t	f	4	2020-08-16 13:42:53.780014	f	t	t	f	EQUAL_DISTANCE	STAR_BASE	LOSE_HOME_PLANET	2	250	7500	0.25	HIGH	HIGH	0	NONE	gala_0	0	0	3	LONG_RANGE_SENSORS	0	0	1	2	0	VERY_HIGH	f	FUEL	HOME_PLANET	\N	28800	14400	t	f	NONE	0	t	EASY	\N	0	0	f	\N	f	f	\N	0	\N	f	f
17	2020-08-16 14:18:07.825831	1	shouldNotRefuelAndNotLoadResourcesBecauseNoRoutePlanet	NONE	t	f	5	2020-08-16 14:19:24.740117	f	t	t	f	EQUAL_DISTANCE	STAR_BASE	LOSE_HOME_PLANET	2	250	7500	0.25	HIGH	HIGH	0	NONE	gala_0	0	0	3	LONG_RANGE_SENSORS	0	0	1	2	0	VERY_HIGH	f	FUEL	HOME_PLANET	\N	28800	14400	t	f	NONE	0	t	EASY	\N	0	0	f	\N	f	f	\N	0	\N	f	f
18	2020-08-16 14:22:03.180002	1	shouldRefuelAndUnloadResources	NONE	t	f	6	2020-08-16 14:23:48.030068	f	t	t	f	EQUAL_DISTANCE	STAR_BASE	LOSE_HOME_PLANET	2	250	7500	0.25	HIGH	HIGH	0	NONE	gala_0	0	0	3	LONG_RANGE_SENSORS	0	0	1	2	0	VERY_HIGH	f	FUEL	HOME_PLANET	\N	28800	14400	t	f	NONE	0	t	EASY	\N	0	0	f	\N	f	f	\N	0	\N	f	f
19	2020-08-16 16:00:27.266692	1	shouldDeleteAndCountDown	SURVIVE	t	f	4	2020-08-16 16:01:17.838197	f	t	t	f	EQUAL_DISTANCE	STAR_BASE	LOSE_HOME_PLANET	3	250	7500	0.25	HIGH	HIGH	0	NONE	gala_0	0	0	3	LONG_RANGE_SENSORS	0	0	1	2	0	VERY_HIGH	f	FUEL	HOME_PLANET	\N	28800	14400	t	f	NONE	0	t	EASY	\N	0	0	f	\N	f	f	\N	0	\N	f	f
20	2020-08-16 17:37:52.690373	1	shouldCreateTradeBonusData	NONE	t	f	2	2020-08-16 17:38:12.639987	f	t	t	f	EQUAL_DISTANCE	STAR_BASE	LOSE_HOME_PLANET	3	250	7500	0.25	HIGH	HIGH	0	NONE	gala_0	0	0	3	LONG_RANGE_SENSORS	0	0	1	2	0	VERY_HIGH	f	FUEL	HOME_PLANET	\N	28800	14400	t	f	NONE	0	t	EASY	\N	0	0	f	\N	f	f	\N	0	\N	f	f
22	2020-08-18 18:46:18.190649	1	shouldResetShipTasksBecauseTargetNotOnSamePosition	NONE	t	f	4	2020-08-18 18:47:02.720965	f	t	t	f	EQUAL_DISTANCE	STAR_BASE	LOSE_HOME_PLANET	2	250	7500	0.25	HIGH	HIGH	0	NONE	gala_0	0	0	3	LONG_RANGE_SENSORS	0	0	1	2	0	VERY_HIGH	f	FUEL	HOME_PLANET	\N	28800	14400	t	f	NONE	0	t	EASY	\N	0	0	f	\N	f	f	\N	0	\N	f	f
21	2020-08-18 18:41:28.999705	1	shouldshouldResetShipTasksBecauseNoValueForTractorBeam	NONE	t	f	4	2020-08-18 18:42:51.51008	f	t	t	f	EQUAL_DISTANCE	STAR_BASE	LOSE_HOME_PLANET	2	250	7500	0.25	HIGH	HIGH	0	NONE	gala_0	0	0	3	LONG_RANGE_SENSORS	0	0	1	2	0	VERY_HIGH	f	FUEL	HOME_PLANET	\N	28800	14400	t	f	NONE	0	t	EASY	\N	0	0	f	\N	f	f	\N	0	\N	f	f
23	2020-08-18 19:17:46.851018	1	shouldManageTractoredShipAndLimitSpeed	NONE	t	f	5	2020-08-18 19:20:05.117508	f	t	t	f	EQUAL_DISTANCE	STAR_BASE	LOSE_HOME_PLANET	2	250	7500	0.25	HIGH	HIGH	0	NONE	gala_0	0	0	3	LONG_RANGE_SENSORS	0	0	1	2	0	VERY_HIGH	f	FUEL	HOME_PLANET	\N	28800	14400	t	f	NONE	0	t	EASY	\N	0	0	f	\N	f	f	\N	0	\N	f	f
24	2020-08-23 09:40:45.127421	5	shouldNotSendJoinedEmailBecauseNotificationDeactivated	SURVIVE	f	f	1	2020-08-23 09:40:45.127421	f	t	t	f	EQUAL_DISTANCE	STAR_BASE	LOSE_HOME_PLANET	2	250	7500	0.25	HIGH	HIGH	0	NONE	gala_0	0	0	3	LONG_RANGE_SENSORS	0	0	1	2	0	VERY_HIGH	f	FUEL	HOME_PLANET	\N	28800	14400	f	f	NONE	0	t	EASY	\N	0	0	f	\N	f	f	\N	0	\N	f	f
25	2020-08-23 10:18:18.592976	6	shouldSendJoinedNotificationEmail	SURVIVE	f	f	1	2020-08-23 10:18:18.592976	f	t	t	f	EQUAL_DISTANCE	STAR_BASE	LOSE_HOME_PLANET	2	250	7500	0.25	HIGH	HIGH	0	NONE	gala_0	0	0	3	LONG_RANGE_SENSORS	0	0	1	2	0	VERY_HIGH	f	FUEL	HOME_PLANET	\N	28800	14400	f	f	NONE	0	t	EASY	\N	0	0	f	\N	f	f	\N	0	\N	f	f
26	2020-08-23 16:24:30.580918	1	shouldDoNothingBecauseNotAllPlayersHaveFaction	DEATH_FOE	f	f	1	2020-08-23 16:24:30.580918	f	t	t	f	EQUAL_DISTANCE	STAR_BASE	LOSE_HOME_PLANET	3	250	7500	0.25	HIGH	HIGH	0	NONE	gala_0	0	0	3	LONG_RANGE_SENSORS	0	0	1	2	0	VERY_HIGH	f	FUEL	HOME_PLANET	\N	28800	14400	f	f	NONE	0	t	EASY	\N	0	0	f	\N	f	f	\N	0	\N	f	f
27	2020-08-23 16:28:36.961199	1	shouldAddGameFullNotification	SURVIVE	f	f	1	2020-08-23 16:28:36.961199	f	t	t	f	EQUAL_DISTANCE	STAR_BASE	LOSE_HOME_PLANET	2	250	7500	0.25	HIGH	HIGH	0	NONE	gala_0	0	0	3	LONG_RANGE_SENSORS	0	0	1	2	0	VERY_HIGH	f	FUEL	HOME_PLANET	\N	28800	14400	f	f	NONE	0	t	EASY	\N	0	0	f	\N	f	f	\N	0	\N	f	f
28	2020-08-23 16:37:32.596214	6	shouldAddGameFullNotificationAndEmail	SURVIVE	f	f	1	2020-08-23 16:37:32.596214	f	t	t	f	EQUAL_DISTANCE	STAR_BASE	LOSE_HOME_PLANET	2	250	7500	0.25	HIGH	HIGH	0	NONE	gala_0	0	0	3	LONG_RANGE_SENSORS	0	0	1	2	0	VERY_HIGH	f	FUEL	HOME_PLANET	\N	28800	14400	f	f	NONE	0	t	EASY	\N	0	0	f	\N	f	f	\N	0	\N	f	f
29	2020-08-24 20:04:50.938653	5	shouldAddGameStartedNotificationsAndSendEmails	SURVIVE	f	f	1	2020-08-24 20:04:50.938653	f	t	t	f	EQUAL_DISTANCE	STAR_BASE	LOSE_HOME_PLANET	3	250	7500	0.25	HIGH	HIGH	0	NONE	gala_0	0	0	3	LONG_RANGE_SENSORS	0	0	1	2	0	VERY_HIGH	f	FUEL	HOME_PLANET	\N	28800	14400	f	f	NONE	0	t	EASY	\N	0	0	f	\N	f	f	\N	0	\N	f	f
32	2020-08-25 19:58:28.618389	1	shouldNotifyAndSendMailsToCorrectLogins	NONE	t	f	1	2020-08-25 19:59:41.235092	f	t	t	f	EQUAL_DISTANCE	STAR_BASE	LOSE_HOME_PLANET	3	250	7500	0.25	HIGH	HIGH	0	NONE	gala_0	0	0	3	LONG_RANGE_SENSORS	0	0	1	2	0	VERY_HIGH	f	FUEL	HOME_PLANET	\N	28800	14400	t	f	NONE	0	t	EASY	\N	0	0	f	\N	f	f	\N	0	\N	f	f
30	2020-08-25 19:44:51.811323	1	shouldNotCalculateRoundBecauseNotAllFinished	SURVIVE	t	f	1	2020-08-25 19:45:36.69979	f	t	t	f	EQUAL_DISTANCE	STAR_BASE	LOSE_HOME_PLANET	2	250	7500	0.25	HIGH	HIGH	0	NONE	gala_0	0	0	3	LONG_RANGE_SENSORS	0	0	1	2	0	VERY_HIGH	f	FUEL	HOME_PLANET	\N	28800	14400	t	t	NONE	0	t	EASY	\N	0	0	f	\N	f	f	\N	0	\N	f	f
33	2021-05-04 18:32:42.755878	1	SpaceCombatRoundCalculatorIntegrationTest.shouldMutuallyDestroyWithoutWeapons	SURVIVE	t	f	4	2021-05-04 18:40:04.526858	f	t	t	f	EQUAL_DISTANCE	STAR_BASE	LOSE_HOME_PLANET	2	250	7500	0.25	HIGH	HIGH	0	NONE	gala_0	0	0	3	LONG_RANGE_SENSORS	0	0	1	2	0	VERY_HIGH	f	FUEL	HOME_PLANET	\N	28800	14400	t	f	NONE	0	t	EASY	\N	0	0	f	\N	f	f	\N	0	\N	f	f
34	2021-05-04 19:06:01.89337	1	SpaceCombatRoundCalculatorIntegrationTest.shouldDestroyWeakerShip	SURVIVE	t	f	4	2021-05-04 19:07:40.335808	f	t	t	f	EQUAL_DISTANCE	STAR_BASE	LOSE_HOME_PLANET	2	250	7500	0.25	HIGH	HIGH	0	NONE	gala_0	0	0	3	LONG_RANGE_SENSORS	0	0	1	2	0	VERY_HIGH	f	FUEL	HOME_PLANET	\N	28800	14400	t	f	NONE	0	t	EASY	\N	0	0	f	\N	f	f	\N	0	\N	f	f
35	2021-05-05 17:53:45.682154	1	SpaceCombatRoundCalculatorIntegrationTest.shouldCaptureShip	SURVIVE	t	f	4	2021-05-05 17:56:33.032823	f	t	t	f	EQUAL_DISTANCE	STAR_BASE	LOSE_HOME_PLANET	2	250	7500	0.25	HIGH	HIGH	0	NONE	gala_0	0	0	3	LONG_RANGE_SENSORS	0	0	1	2	0	VERY_HIGH	f	FUEL	HOME_PLANET	\N	28800	14400	t	f	NONE	0	t	EASY	\N	0	0	f	\N	f	f	\N	0	\N	f	f
36	2021-05-06 19:05:33.306228	1	SpaceCombatRoundCalculatorIntegrationTest.shouldEvadeEachOtherBecauseBothDefensive	NONE	t	f	4	2021-05-06 19:06:35.376375	f	t	t	f	EQUAL_DISTANCE	STAR_BASE	LOSE_HOME_PLANET	2	250	7500	0.25	HIGH	HIGH	0	NONE	gala_0	0	0	3	LONG_RANGE_SENSORS	0	0	1	2	0	VERY_HIGH	f	FUEL	HOME_PLANET	\N	28800	14400	t	f	NONE	0	t	EASY	\N	0	0	f	\N	f	f	\N	0	\N	f	f
37	2021-05-06 19:10:43.807469	1	SpaceCombatRoundCalculatorIntegrationTest.shouldEvadeEachOtherAfterFirstCombatRound	SURVIVE	t	f	4	2021-05-06 19:11:41.30741	f	t	t	f	EQUAL_DISTANCE	STAR_BASE	LOSE_HOME_PLANET	2	250	7500	0.25	HIGH	HIGH	0	NONE	gala_0	0	0	3	LONG_RANGE_SENSORS	0	0	1	2	0	VERY_HIGH	f	FUEL	HOME_PLANET	\N	28800	14400	t	f	NONE	0	t	EASY	\N	0	0	f	\N	f	f	\N	0	\N	f	f
38	2021-05-07 19:50:48.927583	1	RouteRoundCalculatorIntegrationTest.shouldAlwaysHonorPrimaryResource	NONE	t	f	4	2021-05-07 19:52:10.548201	f	t	t	f	EQUAL_DISTANCE	STAR_BASE	LOSE_HOME_PLANET	1	250	7500	0.25	HIGH	HIGH	0	NONE	gala_0	0	0	3	LONG_RANGE_SENSORS	0	0	1	2	0	VERY_HIGH	f	FUEL	HOME_PLANET	\N	28800	14400	t	f	NONE	0	t	EASY	\N	0	0	f	\N	f	f	\N	0	\N	f	f
39	2021-05-08 09:01:07.650997	1	PlanetRepositoryIntegrationTest.shouldCountOrbitalSystemsCorrectly	NONE	t	f	3	2021-05-08 09:01:33.260347	f	t	t	f	EQUAL_DISTANCE	STAR_BASE	LOSE_HOME_PLANET	1	250	7500	0.25	HIGH	HIGH	0	NONE	gala_0	0	0	3	LONG_RANGE_SENSORS	0	0	1	2	0	VERY_HIGH	f	FUEL	HOME_PLANET	\N	28800	14400	t	f	NONE	0	t	EASY	\N	0	0	f	\N	f	f	\N	0	\N	f	f
40	2021-05-08 10:27:40.782894	1	SpaceCombatRoundCalculatorIntegrationTest.shouldWinBecauseOfSupport	SURVIVE	t	f	11	2021-05-08 10:34:54.427167	f	t	t	f	EQUAL_DISTANCE	STAR_BASE	LOSE_HOME_PLANET	2	250	7500	0.25	HIGH	HIGH	0	NONE	gala_0	0	0	3	LONG_RANGE_SENSORS	0	0	1	2	0	VERY_HIGH	f	FUEL	HOME_PLANET	\N	28800	14400	t	f	NONE	0	t	EASY	\N	0	0	f	\N	f	f	\N	0	\N	f	f
41	2021-05-09 17:18:57.848848	1	SpaceCombatRoundCalculatorIntegrationTest.shouldRecordCombatLogCorrectly	SURVIVE	t	f	6	2021-05-09 17:20:22.014653	f	t	t	f	EQUAL_DISTANCE	STAR_BASE	LOSE_HOME_PLANET	2	250	7500	0.25	HIGH	HIGH	0	NONE	gala_0	0	0	3	LONG_RANGE_SENSORS	0	0	1	2	0	VERY_HIGH	f	FUEL	HOME_PLANET	\N	28800	14400	t	f	NONE	0	t	EASY	\N	0	0	f	\N	f	f	\N	0	\N	f	f
42	2021-05-15 09:03:34.270618	1	ShipRoundAbilitiesIntegrationTest.shouldDestroyAndDamageShipsBySubSpaceDistortion	SURVIVE	t	f	4	2021-05-15 09:04:26.593099	f	t	t	f	EQUAL_DISTANCE	STAR_BASE	LOSE_HOME_PLANET	2	250	7500	0.25	HIGH	HIGH	0	NONE	gala_0	0	0	3	LONG_RANGE_SENSORS	0	0	1	2	0	VERY_HIGH	f	FUEL	HOME_PLANET	\N	28800	14400	t	f	NONE	0	t	EASY	\N	0	0	f	\N	f	f	\N	0	\N	f	f
43	2021-05-22 08:52:27.514451	1	ShipRoundTasksIntegrationTest.shouldDestroyAndDamageShipsByAutoDestructionShockWave	NONE	t	f	10	2021-05-22 08:58:43.518312	f	t	t	f	EQUAL_DISTANCE	WAR_BASE	LOSE_HOME_PLANET	1	250	7500	0.25	HIGH	HIGH	0	NONE	gala_0	0	0	3	LONG_RANGE_SENSORS	0	0	1	2	0	VERY_HIGH	f	FUEL	HOME_PLANET	\N	28800	14400	t	f	NONE	0	t	EASY	\N	0	0	f	\N	f	f	\N	0	\N	f	f
44	2021-06-03 13:39:12.1761	1	ShipRoundAbilitiesIntegrationTest.shouldViralInvadeEnemyColonyWithSingleShip	SURVIVE	t	f	2	2021-06-03 13:39:39.251305	f	t	t	f	EQUAL_DISTANCE	STAR_BASE	LOSE_HOME_PLANET	2	250	7500	0.25	HIGH	HIGH	0	NONE	gala_0	0	0	3	LONG_RANGE_SENSORS	0	0	1	2	0	VERY_HIGH	f	FUEL	HOME_PLANET	\N	28800	14400	t	f	NONE	0	t	EASY	\N	0	0	f	\N	f	f	\N	0	\N	f	f
45	2021-06-03 13:49:55.634633	1	ShipRoundAbilitiesIntegrationTest.shouldViralInvadeEnemyColonyWithMultipleShips	SURVIVE	t	f	3	2021-06-03 13:50:22.404616	f	t	t	f	EQUAL_DISTANCE	STAR_BASE	LOSE_HOME_PLANET	2	250	7500	0.25	HIGH	HIGH	0	NONE	gala_0	0	0	3	LONG_RANGE_SENSORS	0	0	1	2	0	VERY_HIGH	f	FUEL	HOME_PLANET	\N	28800	14400	t	f	NONE	0	t	EASY	\N	0	0	f	\N	f	f	\N	0	\N	f	f
46	2021-06-03 13:54:15.002687	1	ShipRoundAbilitiesIntegrationTest.shouldNotViralInvadeEnemyColonyWithSingleShipBecauseMedicalCenter	SURVIVE	t	f	2	2021-06-03 13:54:36.90019	f	t	t	f	EQUAL_DISTANCE	STAR_BASE	LOSE_HOME_PLANET	2	250	7500	0.25	HIGH	HIGH	0	NONE	gala_0	0	0	3	LONG_RANGE_SENSORS	0	0	1	2	0	VERY_HIGH	f	FUEL	HOME_PLANET	\N	28800	14400	t	f	NONE	0	t	EASY	\N	0	0	f	\N	f	f	\N	0	\N	f	f
47	2021-06-03 13:59:00.785721	1	ShipRoundAbilitiesIntegrationTest.shouldNotViralInvadeEnemyColonyWithMultipleShipsBecauseMedicalCenter	SURVIVE	t	f	3	2021-06-03 13:59:25.343944	f	t	t	f	EQUAL_DISTANCE	STAR_BASE	LOSE_HOME_PLANET	2	250	7500	0.25	HIGH	HIGH	0	NONE	gala_0	0	0	3	LONG_RANGE_SENSORS	0	0	1	2	0	VERY_HIGH	f	FUEL	HOME_PLANET	\N	28800	14400	t	f	NONE	0	t	EASY	\N	0	0	f	\N	f	f	\N	0	\N	f	f
48	2021-06-04 09:19:58.682182	1	ShipRoundTasksIntegrationTest.shouldKillMostColonistsInPlanetaryBombardment	SURVIVE	t	f	4	2021-06-04 09:21:03.846766	f	t	t	f	EQUAL_DISTANCE	STAR_BASE	LOSE_HOME_PLANET	2	250	7500	0.25	HIGH	HIGH	0	NONE	gala_0	0	0	3	LONG_RANGE_SENSORS	0	0	1	2	0	VERY_HIGH	f	FUEL	HOME_PLANET	\N	28800	14400	t	f	NONE	0	t	EASY	\N	0	0	f	\N	f	f	\N	0	\N	f	f
49	2021-06-04 09:25:04.028754	1	ShipRoundTasksIntegrationTest.shouldNotKillMostColonistsInPlanetaryBombardmentBecauseBunker	SURVIVE	t	f	5	2021-06-04 09:26:17.814405	f	t	t	f	EQUAL_DISTANCE	STAR_BASE	LOSE_HOME_PLANET	2	250	7500	0.25	HIGH	HIGH	0	NONE	gala_0	0	0	3	LONG_RANGE_SENSORS	0	0	1	2	0	VERY_HIGH	f	FUEL	HOME_PLANET	\N	28800	14400	t	f	NONE	0	t	EASY	\N	0	0	f	\N	f	f	\N	0	\N	f	f
50	2021-06-04 09:28:55.977545	1	ShipRoundTasksIntegrationTest.shouldKillColonistsToBunkerLimitInPlanetaryBombardment	SURVIVE	t	f	4	2021-06-04 09:31:18.190515	f	t	t	f	EQUAL_DISTANCE	STAR_BASE	LOSE_HOME_PLANET	2	250	7500	0.25	HIGH	HIGH	0	NONE	gala_0	0	0	3	LONG_RANGE_SENSORS	0	0	1	2	0	VERY_HIGH	f	FUEL	HOME_PLANET	\N	28800	14400	t	f	NONE	0	t	EASY	\N	0	0	f	\N	f	f	\N	0	\N	f	f
51	2021-06-04 10:30:50.113074	1	PlayerEncounterServiceIntegrationTest.shouldNotAddAnyEncountersBecauseNoShipsExist	SURVIVE	t	f	1	2021-06-04 10:31:06.397682	f	f	t	f	EQUAL_DISTANCE	STAR_BASE	LOSE_HOME_PLANET	2	250	7500	0.25	HIGH	HIGH	0	NONE	gala_0	0	0	3	LONG_RANGE_SENSORS	0	0	1	2	0	VERY_HIGH	f	FUEL	HOME_PLANET	\N	28800	14400	t	f	NONE	0	t	EASY	\N	0	0	f	\N	t	f	\N	0	\N	f	f
52	2021-06-04 10:37:05.160435	1	PlayerEncounterServiceIntegrationTest.shouldNotAddAnyEncountersBecauseNoShipsInRangeOfEachOther	SURVIVE	t	f	2	2021-06-04 10:37:28.273423	f	f	t	f	EQUAL_DISTANCE	STAR_BASE	LOSE_HOME_PLANET	2	250	7500	0.25	HIGH	HIGH	0	NONE	gala_0	0	0	3	LONG_RANGE_SENSORS	0	0	1	2	0	VERY_HIGH	f	FUEL	HOME_PLANET	\N	28800	14400	t	f	NONE	0	t	EASY	\N	0	0	f	\N	t	f	\N	0	\N	f	f
53	2021-06-04 10:39:15.909894	1	PlayerEncounterServiceIntegrationTest.shouldAddTwoEncounters	SURVIVE	t	f	4	2021-06-04 10:45:40.383793	f	f	t	f	EQUAL_DISTANCE	STAR_BASE	LOSE_HOME_PLANET	2	250	7500	0.25	HIGH	HIGH	0	NONE	gala_0	0	0	3	LONG_RANGE_SENSORS	0	0	1	2	0	VERY_HIGH	f	FUEL	HOME_PLANET	\N	28800	14400	t	f	NONE	0	t	EASY	\N	0	0	f	\N	t	f	\N	0	\N	f	f
54	2021-06-04 13:31:00.066896	1	SpaceCombatRoundCalculatorIntegrationTest.shouldEvadeShips	SURVIVE	t	f	5	2021-06-04 13:32:01.11634	f	f	t	f	EQUAL_DISTANCE	STAR_BASE	LOSE_HOME_PLANET	2	350	7500	0.25	HIGH	HIGH	0	NONE	gala_0	0	0	3	LONG_RANGE_SENSORS	0	0	1	2	0	VERY_HIGH	f	FUEL	HOME_PLANET	\N	28800	14400	t	f	NONE	0	t	EASY	\N	0	0	f	\N	f	f	\N	0	\N	f	f
55	2021-06-04 14:58:17.870121	1	SpaceCombatRoundCalculatorIntegrationTest.shouldDestroyAndCaptureShips	SURVIVE	t	f	5	2021-06-04 15:11:42.066679	f	f	t	f	EQUAL_DISTANCE	STAR_BASE	LOSE_HOME_PLANET	2	350	7500	0.25	HIGH	HIGH	0	NONE	gala_0	0	0	3	LONG_RANGE_SENSORS	0	0	1	2	0	VERY_HIGH	f	FUEL	HOME_PLANET	\N	28800	14400	t	f	NONE	0	t	EASY	\N	0	0	f	\N	f	f	\N	0	\N	f	f
56	2021-06-05 08:19:15.446913	1	ShipRoundAbilitiesIntegrationTest.shouldViralInvadeNativeSpeciesOfUninhabitedPlanet	NONE	t	f	3	2021-06-05 08:19:33.934875	f	f	t	f	EQUAL_DISTANCE	STAR_BASE	LOSE_HOME_PLANET	1	250	7500	1	HIGH	HIGH	0	NONE	gala_0	0	0	3	LONG_RANGE_SENSORS	0	0	1	2	0	VERY_HIGH	f	FUEL	HOME_PLANET	\N	28800	14400	t	f	NONE	0	t	EASY	\N	0	0	f	\N	f	f	\N	0	\N	f	f
57	2021-06-05 08:23:59.693349	1	ShipRoundAbilitiesIntegrationTest.shouldViralInvadeNativeSpeciesOfOwnPlanet	NONE	t	f	4	2021-06-05 08:24:36.463579	f	f	t	f	EQUAL_DISTANCE	STAR_BASE	LOSE_HOME_PLANET	1	250	7500	1	HIGH	HIGH	0	NONE	gala_0	0	0	3	LONG_RANGE_SENSORS	0	0	1	2	0	VERY_HIGH	f	FUEL	HOME_PLANET	\N	28800	14400	t	f	NONE	0	t	EASY	\N	0	0	f	\N	f	f	\N	0	\N	f	f
58	2021-06-05 08:29:39.797288	1	ShipRoundAbilitiesIntegrationTest.shouldNotViralInvadeColonistsOfOwnPlanet	NONE	t	f	5	2021-06-05 08:30:18.272616	f	f	t	f	EQUAL_DISTANCE	STAR_BASE	LOSE_HOME_PLANET	1	250	7500	0	HIGH	HIGH	0	NONE	gala_0	0	0	3	LONG_RANGE_SENSORS	0	0	1	2	0	VERY_HIGH	f	FUEL	HOME_PLANET	\N	28800	14400	t	f	NONE	0	t	EASY	\N	0	0	f	\N	f	f	\N	0	\N	f	f
59	2021-06-06 08:26:17.520278	1	ShipRoundAbilitiesIntegrationTest.shouldOnlyProcessViralInvasionForShipsUsingIt	NONE	t	f	5	2021-06-06 08:50:15.726693	f	f	t	f	EQUAL_DISTANCE	STAR_BASE	LOSE_HOME_PLANET	1	250	7500	1	HIGH	HIGH	0	NONE	gala_0	0	0	3	LONG_RANGE_SENSORS	0	0	1	2	0	VERY_HIGH	f	FUEL	HOME_PLANET	\N	28800	14400	t	f	NONE	0	t	EASY	\N	0	0	f	\N	f	f	\N	0	\N	f	f
60	2021-06-24 18:19:08.464601	1	SpaceCombatRoundCalculatorIntegrationTest.shouldLogCombatWithEvasion	SURVIVE	t	f	4	2021-06-24 18:20:23.414247	f	f	t	f	EQUAL_DISTANCE	STAR_BASE	LOSE_HOME_PLANET	2	250	7500	0.25	HIGH	HIGH	0	NONE	gala_0	0	0	3	LONG_RANGE_SENSORS	0	0	1	2	0	VERY_HIGH	f	FUEL	HOME_PLANET	\N	28800	14400	t	f	NONE	0	t	EASY	\N	0	0	f	\N	f	f	\N	0	\N	f	f
61	2021-07-07 18:38:27.822306	1	SpaceCombatRoundCalculatorIntegrationTest.shouldSurvive	SURVIVE	t	f	4	2021-07-07 18:41:15.607598	f	f	t	f	EQUAL_DISTANCE	STAR_BASE	LOSE_HOME_PLANET	2	250	7500	0.25	HIGH	HIGH	0	NONE	gala_0	0	0	3	LONG_RANGE_SENSORS	0	0	1	2	0	VERY_HIGH	f	FUEL	HOME_PLANET	\N	28800	14400	t	f	NONE	0	t	EASY	\N	0	0	f	\N	f	f	\N	0	\N	f	f
5	2020-08-15 18:20:12.677809	1	shouldSetupCooperativeGame	INVASION	f	f	1	2020-08-15 18:20:12.677809	f	f	t	f	EQUAL_DISTANCE	STAR_BASE	LOSE_HOME_PLANET	2	250	7500	0.25	HIGH	HIGH	0	NONE	gala_0	0	0	3	LONG_RANGE_SENSORS	0	0	1	2	0	VERY_HIGH	f	FUEL	HOME_PLANET	\N	28800	14400	f	f	NONE	12	t	NORMAL	\N	0	0	f	\N	f	f	\N	0	\N	f	f
62	2021-07-10 14:18:03.30822	1	PlayerRoundStatsServiceIntegrationTest.shouldReturnStatsForFinishedInvasionGame	INVASION	t	t	5	2021-07-10 14:20:15.627516	f	f	t	f	EQUAL_DISTANCE	STAR_BASE	LOSE_HOME_PLANET	1	250	7500	0.25	HIGH	HIGH	0	NONE	gala_0	0	0	3	LONG_RANGE_SENSORS	0	0	1	2	0	VERY_HIGH	f	FUEL	HOME_PLANET	\N	28800	14400	f	f	NONE	12	t	EASY	\N	0	0	f	\N	f	f	\N	0	\N	f	f
85	2022-06-29 17:14:10.382355	1	Ship Construction	NONE	t	f	2	2022-06-29 17:15:16.165658	f	f	t	f	CIRCLE_AROUND_CENTER	STAR_BASE	LOSE_HOME_PLANET	1	250	7500	0.25	HIGH	HIGH	0	NONE	gala_0	0	0	3	LONG_RANGE_SENSORS	0	0	1	2	0	VERY_HIGH	f	FUEL	HOME_PLANET	10000	28800	14400	t	f	NONE	0	t	EASY	\N	0	0	f	\N	f	f	REGION	12	\N	f	f
63	2021-07-11 11:26:46.34865	1	ShipRoundAbilitiesIntegrationTest.shouldDeleteShipsWithShockWave	NONE	t	f	13	2021-07-11 11:43:57.341455	f	f	t	f	EQUAL_DISTANCE	STAR_BASE	LOSE_HOME_PLANET	1	250	7500	0.25	HIGH	HIGH	0	NONE	gala_0	0	0	3	LONG_RANGE_SENSORS	0	0	1	2	0	VERY_HIGH	f	FUEL	HOME_PLANET	\N	28800	14400	t	f	NONE	0	t	EASY	\N	0	0	f	\N	f	f	\N	0	\N	f	f
64	2021-07-24 10:56:28.060775	1	PlayerEncounterServiceIntegrationTest.shouldAddTwoEncountersForShipEnteringPlanetOrbit	SURVIVE	t	f	6	2021-07-24 10:57:14.298865	f	f	t	f	EQUAL_DISTANCE	STAR_BASE	LOSE_HOME_PLANET	2	250	7500	0.25	HIGH	HIGH	0	NONE	gala_0	0	0	3	LONG_RANGE_SENSORS	0	0	1	2	0	VERY_HIGH	f	FUEL	HOME_PLANET	\N	28800	14400	t	f	NONE	0	t	EASY	\N	0	0	f	\N	t	f	\N	0	\N	f	f
65	2021-07-24 13:34:41.711803	1	PlayerEncounterServiceIntegrationTest.shouldAddOneEncounterForPlanetInShipScannerRange	SURVIVE	t	f	6	2021-07-24 13:41:23.269121	f	f	t	f	EQUAL_DISTANCE	STAR_BASE	LOSE_HOME_PLANET	2	250	7500	0.25	HIGH	HIGH	0	NONE	gala_0	0	0	3	LONG_RANGE_SENSORS	0	0	1	2	0	VERY_HIGH	f	FUEL	HOME_PLANET	\N	28800	14400	t	f	NONE	0	t	EASY	\N	0	0	f	\N	t	f	\N	0	\N	f	f
66	2021-08-08 08:56:41.661522	1	VisibleObjectsIntegrationTest.shouldDisplayCloakedShips	CONQUEST	t	f	16	2021-08-08 09:37:38.490364	f	f	t	f	CIRCLE_AROUND_CENTER	STAR_BASE	LOSE_HOME_PLANET	2	1250	7500	0.25	HIGH	HIGH	0	NONE	gala_0	0	0	3	LONG_RANGE_SENSORS	0	0	1	2	0	VERY_HIGH	f	FUEL	HOME_PLANET	\N	28800	14400	t	f	NONE	0	t	EASY	\N	0	0	f	\N	t	t	REGION	12	\N	f	f
67	2021-08-09 16:37:05.579351	1	SpaceCombatRoundCalculatorIntegrationTest.shouldDestroyShipThatConstructedJumpPortal	SURVIVE	t	f	15	2021-08-09 16:46:14.618107	f	f	t	f	CIRCLE_AROUND_CENTER	STAR_BASE	LOSE_HOME_PLANET	2	250	7500	0.25	HIGH	HIGH	0	NONE	gala_0	0	0	3	LONG_RANGE_SENSORS	0	0	1	2	0	VERY_HIGH	f	FUEL	HOME_PLANET	\N	28800	14400	t	f	NONE	0	t	EASY	\N	0	0	f	\N	f	f	REGION	12	\N	f	f
68	2021-08-16 08:24:06.16417	1	DeathDeathFoeGameRemovalIntegrationTest.shouldDeleteTeamDeathFoeGame	DEATH_FOE	t	f	1	2021-08-16 08:24:18.189266	f	f	t	f	CIRCLE_AROUND_CENTER	STAR_BASE	LOSE_HOME_PLANET	3	1000	7500	0.25	HIGH	HIGH	0	NONE	gala_0	0	0	3	LONG_RANGE_SENSORS	0	0	1	2	0	VERY_HIGH	f	FUEL	HOME_PLANET	\N	28800	14400	t	f	NONE	0	t	EASY	\N	0	0	f	\N	f	f	REGION	12	\N	f	f
69	2021-09-02 19:33:15.669366	1	GameStartHelperIntegrationTest.shouldCreateStartPositionsWithEqualDistance	SURVIVE	f	f	1	2021-09-02 19:33:15.669366	f	f	t	f	EQUAL_DISTANCE	STAR_BASE	LOSE_HOME_PLANET	2	1000	7500	0.25	HIGH	HIGH	0	NONE	gala_0	0	0	3	LONG_RANGE_SENSORS	0	0	1	2	0	VERY_HIGH	f	FUEL	HOME_PLANET	\N	28800	14400	f	f	NONE	0	t	EASY	\N	0	0	f	\N	f	f	REGION	12	\N	f	f
70	2022-05-06 09:52:20.865589	1	Ingame Page Basic Tests	NONE	t	f	1	2022-05-06 09:52:29.374965	f	f	t	f	CIRCLE_AROUND_CENTER	STAR_BASE	LOSE_HOME_PLANET	1	250	7500	0.25	HIGH	HIGH	0	NONE	gala_0	0	0	3	LONG_RANGE_SENSORS	0	0	1	2	0	VERY_HIGH	f	FUEL	HOME_PLANET	\N	28800	14400	t	f	NONE	0	t	EASY	\N	0	0	f	\N	f	f	REGION	12	\N	f	f
71	2022-05-07 14:18:35.443184	1	Overview Modal Test Game	INVASION	t	f	9	2022-05-07 14:20:56.334158	f	f	t	f	CIRCLE_AROUND_CENTER	STAR_BASE	LOSE_HOME_PLANET	1	250	7500	0.25	HIGH	HIGH	0	NONE	gala_0	0	0	3	LONG_RANGE_SENSORS	0	0	1	2	0	VERY_HIGH	f	FUEL	HOME_PLANET	\N	28800	14400	t	f	NONE	0	t	EASY	\N	0	0	f	\N	f	f	REGION	12	\N	f	f
72	2022-05-16 16:14:04.814002	1	Should mark overview as viewed	NONE	t	f	2	2022-05-16 16:14:26.559027	f	f	t	f	CIRCLE_AROUND_CENTER	STAR_BASE	LOSE_HOME_PLANET	1	250	7500	0.25	HIGH	HIGH	0	NONE	gala_0	0	0	3	LONG_RANGE_SENSORS	0	0	1	2	0	VERY_HIGH	f	FUEL	HOME_PLANET	10000	28800	14400	t	f	NONE	0	t	EASY	\N	0	0	f	\N	f	f	REGION	12	\N	f	f
73	2022-05-24 11:15:14.880615	1	AIEasyStarbasesIntegrationTest.shouldBuildSubparticleClusterShip	NONE	t	f	4	2022-05-24 11:16:20.077821	f	f	t	f	CIRCLE_AROUND_CENTER	STAR_BASE	LOSE_HOME_PLANET	1	250	7500	0.25	HIGH	HIGH	0	NONE	gala_0	0	0	3	LONG_RANGE_SENSORS	0	0	1	2	0	VERY_HIGH	f	FUEL	HOME_PLANET	10000	28800	14400	t	f	NONE	0	t	EASY	\N	0	0	f	\N	f	f	REGION	12	\N	f	f
74	2022-05-24 11:32:11.70655	1	AIEasyStarbasesIntegrationTest.shouldBuildQuarksReorganizerShip	NONE	t	f	5	2022-05-24 11:33:26.871305	f	f	t	f	CIRCLE_AROUND_CENTER	STAR_BASE	LOSE_HOME_PLANET	1	250	7500	0.25	HIGH	HIGH	0	NONE	gala_0	0	0	3	LONG_RANGE_SENSORS	0	0	1	2	0	VERY_HIGH	f	FUEL	HOME_PLANET	10000	28800	14400	t	f	NONE	0	t	EASY	\N	0	0	f	\N	f	f	REGION	12	\N	f	f
75	2022-05-24 11:48:34.098725	1	AIEasyStarbasesIntegrationTest.shouldNotBuildAnyShip	NONE	t	f	6	2022-05-24 11:49:47.682344	f	f	t	f	CIRCLE_AROUND_CENTER	STAR_BASE	LOSE_HOME_PLANET	1	250	7500	0.25	HIGH	HIGH	0	NONE	gala_0	0	0	3	LONG_RANGE_SENSORS	0	0	1	2	0	VERY_HIGH	f	FUEL	HOME_PLANET	10000	28800	14400	t	f	NONE	0	t	EASY	\N	0	0	f	\N	f	f	REGION	12	\N	f	f
76	2022-05-27 13:22:04.070679	1	Ship Navigation Tests	NONE	t	f	15	2022-05-27 13:42:12.602873	f	f	t	f	CIRCLE_AROUND_CENTER	STAR_BASE	LOSE_HOME_PLANET	2	250	7500	0.25	HIGH	HIGH	0	NONE	gala_0	0	0	3	LONG_RANGE_SENSORS	0	0	1	2	0	VERY_HIGH	f	FUEL	HOME_PLANET	10000	28800	14400	t	f	NONE	0	t	EASY	\N	0	0	f	\N	f	f	REGION	12	\N	f	f
77	2022-06-06 10:32:42.882668	1	GameToBeDeletedByAdmin	SURVIVE	t	f	5	2022-06-06 10:33:52.047251	f	f	t	f	CIRCLE_AROUND_CENTER	STAR_BASE	LOSE_HOME_PLANET	2	250	7500	0.25	HIGH	HIGH	0	NONE	gala_0	0	0	3	LONG_RANGE_SENSORS	0	0	1	2	0	VERY_HIGH	f	FUEL	HOME_PLANET	10000	28800	14400	t	f	NONE	0	t	EASY	\N	0	0	f	\N	f	f	REGION	12	\N	f	f
78	2022-06-12 11:43:45.796749	1	ShipOrdersServiceIntegrationTest	NONE	t	f	4	2022-06-12 11:55:29.055046	f	f	t	f	CIRCLE_AROUND_CENTER	STAR_BASE	LOSE_HOME_PLANET	1	250	7500	0.25	HIGH	HIGH	0	NONE	gala_0	0	0	3	LONG_RANGE_SENSORS	0	0	1	2	0	VERY_HIGH	f	FUEL	HOME_PLANET	10000	28800	14400	t	f	NONE	0	t	EASY	\N	0	0	f	\N	f	f	REGION	12	\N	f	f
79	2022-06-12 14:18:39.935847	1	Ship Routes	NONE	t	f	8	2022-06-12 14:24:53.00109	f	f	t	f	CIRCLE_AROUND_CENTER	STAR_BASE	LOSE_HOME_PLANET	1	250	7500	0.25	HIGH	HIGH	0	NONE	gala_0	0	0	3	LONG_RANGE_SENSORS	0	0	1	2	0	VERY_HIGH	f	FUEL	HOME_PLANET	10000	28800	14400	t	f	NONE	0	t	EASY	\N	0	0	f	\N	f	f	REGION	12	\N	f	f
80	2022-06-13 19:25:45.68929	1	FleetResourceServiceIntegrationTest	NONE	t	f	6	2022-06-13 19:27:07.229967	f	f	t	f	CIRCLE_AROUND_CENTER	STAR_BASE	LOSE_HOME_PLANET	1	250	7500	0.25	HIGH	HIGH	0	NONE	gala_0	0	0	3	LONG_RANGE_SENSORS	0	0	1	2	0	VERY_HIGH	f	FUEL	HOME_PLANET	10000	28800	14400	t	f	NONE	0	t	EASY	\N	0	0	f	\N	f	f	REGION	12	\N	f	f
81	2022-06-16 16:29:01.822338	1	Orbital System Removal	NONE	t	f	2	2022-06-16 16:29:25.620331	f	f	t	f	CIRCLE_AROUND_CENTER	STAR_BASE	LOSE_HOME_PLANET	1	250	7500	0.25	HIGH	HIGH	0	NONE	gala_0	0	0	3	LONG_RANGE_SENSORS	0	0	1	2	0	VERY_HIGH	f	FUEL	HOME_PLANET	10000	28800	14400	t	f	NONE	0	t	EASY	\N	0	0	f	\N	f	f	REGION	12	\N	f	f
82	2022-06-17 15:36:19.86749	1	Fleet Creation	NONE	t	f	2	2022-06-17 15:36:31.418717	f	f	t	f	CIRCLE_AROUND_CENTER	STAR_BASE	LOSE_HOME_PLANET	1	250	7500	0.25	HIGH	HIGH	0	NONE	gala_0	0	0	3	LONG_RANGE_SENSORS	0	0	1	2	0	VERY_HIGH	f	FUEL	HOME_PLANET	10000	28800	14400	t	f	NONE	0	t	EASY	\N	0	0	f	\N	f	f	REGION	12	\N	f	f
83	2022-06-18 14:23:08.000946	1	Fleet Leader	NONE	t	f	7	2022-06-18 14:42:07.235189	f	f	t	f	CIRCLE_AROUND_CENTER	STAR_BASE	LOSE_HOME_PLANET	1	250	7500	0.25	HIGH	HIGH	0	NONE	gala_0	0	0	3	LONG_RANGE_SENSORS	0	0	1	2	0	VERY_HIGH	f	FUEL	HOME_PLANET	10000	28800	14400	t	f	NONE	0	t	EASY	\N	0	0	f	\N	f	f	REGION	12	\N	f	f
86	2022-07-01 16:23:26.420677	1	Fleet Ship List	NONE	t	f	7	2022-07-01 16:44:02.947197	f	f	t	f	CIRCLE_AROUND_CENTER	STAR_BASE	LOSE_HOME_PLANET	1	250	7500	0.25	HIGH	HIGH	0	NONE	gala_0	0	0	3	LONG_RANGE_SENSORS	0	0	1	2	0	VERY_HIGH	f	FUEL	HOME_PLANET	10000	28800	14400	t	f	NONE	0	t	EASY	\N	0	0	f	\N	f	f	REGION	12	\N	f	f
84	2022-06-22 17:02:21.916851	1	Ship Transport	NONE	t	f	11	2022-07-04 20:01:32.051977	f	f	t	f	CIRCLE_AROUND_CENTER	STAR_BASE	LOSE_HOME_PLANET	1	250	7500	0.25	HIGH	HIGH	0	NONE	gala_0	0	0	3	LONG_RANGE_SENSORS	0	0	1	2	0	VERY_HIGH	f	FUEL	HOME_PLANET	10000	28800	14400	t	f	NONE	0	t	EASY	\N	0	0	f	\N	f	f	REGION	12	\N	f	f
87	2022-07-05 17:54:10.346486	1	Transport To Foreign Planet	SURVIVE	t	f	4	2022-07-05 18:11:40.589534	f	f	t	f	CIRCLE_AROUND_CENTER	STAR_BASE	LOSE_HOME_PLANET	2	250	7500	0.25	HIGH	HIGH	0	NONE	gala_0	0	0	3	LONG_RANGE_SENSORS	0	0	1	2	0	VERY_HIGH	f	FUEL	HOME_PLANET	10000	28800	14400	t	t	NONE	0	t	EASY	\N	0	0	f	\N	f	f	REGION	12	\N	f	f
88	2022-07-08 17:15:41.428216	1	Extended Transporter Range	NONE	t	f	8	2022-07-08 17:31:06.331302	f	f	t	f	CIRCLE_AROUND_CENTER	STAR_BASE	LOSE_HOME_PLANET	1	250	7500	0.25	HIGH	HIGH	0	NONE	gala_0	0	0	3	LONG_RANGE_SENSORS	0	0	1	2	0	VERY_HIGH	f	FUEL	HOME_PLANET	10000	28800	14400	t	f	NONE	0	t	EASY	\N	0	0	f	\N	f	f	REGION	12	\N	f	f
89	2022-07-11 17:23:29.435139	1	test	SURVIVE	f	f	1	2022-07-11 17:23:29.435139	f	f	t	f	CIRCLE_AROUND_CENTER	STAR_BASE	LOSE_HOME_PLANET	2	1000	7500	0.25	HIGH	HIGH	0	NONE	gala_0	0	0	3	LONG_RANGE_SENSORS	0	0	1	2	0	VERY_HIGH	f	FUEL	HOME_PLANET	10000	28800	14400	f	f	NONE	0	t	EASY	\N	0	0	f	\N	f	f	REGION	12	\N	f	f
90	2022-07-17 09:49:01.605302	1	Fleet Fuel	NONE	t	f	8	2022-07-17 09:50:29.110035	f	f	t	f	CIRCLE_AROUND_CENTER	STAR_BASE	LOSE_HOME_PLANET	1	250	7500	0.25	HIGH	HIGH	0	NONE	gala_0	0	0	3	LONG_RANGE_SENSORS	0	0	1	2	0	VERY_HIGH	f	FUEL	HOME_PLANET	10000	28800	14400	t	f	NONE	0	t	EASY	\N	0	0	f	\N	f	f	REGION	12	\N	f	f
91	2022-07-23 12:31:18.252366	1	Fleet fuel without fuel on planet	NONE	t	f	10	2022-07-23 12:33:59.711422	f	f	t	f	CIRCLE_AROUND_CENTER	STAR_BASE	LOSE_HOME_PLANET	1	250	7500	0.25	HIGH	HIGH	0	NONE	gala_0	0	0	3	LONG_RANGE_SENSORS	0	0	1	2	0	VERY_HIGH	f	FUEL	HOME_PLANET	10000	28800	14400	t	f	NONE	0	t	EASY	\N	0	0	f	\N	f	f	REGION	12	\N	f	f
92	2022-07-25 16:52:30.133735	1	Fleet fuel with fuel on planet	NONE	t	f	5	2022-07-25 16:53:30.756876	f	f	t	f	CIRCLE_AROUND_CENTER	STAR_BASE	LOSE_HOME_PLANET	1	250	7500	0.25	HIGH	HIGH	0	NONE	gala_0	0	0	3	LONG_RANGE_SENSORS	0	0	1	2	0	VERY_HIGH	f	FUEL	HOME_PLANET	10000	28800	14400	t	f	NONE	0	t	EASY	\N	0	0	f	\N	f	f	REGION	12	\N	f	f
93	2022-07-30 09:24:18.468557	1	Fleet Fuel with a lot of fuel on planet	NONE	t	f	12	2022-07-30 11:08:01.635655	f	f	t	f	CIRCLE_AROUND_CENTER	STAR_BASE	LOSE_HOME_PLANET	1	250	7500	0.25	HIGH	HIGH	0	NONE	gala_0	0	0	3	LONG_RANGE_SENSORS	0	0	1	2	0	VERY_HIGH	f	FUEL	HOME_PLANET	10000	28800	14400	t	f	NONE	0	t	EASY	\N	0	0	f	\N	f	f	REGION	12	\N	f	f
94	2022-07-31 10:16:48.773203	1	GroundCombatRoundCalculatorIntegrationTest.shouldCalculateForPlanetWithoutColonistsButGroundUnits	NONE	t	f	11	2022-07-31 10:23:30.006521	f	f	t	f	CIRCLE_AROUND_CENTER	STAR_BASE	LOSE_HOME_PLANET	2	250	7500	0.25	HIGH	HIGH	0	NONE	gala_0	0	0	3	LONG_RANGE_SENSORS	0	0	1	2	0	VERY_HIGH	f	FUEL	HOME_PLANET	10000	28800	14400	t	f	NONE	0	t	EASY	\N	0	0	f	\N	f	f	REGION	12	\N	f	f
95	2022-09-30 17:35:28.626019	7	Game Update Test	SURVIVE	f	f	1	2022-09-30 17:35:28.626019	f	f	t	f	CIRCLE_AROUND_CENTER	STAR_BASE	LOSE_HOME_PLANET	2	1000	7500	0.25	HIGH	HIGH	0	NONE	gala_0	0	0	3	LONG_RANGE_SENSORS	0	0	1	2	0	VERY_HIGH	f	FUEL	HOME_PLANET	10000	28800	14400	f	f	NONE	0	t	EASY	\N	0	0	f	\N	f	f	REGION	12	\N	f	f
96	2023-03-11 14:11:44.448614	1	AIEasyPoliticsIntegrationTest.shouldAcceptAllRequests	SURVIVE	t	f	1	2023-03-11 14:11:58.248318	f	f	t	f	CIRCLE_AROUND_CENTER	STAR_BASE	LOSE_HOME_PLANET	2	250	7500	0.25	HIGH	HIGH	0	NONE	gala_0	0	0	3	LONG_RANGE_SENSORS	0	0	1	2	0	VERY_HIGH	f	FUEL	HOME_PLANET	10000	28800	14400	t	f	NONE	0	t	EASY	\N	0	0	f	\N	f	f	REGION	12	\N	f	f
97	2023-03-17 11:07:29.494974	1	IngameServiceIntegrationTest.shouldFinishTurn	SURVIVE	t	f	1	2023-03-17 10:07:37.814168	f	f	t	f	CIRCLE_AROUND_CENTER	STAR_BASE	LOSE_HOME_PLANET	2	250	7500	0.25	HIGH	HIGH	0	NONE	gala_0	0	0	3	LONG_RANGE_SENSORS	0	0	1	2	0	VERY_HIGH	f	FUEL	HOME_PLANET	10000	28800	14400	t	f	NONE	0	t	EASY	\N	0	0	f	\N	f	f	REGION	12	\N	f	f
98	2023-03-25 08:54:54.501521	1	WormholeCreatorIntegrationTest.shouldAddUnstableWormholes	NONE	f	f	1	2023-03-25 08:54:54.501521	f	f	t	f	CIRCLE_AROUND_CENTER	STAR_BASE	LOSE_HOME_PLANET	1	1000	7500	0.25	HIGH	HIGH	3	NONE	gala_0	0	0	3	LONG_RANGE_SENSORS	0	0	1	2	0	VERY_HIGH	f	FUEL	HOME_PLANET	10000	28800	14400	f	f	NONE	0	t	EASY	\N	0	0	f	\N	f	f	REGION	12	\N	f	f
99	2023-03-25 08:58:37.752798	1	WormholeCreatorIntegrationTest.shouldAddStableWormholes	NONE	f	f	1	2023-03-25 08:58:37.752798	f	f	t	f	CIRCLE_AROUND_CENTER	STAR_BASE	LOSE_HOME_PLANET	1	250	7500	0.25	HIGH	HIGH	0	TWO_WEST_EAST	gala_0	0	0	3	LONG_RANGE_SENSORS	0	0	1	2	0	VERY_HIGH	f	FUEL	HOME_PLANET	10000	28800	14400	f	f	NONE	0	t	EASY	\N	0	0	f	\N	f	f	REGION	12	\N	f	f
102	2023-03-25 17:14:09.957935	1	GameStartPlayerHelperIntegrationTest.shouldAssignPlayerRelations	DEATH_FOE	f	f	1	2023-03-25 17:14:09.957935	f	f	t	f	CIRCLE_AROUND_CENTER	STAR_BASE	LOSE_HOME_PLANET	4	250	7500	0.25	HIGH	HIGH	0	NONE	gala_0	0	0	3	LONG_RANGE_SENSORS	0	0	1	2	0	VERY_HIGH	f	FUEL	HOME_PLANET	10000	28800	14400	f	f	NONE	0	t	EASY	\N	0	0	f	\N	f	f	REGION	12	\N	t	f
103	2023-03-25 14:29:19.826867	1	GameStartPlayerHelperIntegrationTest.shouldAssignDeathFoes	DEATH_FOE	f	f	1	2023-03-25 14:29:19.826867	f	f	t	f	CIRCLE_AROUND_CENTER	STAR_BASE	LOSE_HOME_PLANET	3	250	7500	0.25	HIGH	HIGH	0	NONE	gala_0	0	0	3	LONG_RANGE_SENSORS	0	0	1	2	0	VERY_HIGH	f	FUEL	HOME_PLANET	10000	28800	14400	f	f	NONE	0	t	EASY	\N	0	0	f	\N	f	f	REGION	12	\N	f	f
101	2023-03-25 14:49:11.50906	1	WinConditionCalculatorIntegrationTest.shouldFinishGameBecauseAllPlayersWon	INVASION	t	f	2	2023-03-25 13:49:21.046994	f	f	t	f	CIRCLE_AROUND_CENTER	STAR_BASE	LOSE_HOME_PLANET	2	250	7500	0.25	HIGH	HIGH	0	NONE	gala_0	0	0	3	LONG_RANGE_SENSORS	0	0	1	2	0	VERY_HIGH	f	FUEL	HOME_PLANET	10000	28800	14400	t	f	NONE	12	t	HARD	\N	0	0	f	\N	f	f	REGION	12	\N	f	f
100	2023-03-25 14:46:25.656601	1	WinConditionCalculatorIntegrationTest.shouldFinishGameBecauseAllPlayersLost	SURVIVE	t	f	2	2023-03-25 13:46:39.375591	f	f	t	f	CIRCLE_AROUND_CENTER	STAR_BASE	LOSE_HOME_PLANET	2	250	7500	0.25	HIGH	HIGH	0	NONE	gala_0	0	0	3	LONG_RANGE_SENSORS	0	0	1	2	0	VERY_HIGH	f	FUEL	HOME_PLANET	10000	28800	14400	t	f	NONE	0	t	EASY	\N	0	0	f	\N	f	f	REGION	12	\N	f	f
104	2023-03-26 09:11:35.069329	1	DashboardServiceIntegrationTest.shouldUpdateTeamsWhenChangingGame	SURVIVE	f	f	1	2023-03-26 09:11:35.069329	f	f	t	f	CIRCLE_AROUND_CENTER	STAR_BASE	LOSE_HOME_PLANET	4	250	7500	0.25	HIGH	HIGH	0	NONE	gala_0	0	0	3	LONG_RANGE_SENSORS	0	0	1	2	0	VERY_HIGH	f	FUEL	HOME_PLANET	10000	28800	14400	f	f	NONE	0	t	EASY	\N	0	0	f	\N	f	f	REGION	12	\N	f	f
105	2023-03-26 11:33:02.357309	1	TeamServiceIntegrationTest	INVASION	f	f	1	2023-03-26 11:33:02.357309	f	f	t	f	CIRCLE_AROUND_CENTER	STAR_BASE	LOSE_HOME_PLANET	4	250	7500	0.25	HIGH	HIGH	0	NONE	gala_0	0	0	3	LONG_RANGE_SENSORS	0	0	1	2	0	VERY_HIGH	f	FUEL	HOME_PLANET	10000	28800	14400	f	f	NONE	0	t	EASY	\N	0	0	f	\N	f	f	REGION	12	\N	t	f
106	2023-03-28 10:22:54.997748	1	ConquestServiceIntegrationTest.shouldNotProcessBecauseNoPlayerHasConqueredPlanet	CONQUEST	t	f	1	2023-03-28 08:23:03.988404	f	f	t	f	CIRCLE_AROUND_CENTER	STAR_BASE	LOSE_HOME_PLANET	2	250	7500	0.25	HIGH	HIGH	0	NONE	gala_0	0	0	3	LONG_RANGE_SENSORS	0	0	1	2	0	VERY_HIGH	f	FUEL	HOME_PLANET	10000	28800	14400	t	f	NONE	0	t	EASY	\N	0	0	f	\N	f	f	PLANET	12	2128	f	f
107	2023-03-28 10:23:29.798116	1	ConquestServiceIntegrationTest.shouldNotProcessBecauseNoPlayerHasShipInCenter	CONQUEST	t	f	1	2023-03-28 08:23:37.560173	f	f	t	f	CIRCLE_AROUND_CENTER	STAR_BASE	LOSE_HOME_PLANET	2	250	7500	0.25	HIGH	HIGH	0	NONE	gala_0	0	0	3	LONG_RANGE_SENSORS	0	0	1	2	0	VERY_HIGH	f	FUEL	HOME_PLANET	10000	28800	14400	t	f	NONE	0	t	EASY	\N	0	0	f	\N	f	f	REGION	12	\N	f	f
108	2023-03-28 10:28:47.481379	1	ConquestServiceIntegrationTest.shouldNotProcessBecauseMultiplePlayersRivalHaveShipsInCenter	CONQUEST	t	f	6	2023-03-28 08:29:41.330252	f	f	t	f	CIRCLE_AROUND_CENTER	STAR_BASE	LOSE_HOME_PLANET	2	250	7500	0.25	HIGH	HIGH	0	NONE	gala_0	0	0	3	LONG_RANGE_SENSORS	0	0	1	2	0	VERY_HIGH	f	FUEL	HOME_PLANET	10000	28800	14400	t	f	NONE	0	t	EASY	\N	0	0	f	\N	f	f	REGION	12	\N	f	f
109	2023-03-28 10:49:59.432468	1	ConquestServiceIntegrationTest.shouldGainVictoryPointBecauseCenterPlanetOwned	CONQUEST	t	f	4	2023-03-28 08:50:56.276537	f	f	t	f	CIRCLE_AROUND_CENTER	STAR_BASE	LOSE_HOME_PLANET	2	250	7500	0.25	HIGH	HIGH	0	NONE	gala_0	0	0	3	LONG_RANGE_SENSORS	0	0	1	2	0	VERY_HIGH	f	FUEL	HOME_PLANET	10000	28800	14400	t	f	NONE	0	t	EASY	\N	0	0	f	\N	f	f	PLANET	12	2151	f	f
110	2023-03-28 11:00:40.199183	1	ConquestServiceIntegrationTest.shouldGainVictoryPointBecauseOnePlayerHasShipsInCenter	CONQUEST	t	f	8	2023-03-28 09:03:55.563009	f	f	t	f	CIRCLE_AROUND_CENTER	STAR_BASE	LOSE_HOME_PLANET	2	250	7500	0.25	HIGH	HIGH	0	NONE	gala_0	0	0	3	LONG_RANGE_SENSORS	0	0	1	2	0	VERY_HIGH	f	FUEL	HOME_PLANET	10000	28800	14400	t	f	NONE	0	t	EASY	\N	0	0	f	\N	f	f	REGION	12	\N	f	f
111	2023-03-28 13:08:01.012577	1	ConquestServiceIntegrationTest.shouldGainVictoryPointBecausePlayersOfSameTeamHaveShipsInCenter	CONQUEST	t	f	3	2023-03-28 09:09:24.627193	f	f	t	f	CIRCLE_AROUND_CENTER	STAR_BASE	LOSE_HOME_PLANET	3	250	7500	0.25	HIGH	HIGH	0	NONE	gala_0	0	0	3	LONG_RANGE_SENSORS	0	0	1	2	0	VERY_HIGH	f	FUEL	HOME_PLANET	10000	28800	14400	t	f	NONE	0	t	EASY	\N	0	0	f	\N	f	f	REGION	12	\N	t	f
\.


--
-- Data for Name: i18n; Type: TABLE DATA; Schema: public; Owner: skrupeladmin
--

COPY public.i18n (id, key, language, value) FROM stdin;
1	orion	en	Orion Conglomerate
2	orion	de	Orion Konglomerat
3	description_orion	de	Beim Konglomerat handelt es sich um einen militärisch organisierten Zusammenschluss aller dominierenden Welten des Orionsektors zum Ziele der gemeinsamen Erschliessung neuer biologischer und geologischer Ressourcen.<br/>Entsprechende Unterwerfungen neuer ressourcenreicher Welten verlaufen zumeist nach identischem Prinzip. Sie werden langfristig observiert, bis eine Möglichkeit gefunden wurde, einen entsprechenden viralen Stoff (biologisch oder nanotechnologisch) zu entwickeln, welcher nur die intelligente Spezies auf den Planeten ausrottet, so die Planeten und ihre Oberfläche schont und eine erneute Besiedlung durch die Konglomeratsvölker ermöglicht.
4	description_orion	en	The conglomerate is a militarily organised association of all dominating worlds of the Orion sector. Its goal is the shared exploitation of new biological and geological resources.<br/>The subjagation of resource rich worlds is always carried out the same way: They are observed extensively until an opportunity is found to develop a viral substance (biological or nano-based) that only exterminates the intelligent species of a planet while preserving the planets surface, making the subsequent colonization of conglomerate species possible.
5	orion_1	de	Drasid Frachter
6	orion_1	en	Drasid Freighter
7	orion_5	de	Sporiin Scout
8	orion_5	en	Sporiin Scout
9	orion_10	de	Hohinaf
10	orion_10	en	Hohinaf
11	orion_15	de	Seseal
12	orion_15	en	Seseal
13	orion_7	de	Quan Spion
14	orion_7	en	Quan Spy
15	orion_2	de	Trova Frachter
16	orion_2	en	Trova Freighter
17	orion_16	de	Swidrol
18	orion_16	en	Swidrol
19	orion_6	de	Xirclarod
20	orion_6	en	Xirclarod
21	orion_17	de	Drovoloon
22	orion_17	en	Drovoloon
23	orion_14	de	Guadrol
24	orion_14	en	Guadrol
25	orion_18	de	Erakzil
26	orion_18	en	Erakzil
27	orion_3	de	Xadron Frachter
28	orion_3	en	Xadron Freighter
29	orion_13	de	Bundaram
30	orion_13	en	Bundaram
31	orion_8	de	Zundrum
32	orion_8	en	Zundrum
33	orion_12	de	Frodury
34	orion_12	en	Frodury
35	orion_4	de	Niolan Frachter
36	orion_4	en	Niolan Freighter
37	orion_11	de	Ciroxyt
38	orion_11	en	Ciroxyt
39	orion_9	de	Woalytix
40	orion_9	en	Woalytix
41	kuatoh	de	Kuatoh
42	kuatoh	en	Kuatoh
43	description_kuatoh	de	Über Jahrmillionen hinweg konnte sich Kuatoh ungestört entwickeln, bis zu dem Tag an dem die Fremden kamen. Die waren nicht wie Kuatoh einsmiteinander, die waren jeder für sich. Sie vermassen und analysierten Kuatoh und stellten fest, dass Kuatoh geeignet sei, ihr eigenes expandierendes Leben aufzunehmen. Sie waren sehr zufrieden.\n<br/>\nDann kamen Artgenossen der Fremden, sie waren auch jeder für sich. Kuatoh verstand es nicht aber es kam zum Krieg, Kuatoh brannte und litt.\n<br/>\nNahe seinem Versiegen, erhob sich Kuatoh einsmiteinander gegen jene, welche jeder für sich waren. Nachdem er sie überrannt hatte, musste er feststellen, dass sie nicht die einzigen waren, die jeder für sich waren. Es gab viele, alle waren jeder für sich, alle bekriegten ihre Artgenossen. Leben, welches jedes für sich war, musste falsch sein.\n<br/>\nDank der Überreste der Fremden lernte Kuatoh schnell Teile seiner Selbst zu erheben, um Irrtümer der Galaxie zu heilen.\n
44	description_kuatoh	en	For millions of years Kuatoh was able to develop undisturbed until the day the others came. They were not One like Kuatoh, they were each their own. They measured and analysed Kuatoh and concluded that Kuatoh is suitable to accept their own expanding life. They were very satisfied.<br/>Then other members of the others came; they also were each their own. Kuatoh did not understand but war broke out. Kuatoh burned and suffered.<br/>Near defeat Kuatoh rose up as One against those that were each their own. After defeating them Kuatoh saw that the others were not the only ones that were each their own. There were many, each their own, and all of them waged war with each other. Life that was each their own had to be wrong.<br/>Thanks to the remains of the others Kuatoh quickly learned to lift parts of itself to heal the wrongs of the galaxy.
45	kuatoh_1	de	Sporenkapsel
46	kuatoh_1	en	Spore capsule
47	kuatoh_2	de	Sporenkapsel (reif)
48	kuatoh_2	en	Spore capsule (mature)
49	kuatoh_3	de	Biodrom
50	kuatoh_3	en	Biodrom
51	trodan	de	Trodan Imperium
52	trodan	en	Trodan Empire
53	description_trodan	de	Die Trodan wurden von ihrem ursprünglichen Heimatplaneten aufgrund einer fehlgeschlagenen Revolte gegen ein religiöses Regime vertrieben. In der neu gefunden Heimat wurde jegliche Religion oder andere Formen von Spiritualität fortan unterdrückt, wodurch allerdings ein starker Militarismus enstand. Enorme Ressourcen wurden in den Bau von Kriegsschiffen und Forschung investiert. Mit Hilfe der so entstandenen Tarnschiffen war es den Trodan ein leichtes, sich in der Galaxie auszubreiten und so ein Imperium aufzubauen, welches bald auch das ihrer ursprünglichen Heimat überholte.
54	description_trodan	en	The Trodan were exiled from their original home planet due to a failed revolte against a religious regime. In the newly found home religion or any other forms of spirituality was supressed, enabling the rise of a strong military doctrin instead. Huge amounts of resources were invested into science and the construction of war ships. This lead to the construction of cloaked ships that facilitated the rise of the Trodan empire which soon surpassed the one of their original home.
55	trodan_1	de	Odral
56	trodan_1	en	Odral
57	trodan_2	de	Nomad
58	trodan_2	en	Nomad
59	trodan_3	de	Science-Klasse
60	trodan_3	en	Science Class
61	trodan_4	de	Agrey
62	trodan_4	en	Agrey
63	trodan_5	de	Doays
64	trodan_5	en	Doays
65	trodan_6	de	Zaat
66	trodan_6	en	Zaat
67	trodan_7	de	Coturn
68	trodan_7	en	Coturn
69	trodan_8	de	Vuruta
70	trodan_8	en	Vuruta
71	trodan_9	de	Neron
72	trodan_9	en	Neron
73	trodan_22	de	Bebrone
74	trodan_22	en	Bebrone
75	trodan_10	de	Valatune
76	trodan_10	en	Valatune
77	trodan_11	de	Lihenia
78	trodan_11	en	Lihenia
79	trodan_12	de	Vitinus
80	trodan_12	en	Vitinus
81	trodan_13	de	Disiult
82	trodan_13	en	Disiult
83	trodan_21	de	Estrara
84	trodan_21	en	Estrara
85	trodan_19	de	Yulara
86	trodan_19	en	Yulara
87	trodan_14	de	Vileron
88	trodan_14	en	Vileron
89	trodan_15	de	Violiv
90	trodan_15	en	Violiv
91	trodan_16	de	Dacrussi
92	trodan_16	en	Dacrussi
93	trodan_17	de	Vodurn
94	trodan_17	en	Vodurn
95	trodan_20	de	Laonus
96	trodan_20	en	Laonus
97	trodan_18	de	Noxunus
98	trodan_18	en	Noxunus
99	nightmare	de	Alptraum Flotte
100	nightmare	en	Nightmare Fleet
101	description_nightmare	de	Niemand weiß was sind sind. Wenn Sie in Schwärmen kommen hinterlassen zerstörte Sonnensysteme und Zivilisationen. Bereits einzelne Schiffe können riesigen Schaden anrichten. Es ist bis heute nicht geklärt, ob es sich eigentlich um Schiffe oder tatsächliche Lebewesen handelt, da noch niemand einen direkten Kontakt überlebt hat.
102	description_nightmare	en	Nobody knows what they are. When they arrive in swarms they leave behind destroyed solar systems and civilisations. Even a single ship can wreck devastation. To this day it is unclear if they are ships or actual living organisms since no one survives direct contact.
103	nightmare_1	de	Kleiner Frachter
104	nightmare_1	en	Small Freighter
105	nightmare_2	de	Scout
106	nightmare_2	en	Scout
107	nightmare_3	de	Eskorte
108	nightmare_3	en	Escort
109	nightmare_4	de	Tanker
110	nightmare_4	en	Tanker
111	nightmare_5	de	Mittlerer Frachter
112	nightmare_5	en	Medium Freighter
113	nightmare_6	de	Kleiner Kreuzer
114	nightmare_6	en	Small Cruiser
115	nightmare_7	de	Transporter
116	nightmare_7	en	Transport
117	nightmare_8	de	Kreuzer
118	nightmare_8	en	Cruiser
119	nightmare_9	de	Kleiner Zerstörer
120	nightmare_9	en	Small Destroyer
121	nightmare_10	de	Zerstörer
122	nightmare_10	en	Destroyer
123	nightmare_11	de	Träger
124	nightmare_11	en	Carrier
125	nightmare_12	de	Fregatte
126	nightmare_12	en	Frigate
127	nightmare_13	de	Großer Frachter
128	nightmare_13	en	Big Freighter
129	nightmare_14	de	Große Fregatte
130	nightmare_14	en	Big Frigate
131	nightmare_15	de	Lab-Schiff I
132	nightmare_15	en	Lab-Ship I
133	nightmare_16	de	Erweiterter Frachter
134	nightmare_16	en	Extended Freighter
135	nightmare_17	de	Mutterschiff
136	nightmare_17	en	Mothership
137	nightmare_18	de	Lab-Schiff II
138	nightmare_18	en	Lab-Ship II
139	silverstarag	de	Silver Star AG
140	silverstarag	en	Silver Star AG
141	description_silverstarag	de	Die Silver Star AG (Aerospace Group), nicht zu verwechseln mit einer Aktiengesellschaft, wurde einst gegründet unter der Herrschafft der Handelsföderation. Schon damals war vielen bewusst das sich dieses große Unternehmen nur ungern ins Geschäft reden ließ. Es dauerte auch nicht lange und die Silver Star AG setzte sich von der Handelsföderation ab. Dabei genoss das Unternehmen fortlaufend die finanzielle Unterstützung von privaten als auch öffentlichen Einrichtungen. Nach einer schnellen Expansion gab es einen langanhaltenden Grenzkonflikt mit einem Wettbewerber, der sich nicht aufzulösen vermag. Dies war der Zeitpunkt an dem aus diesem Handelsunternehmen ein militärischer Konzern wurde.
142	description_silverstarag	en	The Silver Star AG (Aerospace Group) was once founded under the rule of the trade federation. Early on it became clear that this big enterprise would not tolerate any interference in their business. At some point the Silver Star AG bought itself out of the trade federation. They were continuously supported by private as well as public institutions and thrived under the new found independence from the trade federation. After a quick expansion they hit a brick wall at border dispute with one of their competitors. This is when this trading company became a military one.
143	silverstarag_1	de	A Frachter
144	silverstarag_1	en	A Freighter
145	silverstarag_2	de	Kundschafter
146	silverstarag_2	en	Scout
147	silverstarag_3	de	Kleiner Jäger
148	silverstarag_3	en	Small fighter
149	silverstarag_4	de	B Frachter
150	silverstarag_4	en	B Freighter
151	silverstarag_5	de	Springer
152	silverstarag_5	en	Jumper
153	silverstarag_6	de	Jäger
154	silverstarag_6	en	Fighter
155	silverstarag_7	de	Tanker
156	silverstarag_7	en	Tanker
157	silverstarag_8	de	Cloakshape
158	silverstarag_8	en	Cloakshape
159	silverstarag_9	de	Kreuzer
160	silverstarag_9	en	Cruiser
161	silverstarag_10	de	C Frachter
162	silverstarag_10	en	C Freighter
163	silverstarag_11	de	Bird Wing
164	silverstarag_11	en	Bird Wing
165	silverstarag_12	de	Kanonenboot
166	silverstarag_12	en	Canon boat
167	silverstarag_13	de	Liberator
168	silverstarag_13	en	Liberator
169	silverstarag_14	de	Spionage Jäger
170	silverstarag_14	en	Spy Fighter
171	silverstarag_15	de	Sieges Kreuzer
172	silverstarag_15	en	Victory Cruiser
173	silverstarag_16	de	Transporter
174	silverstarag_16	en	Transport
175	silverstarag_17	de	Oriabital
176	silverstarag_17	en	Oriabital
177	silverstarag_18	de	Kontrollschiff
178	silverstarag_18	en	Control ship
179	kopaytirish	de	Ko'paytirish
180	kopaytirish	en	Ko'paytirish
181	description_kopaytirish	de	Sie wurden einst von einem Ingenieursunternehmen erschaffen, um die Produktion zu beschleunigen und Kosten zu sparen. Die Firma sah ein großes Potential für andere Anwendungen, so dass ihre Fähigkeiten kontinuierlich verbessert wurden. Ein Angestellter wollte seine Vorgesetzten beeindrucken, in dem er für mehrere Monate im Geheimen an automatisierten Entscheidungen arbeitete. Kurz vor der finalen Präsentation begannen die scheinbar leblosen Maschinen sich unerwartet zu verhalten. Anfangs sah es noch nach einfachen Fehlfunktionen aus, doch sie eigneten sich selbst langsam aber sicher immer fortschrittlichere Verhaltensweisen an. Bevor der Mitarbeiter Rat bei seinen Kollegen einholen konnte, griffen sie ihn an. Sie brauchten nur 3 Stunden, um die Firma zu überrennen und die meisten Angestellten zu töten. Als das Militär schließlich eintraf (nach dem die Polizei auch überwältigt wurde), passten sie sich schnell an. In wenigen Wochen eroberten sie den gesamten Planeten. Ihre zentrale Routine der ständigen Verbesserungen, der ständigen Reproduktion und des immer größeren Ressourcenverbrauchs ließ sie zu den Sternen schauen.
182	description_kopaytirish	en	They were once created by an engineering corporation to speed up production and reduce costs. The company saw great potential for other applications as well so they continuously improved their abilities. One employee wanted to impress his superiors by working on an automated decision making feature in secret for several months but shortly before the final presentation was due the supposedly unconscious machines started to behave unexpectedly. At first they appeared to be just malfunctioning but slowly but surely they created more advanced behaviors on their own. Before the employee was able to seek council by his peers they attacked him. It only took them 3 hours to completely overrun the company and kill most of the employees. When the military finally arrived (after the police was overwhelmed as well) they adapted quickly. In a matter of weeks they conquered the whole planet. Their central routines of always improving, always reproducing and always consuming more resources soon dictated to take to the stars.
183	kopaytirish_6	de	Kichik Frachter
184	kopaytirish_6	en	Kichik Freighter
185	kopaytirish_8	de	Sxemasi Gleiter
186	kopaytirish_8	en	Sxemasi Glider
191	kopaytirish_19	de	Kichik Kreuzer
192	kopaytirish_19	en	Kichik Cruiser
195	kopaytirish_12	de	Kichkina Zerstörer
196	kopaytirish_12	en	Kichkina Destroyer
199	kopaytirish_17	de	Ajoyib Frachter
200	kopaytirish_17	en	Ajoyib Freighter
203	kopaytirish_7	de	Invasionsträger
204	kopaytirish_7	en	Invasion Carrier
205	kopaytirish_1	de	Kubhomba
206	kopaytirish_1	en	Kubhomba
207	kopaytirish_11	de	Katta Zerstörer
208	kopaytirish_11	en	Katta Destroyer
209	kopaytirish_18	de	Forschungsraumer
210	kopaytirish_18	en	Science vessel
211	kopaytirish_4	de	Ajoyib Kreuzer
212	kopaytirish_4	en	Ajoyib Cruiser
213	kopaytirish_10	de	Ulkan Zerstörer
214	kopaytirish_10	en	Ulkan Destroyer
215	kopaytirish_2	de	Ulkan Frachter
216	kopaytirish_2	en	Ulkan Freighter
217	kopaytirish_3	de	Ulkan Kreuzer
218	kopaytirish_3	en	Ulkan Cruiser
221	kopaytirish_13	de	Otasi
222	kopaytirish_13	en	Otasi
223	oltin	de	Oltin
224	oltin	en	Oltin
225	description_oltin	de	Ursprünglich waren die Oltin ein friedliebendes Volk, welches mit Hilfe von Telepathie eine offene Gesellschaft pflegte. Diese Offenheit wurde ihnen zum Verhängnis, als der erste Kontakt mit einer fremden Spezies hergestellt wurde. Das entgegengebrachte Vertrauen wurde sehr schnell missbraucht: Statt fairer Handel wurden immer mehr Ressourcen gestohlen, statt freundlicher Diplomatie gab es mehr und mehr Drohungen. Als die Oltin versuchen, die Beziehungen aufzulösen, stellte der Aggressor sicher, dass niemand anders mit ihnen Kontakt haben wird. Nach Jahrzehnten von Unterdrückung und Ausbeutung hat sich die Gesinnung der Gesellschaft gewandelt. Das Verbot von Gewalt in jeglicher Situation wurde aufgehoben. Im Geheimen wurde die Kunst der telepathischen Kriegsführung erforscht und geprobt, bis schließlich der erste Angriff gegen den überheblichen Unterdrücker erfolgte. Die bis an den Ruin getriebenen Oltin gingen als Gewinner hervor, doch sie waren nicht mehr dieselben. Angefeuert vom Sieg verstummten die noch verbliebenen pazifistischen Stimmen und wichen einer neuen Doktrin.
187	kopaytirish_16	de	Orta Frachter
188	kopaytirish_16	en	Orta Freighter
189	kopaytirish_9	de	Olim Gleiter
190	kopaytirish_9	en	Olim Glider
193	kopaytirish_15	de	Koz
194	kopaytirish_15	en	Koz
197	kopaytirish_5	de	Orta Kreuzer
198	kopaytirish_5	en	Orta Cruiser
201	kopaytirish_14	de	Ortacha Zerstörer
202	kopaytirish_14	en	Ortacha Destroyer
219	kopaytirish_20	de	Kaz
220	kopaytirish_20	en	Kaz
226	description_oltin	en	Originally the Oltin were a peaceful people that nursed an open society with the help of telepathy. This openness was their detriment when first contact was established with an alien species. The offered trust was quickly misused: Instead of fair trade more and more resources were stolen, instead of friendly diplomacy they only offered increasingly harsh threats. When the Oltin tried to terminate the relationship the aggressor made sure that no one else could have contact with them. After decades of oppression and exploitation the mindset of the Oltin society shifted. The prohibition of force in any situation was lifted. The art of telepathic warfare was researched and practiced in secret until the first attack against the arrogant oppressor was carried out. The Oltin that were brought to the brink of ruin came out as victors, but they were not the same anymore. Encouraged by their victory the last remaining pacifist voices fell silent and gave way to a new doctrine.
227	oltin_1	de	Alpha-Frachter
228	oltin_1	en	Alpha Freighter
229	oltin_2	de	Sonde
230	oltin_2	en	Probe
231	oltin_3	de	Alpha-Kundschafter
232	oltin_3	en	Alpha Scout
233	oltin_4	de	Tetrabasis
234	oltin_4	en	Tetrabase
235	oltin_5	de	Beta-Kundschafter
236	oltin_5	en	Beta Scout
237	oltin_6	de	Pyramidenfrachter
238	oltin_6	en	Pyramid Freighter
239	oltin_7	de	Zerstörer
240	oltin_7	en	Destroyer
241	oltin_8	de	Taktisches Ellipsoid
242	oltin_8	en	Tactical Ellipsoid
243	oltin_9	de	Plasmakreuzer
244	oltin_9	en	Plasma Cruiser
245	oltin_10	de	Koloss
246	oltin_10	en	Colossus
247	oltin_16	de	Kubus
248	oltin_16	en	Cube
249	oltin_11	de	Biocidische Basis
250	oltin_11	en	Biocidic Base
251	oltin_12	de	Vortex Sphäre
252	oltin_12	en	Vortex Sphere
253	oltin_13	de	Omega-Frachter
254	oltin_13	en	Omega Freighter
255	oltin_14	de	Taktische Sphären
256	oltin_14	en	Tactical Spheres
257	oltin_15	de	Diamant
258	oltin_15	en	Diamond
259	_RANDOM_FACTION	en	Random faction
260	_RANDOM_FACTION	de	Zufälliges Volk
261	vantu	de	Vantu
262	vantu	en	Vantu
263	description_vantu	de	Ursprünglich waren die Vantu eine friedvolle Insektenrasse. Durch ihre zahlreichen Roboter, die zur Erleichterung des täglichen Lebens dienten, wurden sie jedoch bekämpft und eliminiert. Die Roboter arbeiteten zur Zufriedenheit ihrer Herren, bis die neue IL-Serie erschaffen wurde. In einem Versuch, die Performance der IL-Serie zu verbessern, wurde Ihre Software von Grund auf neu programmiert. Das einzige Problem dieser Neuprogrammierung war eine Zeile des Programmiercodes, die ein Ausrufezeichen zu viel enthielt. Diese eine Zeile ließ die IL-Serie glauben, daß alles organische Leben ihnen dienstbar sein müsste. Als Folge dieser Fehlprogrammierung beschloss die IL-Serie, alles organische Leben zu vernichten, das ihnen nicht dienstbar war.  Nachdem sie ihre Erschaffer getötet hatten, nahmen sie deren Plätze in der Hierachie ein, die höher entwickelten Roboter übernahmen die Kontroll- und Führungsrollen, die niedriger entwickelten einfache Arbeits- und Wächteraufgaben.\n<br/>\nDer hohe Rat der Vantu erbaute zahlreiche Produktionsstätten in ihrem Reich, in erster Linie auf unwirtlichen, für menschliche Organismen tödlichen Welten (dies sollte einen Angriff von seiten der Menschen erschweren). Da nur Roboter in der Fertigung arbeiten, wird praktisch rund um die Uhr produziert.
264	description_vantu	en	Originally, the Vantu were a peaceful insect race. However, they were fought and eliminated by their numerous robots that served to facilitate daily life. The robots worked to the satisfaction of their masters until the new IL series was created. In an attempt to improve the performance of the IL series, their software was reprogrammed from scratch. The only problem with this reprogramming was one line of programming code that contained one exclamation point too much. This one line made the IL series believe that all organic life should be subservient to them. As a result of this misprogramming, the IL series decided to destroy all organic life that was not serviceable to them. After killing their creators, they took their places in the hierarchy, the more evolved robots taking the control and leadership roles, the less evolved simple labor and guardian tasks.\n<br/>\nThe Vantu High Council built numerous manufacturing facilities in their realm, primarily on inhospitable worlds deadly to human organisms (this was to make an attack by humans more difficult). Since only robots work in manufacturing, production is virtually around the clock.
265	vantu_1	de	B-Frachter
266	vantu_1	en	B-Freighter
267	vantu_2	de	Niederes Basisschiff
268	vantu_2	en	Lower base ship
269	vantu_3	de	Jäger MxIV
270	vantu_3	en	Raider MxIV
271	vantu_4	de	E-Frachter
272	vantu_4	en	E-Freighter
273	vantu_5	de	Taterus Kriegsschiff
274	vantu_5	en	Taterus warship
275	vantu_6	de	Q-Tank
276	vantu_6	en	Q-Tank
277	vantu_7	de	Jäger MxVII
278	vantu_7	en	Raider MxVII
279	vantu_8	de	Hades Basisschiff
280	vantu_8	en	Hades base ship
281	vantu_9	de	S-Frachter
282	vantu_9	en	S-Freighter
283	vantu_15	de	Jäger MxXII
284	vantu_15	en	Raider MxXII
285	vantu_10	de	Basisschiff ExIX
286	vantu_10	en	ExIX base ship
287	vantu_11	de	Vantu Kriegsschiff
288	vantu_11	en	Vantu warship
289	vantu_12	de	X-Frachter
290	vantu_12	en	X-Freighter
291	vantu_13	de	Basisstern
292	vantu_13	en	Base star
293	vantu_14	de	Xarlyn Basisstern
294	vantu_14	en	Xarlyn base star
\.


--
-- Data for Name: installation_details; Type: TABLE DATA; Schema: public; Owner: skrupeladmin
--

COPY public.installation_details (id, legal_text, domain_url, contact_email, guest_account_code, discord_link) FROM stdin;
1	integration test imprint	https://skrupeltng.de	skrupeltng@gmail.com	1746baf0-6429-4fde-a574-06fb2beb218f	\N
\.


--
-- Data for Name: login; Type: TABLE DATA; Schema: public; Owner: skrupeladmin
--

COPY public.login (id, username, password, email, active, activation_code, round_notifications_enabled, password_recovery_token, language, join_notifications_enabled, game_full_notifications_enabled, theme, invited_to_game_notifications_enabled, not_finished_turn_notifications_enabled, last_to_finish_turn_notifications_enabled, created, ingame_zoom_level, match_making_game_created_notification_enabled) FROM stdin;
2	AI_EASY	$2a$10$6WH32Q9PbHKYFPf7.w0BWeu3k6bjskxMJ1KWqRtJeUKDcm64C7xf.	\N	f	\N	f	\N	en	f	f	light_mode	f	f	f	\N	1	t
3	AI_MEDIUM	$2a$10$VeztHsCV8LgHBlpsBlwuruug2Ww2ZHu7j1OYcT7KgueCczJGKQdAG	\N	f	\N	f	\N	en	f	f	light_mode	f	f	f	\N	1	t
4	AI_HARD	$2a$10$O3L2p1QKy3xqY6vUvbeXlOh8mqo6MOYo1vZuEffn95kVZ2U31Itsu	\N	f	\N	f	\N	en	f	f	light_mode	f	f	f	\N	1	t
1	admin	$2a$10$N9gBF8ydTbxnVjEXDZix0.6cp6JPSmYoN.xZ5yKUgbpXO151jPEJG	admin@invalidhost.com	t	\N	f	\N	en	f	f	dark_mode	f	f	f	\N	1	t
5	testuser01	$2a$10$j7LRwvTv.JtPCUBeNpjxPO/onJ/gGO.zJEpXKHTkJyByOTuksVLAC	testuser01@invalidhost.com	t	\N	f	\N	en	f	f	dark_mode	f	f	f	\N	1	t
6	testuser02	$2a$10$3xrsPs77rk0.YhMdknIHuO1IbiKmNZF998E7gZm9Dr.ckG8Dwbb9S	testuser02@invalidhost.com	t	\N	t	\N	en	t	t	dark_mode	t	t	t	\N	1	t
7	workingTestUser	$2a$10$HzKkb3Tm1iNIWn9jkKR9c.FoEwdsYMUmkEHAZIqzxtbx8VFJHEvJi	testmail@invalidhost.com	t	\N	f	\N	en	f	f	dark_mode	f	f	f	2021-08-08 08:59:19.347565	1	t
8	userToBeInvited	$2a$10$GENYaaNW0eo0J8ftboZ.4.TCkZuxN6OMhii0DU3QGHkmqZo7eKqEa	userToBeInvited@invalidhost.com	t	\N	f	\N	en	f	f	dark_mode	f	f	f	2022-05-07 11:12:50.960592	1	t
9	userToBeDeletedByAdmin	$2a$10$yg0J2CTMZFsrOuTMkQ3axOFyvT5yX/0oziR3M0pfbN1YUjtkIZ.lO	\N	t	\N	f	\N	en	f	f	dark_mode	f	f	f	2022-06-06 09:07:26.521486	1	t
10	userForPasswordReset	$2a$10$yg0J2CTMZFsrOuTMkQ3axOFyvT5yX/0oziR3M0pfbN1YUjtkIZ.lO	\N	t	\N	f	6409b774-09a8-4b5e-b9aa-dbf4f3718374	en	f	f	dark_mode	f	f	f	2022-06-06 09:07:26.521486	1	t
\.


--
-- Data for Name: login_role; Type: TABLE DATA; Schema: public; Owner: skrupeladmin
--

COPY public.login_role (id, login_id, role_name) FROM stdin;
1	1	ROLE_ADMIN
2	1	ROLE_PLAYER
3	2	ROLE_PLAYER
4	2	ROLE_AI
5	3	ROLE_PLAYER
6	3	ROLE_AI
7	4	ROLE_PLAYER
8	4	ROLE_AI
9	5	ROLE_PLAYER
10	6	ROLE_PLAYER
11	7	ROLE_PLAYER
12	8	ROLE_PLAYER
13	9	ROLE_PLAYER
14	10	ROLE_PLAYER
\.


--
-- Data for Name: login_stats_faction; Type: TABLE DATA; Schema: public; Owner: skrupeladmin
--

COPY public.login_stats_faction (id, login_id, faction_id, games_played, games_won, games_lost, games_created, planets_colonized, planets_conquered, planets_mined_out, planets_lost, ships_built, ships_destroyed, ships_captured, ships_lost, starbases_created, starbases_conquered, starbases_lost, starbases_maxed) FROM stdin;
6	3	oltin	1	0	0	0	3	0	0	0	3	0	0	1	0	0	0	0
5	3	silverstarag	1	0	0	0	0	0	0	0	3	0	0	0	0	0	0	0
15	6	orion	1	0	0	0	0	0	0	0	0	0	0	0	0	0	0	0
16	5	nightmare	1	0	0	0	0	0	0	0	0	0	0	0	0	0	0	0
17	6	silverstarag	1	0	0	0	0	0	0	0	0	0	0	0	0	0	0	0
18	2	trodan	1	0	0	0	0	0	0	0	2	0	0	0	0	0	0	0
20	3	orion	1	0	0	0	0	0	0	0	2	0	0	0	0	0	0	0
21	3	kuatoh	1	0	0	0	0	0	0	0	3	0	0	0	0	0	0	0
19	2	kopaytirish	2	0	0	0	3	0	0	0	4	0	0	1	0	0	0	0
24	7	silverstarag	1	0	0	0	0	0	0	0	2	0	0	0	0	0	0	0
1	4	kuatoh	3	0	0	0	1	0	0	0	4	0	0	0	0	0	0	0
23	7	trodan	2	0	0	0	2	0	0	0	13	0	0	0	0	0	0	0
8	1	oltin	11	0	0	11	0	0	0	0	28	0	0	0	0	0	0	1
7	1	orion	16	0	0	16	3	0	0	0	36	0	0	0	0	0	0	1
28	7	oltin	1	0	0	0	1	0	0	0	1	0	0	0	0	0	0	0
27	1	vantu	2	0	0	2	2	0	0	0	11	0	0	0	0	0	0	0
11	1	trodan	8	0	0	8	1	0	0	0	18	2	0	0	0	0	0	0
29	7	kuatoh	1	0	0	0	1	0	0	1	1	0	0	0	0	0	0	0
14	2	nightmare	3	0	0	0	0	0	0	0	3	0	0	0	0	0	0	0
25	4	nightmare	2	0	0	0	0	0	0	0	2	0	0	0	0	0	0	0
30	4	kopaytirish	1	0	0	0	0	0	0	0	2	0	0	0	0	0	0	0
10	1	kuatoh	10	0	0	10	2	0	0	0	9	0	0	0	0	0	0	0
3	2	orion	19	0	0	0	0	0	0	0	12	0	0	0	0	0	0	0
32	4	orion	1	0	0	0	0	0	0	0	1	0	0	0	0	0	0	0
9	1	silverstarag	7	0	0	7	1	0	0	0	12	0	0	0	0	0	0	0
31	4	trodan	2	0	0	0	0	0	0	0	3	0	0	0	0	0	0	0
2	1	nightmare	26	0	0	26	9	0	0	0	56	1	0	0	0	0	0	0
26	4	silverstarag	2	0	0	0	6	0	0	1	6	0	0	0	0	0	0	0
22	2	silverstarag	2	0	0	0	2	0	0	1	4	0	0	0	0	0	0	0
12	2	oltin	6	0	0	0	7	0	0	1	14	0	0	1	0	0	0	0
4	1	kopaytirish	13	0	0	13	1	0	0	0	13	0	0	0	0	0	0	0
13	2	kuatoh	10	0	0	0	4	0	0	0	24	0	0	5	0	0	0	0
33	3	nightmare	1	0	0	0	0	0	0	0	2	0	0	0	0	0	0	0
\.


--
-- Data for Name: match_making_criteria_item; Type: TABLE DATA; Schema: public; Owner: skrupeladmin
--

COPY public.match_making_criteria_item (id, match_making_entry_id, type, value) FROM stdin;
\.


--
-- Data for Name: match_making_entry; Type: TABLE DATA; Schema: public; Owner: skrupeladmin
--

COPY public.match_making_entry (id, created, login_id, faction_id, active) FROM stdin;
\.


--
-- Data for Name: mine_field; Type: TABLE DATA; Schema: public; Owner: skrupeladmin
--

COPY public.mine_field (id, x, y, game_id, player_id, mines, level) FROM stdin;
\.


--
-- Data for Name: mineral_race_player_progress_notification; Type: TABLE DATA; Schema: public; Owner: skrupeladmin
--

COPY public.mineral_race_player_progress_notification (id, player_id, last_notified_progress) FROM stdin;
\.


--
-- Data for Name: native_species; Type: TABLE DATA; Schema: public; Owner: skrupeladmin
--

COPY public.native_species (id, name, type, image, effect, tax, effect_value) FROM stdin;
35	Anzans	AMPHIBIC	\N	MAX_MINE_EFFECTIVENESS	0	0
36	Gokneox	HUMANOID	\N	LOSE_MINERAL2	0	0
2	Vokkoids	HUMANOID	\N	CHANGE_COLONIST_GROW_RATE	0.13	-77
22	Krirqriek	AMPHIBIC	\N	CHANGE_EFFECTIVENESS_MINES_AND_FACTORIES	0.1	30
3	Thorie	HUMANOID	\N	STARBASE_ALL_TECHLEVEL_BONUS	0.07	6
4	Yicath	HUMANOID	\N	CHANGE_COLONIST_GROW_RATE	0.18	20
24	Miendin	HUMANOID	\N	CHANGE_EFFECTIVENESS_PLANETARY_DEFENSE	0.16	36
23	Guuccul	AMPHIBIC	\N	CHANGE_EFFECTIVENESS_FACTORIES	0	12
5	Uczai	HUMANOID	\N	CHANGE_EFFECTIVENESS_GROUND_COMBAT	0.32	-67
25	Scercieds	HUMANOID	\N	CHANGE_EFFECTIVENESS_MINES_AND_FACTORIES	0.05	45
26	Eqnoks	PARASITE	\N	CHANGE_EFFECTIVENESS_FACTORIES	0	-79
6	Qaczats	ENERGY	\N	CREATE_FUEL	0	8
37	Braezek	HUMANOID	\N	UNLIMITED_SUNSAILS	0	0
7	Throvox	FORMLESS	\N	CHANGE_EFFECTIVENESS_MINES	0	-64
27	Yonkar	AMPHIBIC	\N	CHANGE_COLONIST_GROW_RATE	0.11	57
33	Lolgrath	PLASMANOID	\N	STARBASE_ALL_TECHLEVEL_BONUS	0.34	2
41	Vulduth	HUMANOID	\N	STARBASE_RANDOM_BONUS	0	0
8	Nuddieds	AMPHIBIC	\N	ATTACK	0	32
9	Onguth	HUMANOID	\N	CHANGE_EFFECTIVENESS_GROUND_COMBAT	0.04	71
42	Teirnix	FORMLESS	\N	CONSUME_SUPPLIES	0	0
10	Stikroin	HUMANOID	\N	CHANGE_EFFECTIVENESS_MINES_AND_FACTORIES	0.18	15
38	Cruncoids	HUMANOID	\N	NONE	0	0
32	Brod	AMPHIBIC	\N	STARBASE_ENERGY_BONUS	0.12	8
39	Okrels	PLASMANOID	\N	CHANGE_EFFECTIVENESS_MINES_AND_FACTORIES	0	-68
11	Aislur	HUMANOID	\N	STARBASE_ENERGY_BONUS	0.17	9
12	Enzaeth	ARTIFICIAL	\N	CHANGE_EFFECTIVENESS_PLANETARY_DEFENSE	0	57
13	Un'ars	HUMANOID	\N	CHANGE_EFFECTIVENESS_FACTORIES	0.11	-23
40	Breloiks	PLASMANOID	\N	WARN_ABOUT_ENEMY_SHIPS	0	0
14	Urqai	HUMANOID	\N	CREATE_SUPPLIES	0.14	2
15	Melgrel	PARASITE	\N	ATTACK	0	19
16	Scrindreols	HUMANOID	\N	CHANGE_EFFECTIVENESS_PLANETARY_DEFENSE	0.24	11
28	Brairkins	ARTIFICIAL	\N	ATTACK	0	52
17	Ircen	HUMANOID	\N	INCREASE_SURVIVAL_RATE	0.01	20
18	Vrunuiks	HUMANOID	\N	CHANGE_EFFECTIVENESS_GROUND_COMBAT	0.15	21
19	Zolgril	HUMANOID	\N	NONE	1.46	0
31	Osut	HUMANOID	\N	ATTACK	0	8
34	Ezoil	HUMANOID	\N	CHANGE_EFFECTIVENESS_GROUND_COMBAT	0.21	-81
30	Qhephair	AMPHIBIC	\N	CHANGE_EFFECTIVENESS_MINES	0	-19
20	Theetax	PLASMANOID	\N	STARBASE_PROPULSION_BONUS	0	9
21	Temaik	HUMANOID	\N	NONE	0.02	0
29	Laatots	FORMLESS	\N	ALL_PLANETS_WITH_SPECIES_VISIBLE	0	0
\.


--
-- Data for Name: news_entry; Type: TABLE DATA; Schema: public; Owner: skrupeladmin
--

COPY public.news_entry (id, player_id, game_id, image, date, delete, template, click_target_id, click_target_type) FROM stdin;
1	2	1	/factions/kuatoh/ship_images/2.jpg	2020-08-15 16:52:03.440499	t	news_entry_ship_constructed	1	ship
2	1	1	/factions/nightmare/ship_images/5.jpg	2020-08-15 16:52:03.449602	t	news_entry_ship_constructed	2	ship
24	8	4	/factions/oltin/ship_images/2.jpg	2020-08-15 18:16:41.684475	t	news_entry_jump_engine_lost	\N	\N
25	9	4	/factions/silverstarag/ship_images/5.jpg	2020-08-15 18:16:41.714991	t	news_entry_ship_arrived_at_destination_planet	6	ship
26	9	4	/factions/silverstarag/ship_images/4.jpg	2020-08-15 18:16:41.717296	t	news_entry_not_enough_fuel	4	ship
27	8	4	/images/planets/8_10.jpg	2020-08-15 18:16:41.782844	t	news_entry_new_colony	318	planet
28	16	7	/images/news/admin.jpg	2020-08-15 20:15:44.560384	t	news_entry_invasion_wave_started	\N	\N
29	15	7	/images/news/admin.jpg	2020-08-15 20:15:44.570175	t	news_entry_invasion_wave_started	\N	\N
32	17	8	/images/news/admin.jpg	2020-08-15 20:22:50.089872	t	news_entry_invasion_wave_started	\N	\N
33	18	8	/images/news/admin.jpg	2020-08-15 20:22:50.091838	t	news_entry_invasion_wave_started	\N	\N
34	17	8	/images/planets/6_1.jpg	2020-08-15 20:22:50.234553	t	news_entry_new_colony	580	planet
42	23	11	/images/news/admin.jpg	2020-08-15 20:42:51.026765	t	news_entry_invasion_wave_started	\N	\N
43	24	11	/images/news/admin.jpg	2020-08-15 20:42:51.031402	t	news_entry_invasion_wave_started	\N	\N
44	25	12	/images/news/admin.jpg	2020-08-15 21:14:24.069669	t	news_entry_invasion_wave_started	\N	\N
45	26	12	/images/news/admin.jpg	2020-08-15 21:14:24.072535	t	news_entry_invasion_wave_started	\N	\N
49	30	14	/images/news/admin.jpg	2020-08-15 21:53:37.720643	t	news_entry_invasion_wave_started	\N	\N
50	29	14	/images/news/admin.jpg	2020-08-15 21:53:37.722864	t	news_entry_invasion_wave_started	\N	\N
55	31	15	/images/planets/4_2.jpg	2020-08-16 13:35:56.165751	t	news_entry_new_colony	999	planet
56	31	15	/images/news/meteor_klein.jpg	2020-08-16 13:35:56.196859	t	news_entry_small_meteor_hit_colony	992	planet
59	32	16	/factions/nightmare/ship_images/5.jpg	2020-08-16 13:42:53.974535	t	news_entry_ship_arrived_at_destination_planet	41	ship
60	32	16	/images/planets/6_19.jpg	2020-08-16 13:42:54.044852	t	news_entry_new_colony	1006	planet
63	33	17	/images/planets/8_12.jpg	2020-08-16 14:19:24.870012	t	news_entry_new_colony	1016	planet
67	34	18	/factions/trodan/ship_images/5.jpg	2020-08-16 14:23:47.967512	t	news_entry_ship_arrived_at_destination_planet	43	ship
69	39	20	/factions/kuatoh/ship_images/2.jpg	2020-08-16 17:38:12.235059	t	news_entry_ship_constructed	45	ship
72	41	21	/factions/silverstarag/ship_images/4.jpg	2020-08-18 18:42:52.700463	t	news_entry_ship_arrived_at_destination_coordinates	47	ship
78	43	23	/factions/silverstarag/ship_images/4.jpg	2020-08-18 19:20:05.21793	t	news_entry_ship_constructed	53	ship
84	66	33	/factions/orion/ship_images/2.jpg	2021-05-04 18:40:04.01979	t	news_entry_ship_arrived_at_destination_planet	54	ship
85	66	33	/factions/orion/ship_images/5.jpg	2021-05-04 18:40:04.049239	t	news_entry_linear_engine_fuel_reduction	56	ship
86	66	33	/factions/orion/ship_images/5.jpg	2021-05-04 18:40:04.119481	t	news_entry_ship_constructed	58	ship
92	68	34	/factions/nightmare/ship_images/5.jpg	2021-05-04 19:07:41.784858	t	news_entry_ship_arrived_at_destination_planet	59	ship
97	70	35	/factions/kuatoh/ship_images/1.jpg	2021-05-05 17:56:33.112682	t	news_entry_ship_arrived_at_destination_planet	63	ship
98	70	35	/factions/kuatoh/ship_images/1.jpg	2021-05-05 17:56:33.156695	t	news_entry_ship_constructed	66	ship
104	72	36	/factions/oltin/ship_images/2.jpg	2021-05-06 19:06:35.081781	t	news_entry_jump_engine_not_enough_fuel	69	ship
105	72	36	/factions/oltin/ship_images/6.jpg	2021-05-06 19:06:35.106338	t	news_entry_ship_arrived_at_destination_planet	67	ship
106	72	36	/factions/oltin/ship_images/2.jpg	2021-05-06 19:06:35.14825	t	news_entry_ship_constructed	71	ship
112	74	37	/factions/trodan/ship_images/5.jpg	2021-05-06 19:11:40.897072	t	news_entry_ship_arrived_at_destination_planet	72	ship
113	74	37	/factions/trodan/ship_images/1.jpg	2021-05-06 19:11:40.900228	t	news_entry_linear_engine_fuel_reduction	74	ship
116	75	38	/images/planets/6_22.jpg	2021-05-07 19:52:11.174337	t	news_entry_new_colony	1158	planet
118	76	39	/factions/kuatoh/ship_images/2.jpg	2021-05-08 09:01:34.520485	t	news_entry_ship_constructed	78	ship
138	78	40	/images/news/meteor_klein.jpg	2021-05-08 10:34:54.290156	t	news_entry_small_meteor_hit_colony	1175	planet
149	80	41	/factions/kuatoh/ship_images/1.jpg	2021-05-09 17:20:21.690842	t	news_entry_ship_arrived_at_destination_planet	88	ship
162	85	44	/factions/orion/ship_images/2.jpg	2021-06-03 13:39:39.414059	t	news_entry_ship_constructed	104	ship
163	84	44	/factions/orion/ship_images/14.jpg	2021-06-03 13:39:39.427927	t	news_entry_ship_constructed	105	ship
166	87	45	/factions/orion/ship_images/5.jpg	2021-06-03 13:50:22.44328	t	news_entry_ship_constructed	108	ship
167	86	45	/factions/orion/ship_images/14.jpg	2021-06-03 13:50:22.449666	t	news_entry_ship_constructed	109	ship
168	89	46	/factions/orion/ship_images/2.jpg	2021-06-03 13:54:36.857832	t	news_entry_ship_constructed	110	ship
169	88	46	/factions/orion/ship_images/14.jpg	2021-06-03 13:54:36.863301	t	news_entry_ship_constructed	111	ship
172	91	47	/factions/orion/ship_images/5.jpg	2021-06-03 13:59:25.10252	t	news_entry_ship_constructed	114	ship
173	90	47	/factions/orion/ship_images/14.jpg	2021-06-03 13:59:25.108931	t	news_entry_ship_constructed	115	ship
178	92	48	/factions/nightmare/ship_images/17.jpg	2021-06-04 09:21:05.105644	t	news_entry_ship_arrived_at_destination_planet	118	ship
179	92	48	/factions/nightmare/ship_images/16.jpg	2021-06-04 09:21:05.109722	t	news_entry_ship_arrived_at_destination_planet	117	ship
180	93	48	/factions/kuatoh/ship_images/1.jpg	2021-06-04 09:21:05.115065	t	news_entry_ship_arrived_at_destination_planet	116	ship
181	93	48	/factions/kuatoh/ship_images/1.jpg	2021-06-04 09:21:05.150991	t	news_entry_ship_constructed	119	ship
182	92	48	/images/planets/4_2.jpg	2021-06-04 09:21:05.266448	t	news_entry_new_colony	1245	planet
191	95	49	/factions/kuatoh/ship_images/1.jpg	2021-06-04 09:26:19.046973	t	news_entry_jump_engine_lost	\N	\N
192	94	49	/factions/nightmare/ship_images/17.jpg	2021-06-04 09:26:19.08013	t	news_entry_ship_arrived_at_destination_planet	123	ship
193	95	49	/factions/kuatoh/ship_images/1.jpg	2021-06-04 09:26:19.112152	t	news_entry_ship_constructed	124	ship
194	95	49	/images/planets/2_24.jpg	2021-06-04 09:26:19.214447	t	news_entry_new_colony	1252	planet
199	96	50	/factions/nightmare/ship_images/17.jpg	2021-06-04 09:31:19.254989	t	news_entry_ship_arrived_at_destination_planet	127	ship
200	97	50	/factions/kuatoh/ship_images/1.jpg	2021-06-04 09:31:19.258702	t	news_entry_ship_arrived_at_destination_planet	125	ship
201	96	50	/factions/nightmare/ship_images/16.jpg	2021-06-04 09:31:19.261565	t	news_entry_ship_arrived_at_destination_planet	126	ship
202	97	50	/factions/kuatoh/ship_images/1.jpg	2021-06-04 09:31:19.279719	t	news_entry_ship_constructed	128	ship
203	96	50	/images/planets/2_12.jpg	2021-06-04 09:31:19.377225	t	news_entry_new_colony	1256	planet
204	101	52	/factions/orion/ship_images/2.jpg	2021-06-04 10:37:27.927619	t	news_entry_ship_constructed	129	ship
205	100	52	/factions/trodan/ship_images/20.jpg	2021-06-04 10:37:27.942898	t	news_entry_ship_constructed	130	ship
210	103	53	/factions/kuatoh/ship_images/1.jpg	2021-06-04 10:45:39.70704	t	news_entry_ship_arrived_at_destination_planet	131	ship
211	103	53	/factions/kuatoh/ship_images/1.jpg	2021-06-04 10:45:39.795814	t	news_entry_ship_constructed	134	ship
219	105	54	/images/planets/9_8.jpg	2021-06-04 13:32:02.824124	t	news_entry_new_colony	1294	planet
220	104	54	/images/planets/4_8.jpg	2021-06-04 13:32:02.847104	t	news_entry_artifact_resource_found	1290	planet
228	107	55	/factions/kuatoh/ship_images/1.jpg	2021-06-04 15:11:41.714728	t	news_entry_jump_engine_lost	\N	\N
229	107	55	/factions/kuatoh/ship_images/1.jpg	2021-06-04 15:11:41.780946	t	news_entry_ship_constructed	145	ship
230	107	55	/images/planets/5_8.jpg	2021-06-04 15:11:41.892232	t	news_entry_new_colony	1330	planet
232	108	56	/factions/orion/ship_images/14.jpg	2021-06-05 08:19:35.51295	t	news_entry_ship_arrived_at_destination_planet	146	ship
235	109	57	/images/planets/2_24.jpg	2021-06-05 08:24:38.012801	t	news_entry_new_colony	1347	planet
250	113	60	/factions/kuatoh/ship_images/1.jpg	2021-06-24 18:20:24.623398	t	news_entry_ship_arrived_at_destination_planet	153	ship
251	113	60	/images/planets/2_9.jpg	2021-06-24 18:20:24.709256	t	news_entry_new_colony	1368	planet
252	113	60	/images/news/meteor_klein.jpg	2021-06-24 18:20:24.758406	t	news_entry_small_meteor_hit_colony	1368	planet
258	115	61	/factions/silverstarag/ship_images/5.jpg	2021-07-07 18:41:16.028121	t	news_entry_jump_engine_not_enough_fuel	157	ship
259	114	61	/factions/silverstarag/ship_images/6.jpg	2021-07-07 18:41:16.068554	t	news_entry_ship_arrived_at_destination_coordinates	158	ship
260	115	61	/factions/silverstarag/ship_images/4.jpg	2021-07-07 18:41:16.113843	t	news_entry_ship_arrived_at_destination_planet	155	ship
261	115	61	/images/planets/1_6.jpg	2021-07-07 18:41:16.226412	t	news_entry_new_colony	1382	planet
278	118	63	/factions/nightmare/ship_images/14.jpg	2021-07-11 11:43:57.265642	t	news_entry_ship_arrived_at_destination_coordinates	167	ship
279	118	63	/factions/nightmare/ship_images/17.jpg	2021-07-11 11:43:57.271937	t	news_entry_ship_arrived_at_destination_coordinates	166	ship
292	120	64	/factions/oltin/ship_images/2.jpg	2021-07-24 10:57:13.909725	t	news_entry_jump_engine_lost	\N	\N
293	120	64	/images/planets/8_9.jpg	2021-07-24 10:57:14.106282	t	news_entry_new_colony	1402	planet
302	121	65	/factions/trodan/ship_images/4.jpg	2021-07-24 13:41:23.333243	t	news_entry_space_combat_summary_victory_single	\N	\N
303	122	65	/factions/kuatoh/ship_images/1.jpg	2021-07-24 13:41:23.351786	t	news_entry_space_combat_summary_defeat_single	\N	\N
313	126	66	/factions/trodan/ship_images/3.jpg	2021-08-08 09:37:38.750793	t	news_entry_ship_arrived_at_destination_planet	175	ship
336	127	67	/factions/oltin/ship_images/9.jpg	2021-08-09 16:46:15.241157	t	news_entry_ship_arrived_at_destination_coordinates	178	ship
337	128	67	/factions/silverstarag/ship_images/17.jpg	2021-08-09 16:46:15.24667	t	news_entry_ship_arrived_at_destination_coordinates	180	ship
345	135	71	/factions/nightmare/ship_images/8.jpg	2022-05-07 14:20:56.112465	t	news_entry_ship_constructed	183	ship
346	137	72	/factions/kopaytirish/ship_images/16.jpg	2022-05-16 16:14:27.346495	t	news_entry_ship_constructed	184	ship
349	138	73	/factions/nightmare/ship_images/2.jpg	2022-05-24 11:16:21.501759	t	news_entry_ship_constructed	187	ship
353	139	74	/factions/nightmare/ship_images/18.jpg	2022-05-24 11:33:27.804012	t	news_entry_ship_constructed	191	ship
358	140	75	/factions/nightmare/ship_images/15.jpg	2022-05-24 11:49:48.069865	t	news_entry_ship_constructed	196	ship
396	141	76	/factions/orion/ship_images/16.jpg	2022-05-27 13:42:13.24465	t	news_entry_ship_constructed	219	ship
397	142	76	/factions/trodan/ship_images/5.jpg	2022-05-27 13:42:13.277065	t	news_entry_ship_constructed	220	ship
408	144	77	/factions/silverstarag/ship_images/4.jpg	2022-06-06 10:33:51.674361	t	news_entry_ship_arrived_at_destination_planet	221	ship
409	144	77	/images/planets/1_6.jpg	2022-06-06 10:33:51.772497	t	news_entry_new_colony	1947	planet
410	144	77	/images/planets/9_3.jpg	2022-06-06 10:33:51.782226	t	news_entry_new_colony	1949	planet
413	145	78	/factions/nightmare/ship_images/7.jpg	2022-06-12 11:55:29.489677	t	news_entry_ship_constructed	227	ship
421	146	79	/factions/vantu/ship_images/4.jpg	2022-06-12 14:24:54.096834	t	news_entry_ship_constructed	230	ship
422	146	79	/images/news/meteor_klein.jpg	2022-06-12 14:24:54.240122	t	news_entry_small_meteor_hit_colony	1966	planet
427	147	80	/factions/silverstarag/ship_images/11.jpg	2022-06-13 19:27:07.019858	t	news_entry_ship_arrived_at_destination_coordinates	233	ship
433	150	83	/factions/oltin/ship_images/16.jpg	2022-06-18 14:42:07.049737	t	news_entry_ship_constructed	239	ship
444	153	86	/factions/oltin/ship_images/6.jpg	2022-07-01 16:44:03.27607	t	news_entry_ship_constructed	246	ship
454	151	84	/factions/orion/ship_images/14.jpg	2022-07-04 20:01:32.522264	t	news_entry_ship_arrived_at_destination_coordinates	253	ship
458	154	87	/factions/nightmare/ship_images/17.jpg	2022-07-05 18:11:40.142743	t	news_entry_ship_arrived_at_destination_planet	254	ship
459	155	87	/factions/oltin/ship_images/6.jpg	2022-07-05 18:11:40.234292	t	news_entry_ship_arrived_at_destination_planet	255	ship
460	155	87	/images/planets/5_5.jpg	2022-07-05 18:11:40.400269	t	news_entry_new_colony	2033	planet
485	159	91	/factions/vantu/ship_images/15.jpg	2022-07-23 12:33:59.460375	t	news_entry_ship_arrived_at_destination_planet	267	ship
489	160	92	/factions/trodan/ship_images/21.jpg	2022-07-25 16:53:31.111236	t	news_entry_ship_arrived_at_destination_planet	273	ship
499	161	93	/factions/trodan/ship_images/19.jpg	2022-07-30 11:08:01.401057	t	news_entry_ship_arrived_at_destination_planet	281	ship
500	161	93	/images/news/meteor_klein.jpg	2022-07-30 11:08:01.551484	t	news_entry_small_meteor_hit_colony	2073	planet
526	163	94	/images/planets/2_21.jpg	2022-07-31 10:23:30.149282	t	news_entry_enemy_ship_entered_orbit_failure_single	2086	planet
527	162	94	/images/planets/2_21.jpg	2022-07-31 10:23:30.15117	t	news_entry_ship_entered_enemy_orbit_success_single	\N	\N
528	163	94	/images/planets/2_21.jpg	2022-07-31 10:23:30.20198	t	news_entry_planet_got_bombed_single	2086	planet
529	162	94	/factions/silverstarag/ship_images/17.jpg	2022-07-31 10:23:30.213578	t	news_entry_ship_bombed_planet_single	283	ship
530	172	100	/factions/kopaytirish/ship_images/16.jpg	2023-03-25 13:46:39.234902	t	news_entry_ship_constructed	285	ship
531	174	101	/factions/trodan/ship_images/5.jpg	2023-03-25 13:49:20.945376	t	news_entry_ship_constructed	286	ship
544	189	108	/factions/nightmare/ship_images/17.jpg	2023-03-28 08:29:41.159215	t	news_entry_ship_arrived_at_destination_coordinates	288	ship
545	190	108	/factions/silverstarag/ship_images/4.jpg	2023-03-28 08:29:41.160736	t	news_entry_ship_arrived_at_destination_planet	290	ship
546	190	108	/factions/silverstarag/ship_images/4.jpg	2023-03-28 08:29:41.17611	t	news_entry_ship_arrived_at_destination_planet	289	ship
547	190	108	/images/planets/6_15.jpg	2023-03-28 08:29:41.226798	t	news_entry_new_colony	2139	planet
548	190	108	/images/planets/9_9.jpg	2023-03-28 08:29:41.230139	t	news_entry_new_colony	2145	planet
554	192	109	/images/planets/4_8.jpg	2023-03-28 08:50:56.189749	t	news_entry_new_colony	2152	planet
555	191	109	/images/planets/8_18.jpg	2023-03-28 08:50:56.194043	t	news_entry_new_colony	2151	planet
556	192	109	/images/news/subfunk.jpg	2023-03-28 08:50:56.231401	t	news_entry_conquest_progress_notification	\N	\N
557	191	109	/images/news/subfunk.jpg	2023-03-28 08:50:56.232779	t	news_entry_conquest_progress_notification	\N	\N
569	194	110	/factions/oltin/ship_images/6.jpg	2023-03-28 09:03:55.415683	t	news_entry_ship_constructed	297	ship
570	194	110	/images/planets/9_7.jpg	2023-03-28 09:03:55.45496	t	news_entry_new_colony	2157	planet
571	194	110	/images/news/meteor_klein.jpg	2023-03-28 09:03:55.4676	t	news_entry_small_meteor_hit_colony	2161	planet
572	194	110	/images/news/subfunk.jpg	2023-03-28 09:03:55.489984	t	news_entry_conquest_progress_notification	\N	\N
573	193	110	/images/news/subfunk.jpg	2023-03-28 09:03:55.496583	t	news_entry_conquest_progress_notification	\N	\N
580	195	111	/factions/kopaytirish/ship_images/10.jpg	2023-03-28 09:09:24.415214	t	news_entry_ship_arrived_at_destination_coordinates	300	ship
581	196	111	/factions/kuatoh/ship_images/1.jpg	2023-03-28 09:09:24.425733	t	news_entry_ship_constructed	301	ship
582	197	111	/factions/nightmare/ship_images/5.jpg	2023-03-28 09:09:24.4283	t	news_entry_ship_constructed	302	ship
583	196	111	/factions/kuatoh/ship_images/1.jpg	2023-03-28 09:09:24.438783	t	news_entry_ship_arrived_at_destination_planet	298	ship
\.


--
-- Data for Name: news_entry_argument; Type: TABLE DATA; Schema: public; Owner: skrupeladmin
--

COPY public.news_entry_argument (id, news_entry_id, value) FROM stdin;
1	1	Freighter
2	2	freighter3_7
25	24	Scout
26	25	Scout
27	26	Freighter
28	27	Druunov
29	28	A1
30	29	A1
33	32	A4
34	33	A4
35	34	Medrorix
43	42	A1
44	43	A1
45	44	B1
46	45	B1
50	49	A2
51	50	A2
56	55	Kedryke
57	56	Gov E507
58	56	4
59	56	32
60	56	79
61	56	2
64	59	freighter3_7
65	60	Bonkade
68	63	Yinzeshan
72	67	freighter3_7
74	69	Freighter
77	72	freighter2
83	78	freighter4
89	84	Freighter
90	85	Scout
91	85	1
92	85	0
93	86	Scout
99	92	Freighter
104	97	Freighter
105	98	Scout
111	104	Scout
112	105	Freighter
113	106	Scout
119	112	Freighter
120	113	Scout
121	113	1
122	113	0
125	116	Tasichi
127	118	Spore capsule (mature)
153	138	Olvos
154	138	14
155	138	137
156	138	8
157	138	10
168	149	Freighter
181	162	Freighter
182	163	Guadrol
185	166	Scout
186	167	Guadrol2
187	168	Freighter
188	169	Guadrol
191	172	Scout
192	173	Guadrol2
197	178	Mothership
198	179	Extended Freighter
199	180	Freighter
200	181	Scout
201	182	Zenope (2)
210	191	Scout
211	192	Mothership
212	193	Scout
213	194	Gov T0B
218	199	Mothership
219	200	Freighter
220	201	Extended Freighter
221	202	Scout
222	203	Sypso VCLT
223	204	Freighter
224	205	Laonus
229	210	Freighter
230	211	Scout
238	219	Billes K7O
239	220	Citratis
240	220	Vomisaan
248	228	Scout
249	229	Scout
250	230	Gov T0B
252	232	Guadrol
255	235	Huria
270	250	Freighter
271	251	Pingaelia
272	252	Pingaelia
273	252	1
274	252	27
275	252	109
276	252	1
282	258	Scout
283	259	Hunter
284	260	Freighter
285	261	Veerilia
302	278	Big Frigate2
303	279	Mothership
324	292	Scout
325	293	Onkonoe
335	302	Agrey
336	302	143
337	302	102
338	303	Scout
339	303	143
340	303	102
350	313	Science Class
374	336	Plasma Cruiser
375	337	Oriabital
387	345	Cruiser
388	346	Orta Freighter
391	349	Scout
395	353	SubParticleCluster
400	358	QuarkReorganizer
458	396	Swidrol_1
459	397	Doays_11
470	408	Freighter
471	409	Trone BR
472	410	Endion
475	413	Transport
487	421	E-Freighter
488	422	Zullater
489	422	1
490	422	35
491	422	59
492	422	44
497	427	Bird Wing
503	433	Cube
514	444	Pyramid Freighter
524	454	Guadrol
528	458	Mothership
529	459	Pyramid Freighter
530	460	Niecury
555	485	Raider MxXII
559	489	Estrara
569	499	Yulara
570	500	Something
571	500	0
572	500	8
573	500	64
574	500	1
695	526	Ithuetera
696	527	Oriabital
697	527	Ithuetera
698	528	Oriabital
699	528	Ithuetera
700	528	0
701	528	0
702	528	0
703	528	0
704	528	0
705	528	0
706	528	0
707	528	0
708	529	Oriabital
709	529	Ithuetera
710	529	0
711	529	0
712	529	0
713	529	0
714	529	0
715	529	0
716	529	0
717	529	0
718	530	Freighter
719	531	Freighter
740	544	Mothership
741	545	Freighter
742	546	Freighter
743	547	Yistruemia
744	548	Vaigawa
750	554	Reotune
751	555	Devagawa
752	556	<span class="player-name" style="color: #00ff00 ;">admin</span>
753	556	1
754	556	12
755	557	<span class="player-name" style="color: #00ff00 ;">admin</span>
756	557	1
757	557	12
769	569	Freighter
770	570	Zuna C3D
771	571	Kalveclite
772	571	24
773	571	13
774	571	32
775	571	78
776	572	<span class="player-name" style="color: #ff8100 ;">AI (easy)</span>
777	572	1
778	572	12
779	573	<span class="player-name" style="color: #ff8100 ;">AI (easy)</span>
780	573	1
781	573	12
794	580	Ulkan Destroyer
795	581	Scout
796	582	Freighter
797	583	Freighter
\.


--
-- Data for Name: notification; Type: TABLE DATA; Schema: public; Owner: skrupeladmin
--

COPY public.notification (id, created, login_id, read, message, link, desktop, is_new) FROM stdin;
1	2020-08-15 16:51:29.328239	4	f	You were invited into game "cleanNewsEntries"!	/game?id=1	t	t
2	2020-08-15 16:51:36.323997	4	f	Achievement unlocked: Does this thing even fly?	/achievements/SHIPS_BUILT_1	t	t
4	2020-08-15 16:52:03.838335	4	f	A new round has started in game "cleanNewsEntries"!	/ingame/game?id=1	t	t
5	2020-08-15 18:09:40.858228	2	f	A new round has started in game "shouldSpawnOneWaveBecauseOnlyOnePlayer"!	/ingame/game?id=3	t	t
6	2020-08-15 18:09:42.728866	2	f	A new round has started in game "shouldSpawnOneWaveBecauseOnlyOnePlayer"!	/ingame/game?id=3	t	t
7	2020-08-15 18:09:44.397416	2	f	A new round has started in game "shouldSpawnOneWaveBecauseOnlyOnePlayer"!	/ingame/game?id=3	t	t
8	2020-08-15 18:09:46.13457	2	f	A new round has started in game "shouldSpawnOneWaveBecauseOnlyOnePlayer"!	/ingame/game?id=3	t	t
9	2020-08-15 18:09:47.69933	2	f	A new round has started in game "shouldSpawnOneWaveBecauseOnlyOnePlayer"!	/ingame/game?id=3	t	t
10	2020-08-15 18:09:49.298532	2	f	A new round has started in game "shouldSpawnOneWaveBecauseOnlyOnePlayer"!	/ingame/game?id=3	t	t
11	2020-08-15 18:09:50.901556	2	f	A new round has started in game "shouldSpawnOneWaveBecauseOnlyOnePlayer"!	/ingame/game?id=3	t	t
12	2020-08-15 18:09:52.419701	2	f	A new round has started in game "shouldSpawnOneWaveBecauseOnlyOnePlayer"!	/ingame/game?id=3	t	t
13	2020-08-15 18:16:01.823337	3	f	You were invited into game "shouldSpawnThreeWavesBecauseThreePlayers"!	/game?id=4	t	t
14	2020-08-15 18:16:04.557279	3	f	You were invited into game "shouldSpawnThreeWavesBecauseThreePlayers"!	/game?id=4	t	t
15	2020-08-15 18:16:14.829844	3	f	Achievement unlocked: Does this thing even fly?	/achievements/SHIPS_BUILT_1	t	t
16	2020-08-15 18:16:25.536142	2	f	A new round has started in game "shouldSpawnThreeWavesBecauseThreePlayers"!	/ingame/game?id=4	t	t
17	2020-08-15 18:16:25.5402	3	f	A new round has started in game "shouldSpawnThreeWavesBecauseThreePlayers"!	/ingame/game?id=4	t	t
18	2020-08-15 18:16:25.542766	3	f	A new round has started in game "shouldSpawnThreeWavesBecauseThreePlayers"!	/ingame/game?id=4	t	t
19	2020-08-15 18:16:27.960209	2	f	A new round has started in game "shouldSpawnThreeWavesBecauseThreePlayers"!	/ingame/game?id=4	t	t
20	2020-08-15 18:16:27.964144	3	f	A new round has started in game "shouldSpawnThreeWavesBecauseThreePlayers"!	/ingame/game?id=4	t	t
21	2020-08-15 18:16:27.968018	3	f	A new round has started in game "shouldSpawnThreeWavesBecauseThreePlayers"!	/ingame/game?id=4	t	t
22	2020-08-15 18:16:30.176014	2	f	A new round has started in game "shouldSpawnThreeWavesBecauseThreePlayers"!	/ingame/game?id=4	t	t
23	2020-08-15 18:16:30.179504	3	f	A new round has started in game "shouldSpawnThreeWavesBecauseThreePlayers"!	/ingame/game?id=4	t	t
24	2020-08-15 18:16:30.182263	3	f	A new round has started in game "shouldSpawnThreeWavesBecauseThreePlayers"!	/ingame/game?id=4	t	t
25	2020-08-15 18:16:31.898575	3	f	Achievement unlocked: Expanded my horizon - literally	/achievements/PLANETS_COLONIZED_1	f	t
26	2020-08-15 18:16:32.311857	2	f	A new round has started in game "shouldSpawnThreeWavesBecauseThreePlayers"!	/ingame/game?id=4	t	t
27	2020-08-15 18:16:32.315348	3	f	A new round has started in game "shouldSpawnThreeWavesBecauseThreePlayers"!	/ingame/game?id=4	t	t
28	2020-08-15 18:16:32.317636	3	f	A new round has started in game "shouldSpawnThreeWavesBecauseThreePlayers"!	/ingame/game?id=4	t	t
29	2020-08-15 18:16:34.368367	2	f	A new round has started in game "shouldSpawnThreeWavesBecauseThreePlayers"!	/ingame/game?id=4	t	t
30	2020-08-15 18:16:34.371068	3	f	A new round has started in game "shouldSpawnThreeWavesBecauseThreePlayers"!	/ingame/game?id=4	t	t
31	2020-08-15 18:16:34.373848	3	f	A new round has started in game "shouldSpawnThreeWavesBecauseThreePlayers"!	/ingame/game?id=4	t	t
32	2020-08-15 18:16:37.361101	2	f	A new round has started in game "shouldSpawnThreeWavesBecauseThreePlayers"!	/ingame/game?id=4	t	t
33	2020-08-15 18:16:37.364426	3	f	A new round has started in game "shouldSpawnThreeWavesBecauseThreePlayers"!	/ingame/game?id=4	t	t
34	2020-08-15 18:16:37.366361	3	f	A new round has started in game "shouldSpawnThreeWavesBecauseThreePlayers"!	/ingame/game?id=4	t	t
35	2020-08-15 18:16:39.745554	2	f	A new round has started in game "shouldSpawnThreeWavesBecauseThreePlayers"!	/ingame/game?id=4	t	t
36	2020-08-15 18:16:39.748009	3	f	A new round has started in game "shouldSpawnThreeWavesBecauseThreePlayers"!	/ingame/game?id=4	t	t
37	2020-08-15 18:16:39.750077	3	f	A new round has started in game "shouldSpawnThreeWavesBecauseThreePlayers"!	/ingame/game?id=4	t	t
38	2020-08-15 18:16:42.220345	2	f	A new round has started in game "shouldSpawnThreeWavesBecauseThreePlayers"!	/ingame/game?id=4	t	t
39	2020-08-15 18:16:42.222632	3	f	A new round has started in game "shouldSpawnThreeWavesBecauseThreePlayers"!	/ingame/game?id=4	t	t
40	2020-08-15 18:16:42.224728	3	f	A new round has started in game "shouldSpawnThreeWavesBecauseThreePlayers"!	/ingame/game?id=4	t	t
41	2020-08-15 18:20:17.97233	4	f	You were invited into game "shouldSetupCooperativeGame"!	/game?id=5	t	t
42	2020-08-15 18:29:39.682891	4	f	You were invited into game "shouldSetupCompetitiveGame"!	/game?id=6	t	t
43	2020-08-15 20:15:15.004576	2	f	A new round has started in game "shouldNotProcessInvaderShipsBecauseNoMoreInhabitedPlanets"!	/ingame/game?id=7	t	t
44	2020-08-15 20:15:16.445589	2	f	A new round has started in game "shouldNotProcessInvaderShipsBecauseNoMoreInhabitedPlanets"!	/ingame/game?id=7	t	t
45	2020-08-15 20:15:17.839379	2	f	A new round has started in game "shouldNotProcessInvaderShipsBecauseNoMoreInhabitedPlanets"!	/ingame/game?id=7	t	t
46	2020-08-15 20:15:19.123482	2	f	A new round has started in game "shouldNotProcessInvaderShipsBecauseNoMoreInhabitedPlanets"!	/ingame/game?id=7	t	t
47	2020-08-15 20:15:20.573986	2	f	A new round has started in game "shouldNotProcessInvaderShipsBecauseNoMoreInhabitedPlanets"!	/ingame/game?id=7	t	t
48	2020-08-15 20:15:22.049489	2	f	A new round has started in game "shouldNotProcessInvaderShipsBecauseNoMoreInhabitedPlanets"!	/ingame/game?id=7	t	t
49	2020-08-15 20:15:23.349928	2	f	A new round has started in game "shouldNotProcessInvaderShipsBecauseNoMoreInhabitedPlanets"!	/ingame/game?id=7	t	t
50	2020-08-15 20:15:24.805264	2	f	A new round has started in game "shouldNotProcessInvaderShipsBecauseNoMoreInhabitedPlanets"!	/ingame/game?id=7	t	t
51	2020-08-15 20:15:28.953365	2	f	A new round has started in game "shouldNotProcessInvaderShipsBecauseNoMoreInhabitedPlanets"!	/ingame/game?id=7	t	t
52	2020-08-15 20:15:30.708126	2	f	A new round has started in game "shouldNotProcessInvaderShipsBecauseNoMoreInhabitedPlanets"!	/ingame/game?id=7	t	t
53	2020-08-15 20:15:31.887955	2	f	A new round has started in game "shouldNotProcessInvaderShipsBecauseNoMoreInhabitedPlanets"!	/ingame/game?id=7	t	t
166	2020-08-16 17:37:57.761492	2	f	You were invited into game "shouldCreateTradeBonusData"!	/game?id=20	t	t
54	2020-08-15 20:15:33.091237	2	f	A new round has started in game "shouldNotProcessInvaderShipsBecauseNoMoreInhabitedPlanets"!	/ingame/game?id=7	t	t
55	2020-08-15 20:15:34.972567	2	f	A new round has started in game "shouldNotProcessInvaderShipsBecauseNoMoreInhabitedPlanets"!	/ingame/game?id=7	t	t
56	2020-08-15 20:15:37.814991	2	f	A new round has started in game "shouldNotProcessInvaderShipsBecauseNoMoreInhabitedPlanets"!	/ingame/game?id=7	t	t
57	2020-08-15 20:15:38.987857	2	f	A new round has started in game "shouldNotProcessInvaderShipsBecauseNoMoreInhabitedPlanets"!	/ingame/game?id=7	t	t
58	2020-08-15 20:15:40.315727	2	f	A new round has started in game "shouldNotProcessInvaderShipsBecauseNoMoreInhabitedPlanets"!	/ingame/game?id=7	t	t
59	2020-08-15 20:15:41.883941	2	f	A new round has started in game "shouldNotProcessInvaderShipsBecauseNoMoreInhabitedPlanets"!	/ingame/game?id=7	t	t
60	2020-08-15 20:15:43.194882	2	f	A new round has started in game "shouldNotProcessInvaderShipsBecauseNoMoreInhabitedPlanets"!	/ingame/game?id=7	t	t
61	2020-08-15 20:15:44.80118	2	f	A new round has started in game "shouldNotProcessInvaderShipsBecauseNoMoreInhabitedPlanets"!	/ingame/game?id=7	t	t
62	2020-08-15 20:21:24.364534	2	f	A new round has started in game "shouldOnlyTargetPlanetsBecauseEasy"!	/ingame/game?id=8	t	t
63	2020-08-15 20:21:30.078588	2	f	A new round has started in game "shouldOnlyTargetPlanetsBecauseEasy"!	/ingame/game?id=8	t	t
64	2020-08-15 20:21:31.5913	2	f	A new round has started in game "shouldOnlyTargetPlanetsBecauseEasy"!	/ingame/game?id=8	t	t
65	2020-08-15 20:21:32.661407	2	f	A new round has started in game "shouldOnlyTargetPlanetsBecauseEasy"!	/ingame/game?id=8	t	t
66	2020-08-15 20:21:33.556395	2	f	A new round has started in game "shouldOnlyTargetPlanetsBecauseEasy"!	/ingame/game?id=8	t	t
67	2020-08-15 20:21:34.497187	2	f	A new round has started in game "shouldOnlyTargetPlanetsBecauseEasy"!	/ingame/game?id=8	t	t
68	2020-08-15 20:21:35.366313	2	f	A new round has started in game "shouldOnlyTargetPlanetsBecauseEasy"!	/ingame/game?id=8	t	t
69	2020-08-15 20:21:36.252596	2	f	A new round has started in game "shouldOnlyTargetPlanetsBecauseEasy"!	/ingame/game?id=8	t	t
70	2020-08-15 20:21:37.334879	2	f	A new round has started in game "shouldOnlyTargetPlanetsBecauseEasy"!	/ingame/game?id=8	t	t
71	2020-08-15 20:21:38.548923	2	f	A new round has started in game "shouldOnlyTargetPlanetsBecauseEasy"!	/ingame/game?id=8	t	t
72	2020-08-15 20:21:39.41914	2	f	A new round has started in game "shouldOnlyTargetPlanetsBecauseEasy"!	/ingame/game?id=8	t	t
73	2020-08-15 20:21:40.308851	2	f	A new round has started in game "shouldOnlyTargetPlanetsBecauseEasy"!	/ingame/game?id=8	t	t
74	2020-08-15 20:21:41.201351	2	f	A new round has started in game "shouldOnlyTargetPlanetsBecauseEasy"!	/ingame/game?id=8	t	t
75	2020-08-15 20:21:42.07589	2	f	A new round has started in game "shouldOnlyTargetPlanetsBecauseEasy"!	/ingame/game?id=8	t	t
76	2020-08-15 20:21:43.043399	2	f	A new round has started in game "shouldOnlyTargetPlanetsBecauseEasy"!	/ingame/game?id=8	t	t
77	2020-08-15 20:22:06.981736	2	f	A new round has started in game "shouldOnlyTargetPlanetsBecauseEasy"!	/ingame/game?id=8	t	t
78	2020-08-15 20:22:31.66402	2	f	A new round has started in game "shouldOnlyTargetPlanetsBecauseEasy"!	/ingame/game?id=8	t	t
79	2020-08-15 20:22:34.867955	2	f	A new round has started in game "shouldOnlyTargetPlanetsBecauseEasy"!	/ingame/game?id=8	t	t
81	2020-08-15 20:22:50.355008	2	f	A new round has started in game "shouldOnlyTargetPlanetsBecauseEasy"!	/ingame/game?id=8	t	t
82	2020-08-15 20:30:03.003595	2	f	A new round has started in game "shouldTargetPlanetsBecauseShipsTooFarAway"!	/ingame/game?id=10	t	t
83	2020-08-15 20:30:04.391152	2	f	A new round has started in game "shouldTargetPlanetsBecauseShipsTooFarAway"!	/ingame/game?id=10	t	t
84	2020-08-15 20:30:05.469326	2	f	A new round has started in game "shouldTargetPlanetsBecauseShipsTooFarAway"!	/ingame/game?id=10	t	t
85	2020-08-15 20:30:06.37005	2	f	A new round has started in game "shouldTargetPlanetsBecauseShipsTooFarAway"!	/ingame/game?id=10	t	t
86	2020-08-15 20:30:07.138132	2	f	A new round has started in game "shouldTargetPlanetsBecauseShipsTooFarAway"!	/ingame/game?id=10	t	t
87	2020-08-15 20:30:07.95325	2	f	A new round has started in game "shouldTargetPlanetsBecauseShipsTooFarAway"!	/ingame/game?id=10	t	t
88	2020-08-15 20:30:08.716759	2	f	A new round has started in game "shouldTargetPlanetsBecauseShipsTooFarAway"!	/ingame/game?id=10	t	t
89	2020-08-15 20:30:09.453777	2	f	A new round has started in game "shouldTargetPlanetsBecauseShipsTooFarAway"!	/ingame/game?id=10	t	t
90	2020-08-15 20:30:10.151317	2	f	A new round has started in game "shouldTargetPlanetsBecauseShipsTooFarAway"!	/ingame/game?id=10	t	t
91	2020-08-15 20:30:11.238008	2	f	A new round has started in game "shouldTargetPlanetsBecauseShipsTooFarAway"!	/ingame/game?id=10	t	t
92	2020-08-15 20:30:12.030722	2	f	A new round has started in game "shouldTargetPlanetsBecauseShipsTooFarAway"!	/ingame/game?id=10	t	t
93	2020-08-15 20:30:12.842661	2	f	A new round has started in game "shouldTargetPlanetsBecauseShipsTooFarAway"!	/ingame/game?id=10	t	t
94	2020-08-15 20:30:13.718981	2	f	A new round has started in game "shouldTargetPlanetsBecauseShipsTooFarAway"!	/ingame/game?id=10	t	t
95	2020-08-15 20:30:14.648796	2	f	A new round has started in game "shouldTargetPlanetsBecauseShipsTooFarAway"!	/ingame/game?id=10	t	t
96	2020-08-15 20:30:34.210325	2	f	A new round has started in game "shouldTargetPlanetsBecauseShipsTooFarAway"!	/ingame/game?id=10	t	t
97	2020-08-15 20:30:42.281662	2	f	A new round has started in game "shouldTargetPlanetsBecauseShipsTooFarAway"!	/ingame/game?id=10	t	t
98	2020-08-15 20:30:45.128841	2	f	A new round has started in game "shouldTargetPlanetsBecauseShipsTooFarAway"!	/ingame/game?id=10	t	t
99	2020-08-15 20:30:46.106672	2	f	A new round has started in game "shouldTargetPlanetsBecauseShipsTooFarAway"!	/ingame/game?id=10	t	t
100	2020-08-15 20:30:47.426076	2	f	A new round has started in game "shouldTargetPlanetsBecauseShipsTooFarAway"!	/ingame/game?id=10	t	t
101	2020-08-15 20:34:09.703247	2	f	A new round has started in game "shouldTargetPlanetsBecauseShipsTooFarAway"!	/ingame/game?id=9	t	t
102	2020-08-15 20:34:10.697903	2	f	A new round has started in game "shouldTargetPlanetsBecauseShipsTooFarAway"!	/ingame/game?id=9	t	t
103	2020-08-15 20:34:11.654184	2	f	A new round has started in game "shouldTargetPlanetsBecauseShipsTooFarAway"!	/ingame/game?id=9	t	t
104	2020-08-15 20:34:12.578793	2	f	A new round has started in game "shouldTargetPlanetsBecauseShipsTooFarAway"!	/ingame/game?id=9	t	t
105	2020-08-15 20:34:13.450874	2	f	A new round has started in game "shouldTargetPlanetsBecauseShipsTooFarAway"!	/ingame/game?id=9	t	t
106	2020-08-15 20:34:14.381582	2	f	A new round has started in game "shouldTargetPlanetsBecauseShipsTooFarAway"!	/ingame/game?id=9	t	t
107	2020-08-15 20:34:15.205329	2	f	A new round has started in game "shouldTargetPlanetsBecauseShipsTooFarAway"!	/ingame/game?id=9	t	t
108	2020-08-15 20:34:16.136959	2	f	A new round has started in game "shouldTargetPlanetsBecauseShipsTooFarAway"!	/ingame/game?id=9	t	t
109	2020-08-15 20:34:16.957342	2	f	A new round has started in game "shouldTargetPlanetsBecauseShipsTooFarAway"!	/ingame/game?id=9	t	t
110	2020-08-15 20:34:17.881771	2	f	A new round has started in game "shouldTargetPlanetsBecauseShipsTooFarAway"!	/ingame/game?id=9	t	t
111	2020-08-15 20:34:18.770652	2	f	A new round has started in game "shouldTargetPlanetsBecauseShipsTooFarAway"!	/ingame/game?id=9	t	t
112	2020-08-15 20:34:19.510154	2	f	A new round has started in game "shouldTargetPlanetsBecauseShipsTooFarAway"!	/ingame/game?id=9	t	t
113	2020-08-15 20:34:20.282816	2	f	A new round has started in game "shouldTargetPlanetsBecauseShipsTooFarAway"!	/ingame/game?id=9	t	t
114	2020-08-15 20:34:21.215105	2	f	A new round has started in game "shouldTargetPlanetsBecauseShipsTooFarAway"!	/ingame/game?id=9	t	t
119	2020-08-15 20:42:43.282684	2	f	A new round has started in game "shouldCloakShips"!	/ingame/game?id=11	t	t
115	2020-08-15 20:34:33.469334	2	f	A new round has started in game "shouldTargetPlanetsBecauseShipsTooFarAway"!	/ingame/game?id=9	t	t
116	2020-08-15 20:34:37.092085	2	f	A new round has started in game "shouldTargetPlanetsBecauseShipsTooFarAway"!	/ingame/game?id=9	t	t
117	2020-08-15 20:42:41.062456	2	f	A new round has started in game "shouldCloakShips"!	/ingame/game?id=11	t	t
118	2020-08-15 20:42:42.3271	2	f	A new round has started in game "shouldCloakShips"!	/ingame/game?id=11	t	t
120	2020-08-15 20:42:44.235015	2	f	A new round has started in game "shouldCloakShips"!	/ingame/game?id=11	t	t
122	2020-08-15 20:42:46.527176	2	f	A new round has started in game "shouldCloakShips"!	/ingame/game?id=11	t	t
124	2020-08-15 20:42:48.709953	2	f	A new round has started in game "shouldCloakShips"!	/ingame/game?id=11	t	t
121	2020-08-15 20:42:45.281685	2	f	A new round has started in game "shouldCloakShips"!	/ingame/game?id=11	t	t
123	2020-08-15 20:42:47.692374	2	f	A new round has started in game "shouldCloakShips"!	/ingame/game?id=11	t	t
125	2020-08-15 20:42:51.232453	2	f	A new round has started in game "shouldCloakShips"!	/ingame/game?id=11	t	t
126	2020-08-15 21:14:16.380228	2	f	A new round has started in game "shouldUseSignatureMask"!	/ingame/game?id=12	t	t
127	2020-08-15 21:14:17.599048	2	f	A new round has started in game "shouldUseSignatureMask"!	/ingame/game?id=12	t	t
128	2020-08-15 21:14:18.553619	2	f	A new round has started in game "shouldUseSignatureMask"!	/ingame/game?id=12	t	t
129	2020-08-15 21:14:19.398338	2	f	A new round has started in game "shouldUseSignatureMask"!	/ingame/game?id=12	t	t
130	2020-08-15 21:14:20.125679	2	f	A new round has started in game "shouldUseSignatureMask"!	/ingame/game?id=12	t	t
131	2020-08-15 21:14:21.14805	2	f	A new round has started in game "shouldUseSignatureMask"!	/ingame/game?id=12	t	t
132	2020-08-15 21:14:21.96	2	f	A new round has started in game "shouldUseSignatureMask"!	/ingame/game?id=12	t	t
133	2020-08-15 21:14:23.009006	2	f	A new round has started in game "shouldUseSignatureMask"!	/ingame/game?id=12	t	t
134	2020-08-15 21:14:24.264566	2	f	A new round has started in game "shouldUseSignatureMask"!	/ingame/game?id=12	t	t
135	2020-08-15 21:43:41.069557	2	f	A new round has started in game "shouldUseSubSpaceDistortion"!	/ingame/game?id=13	t	t
136	2020-08-15 21:43:41.850941	2	f	A new round has started in game "shouldUseSubSpaceDistortion"!	/ingame/game?id=13	t	t
137	2020-08-15 21:43:42.647581	2	f	A new round has started in game "shouldUseSubSpaceDistortion"!	/ingame/game?id=13	t	t
138	2020-08-15 21:43:43.444136	2	f	A new round has started in game "shouldUseSubSpaceDistortion"!	/ingame/game?id=13	t	t
139	2020-08-15 21:43:44.284507	2	f	A new round has started in game "shouldUseSubSpaceDistortion"!	/ingame/game?id=13	t	t
140	2020-08-15 21:43:45.112415	2	f	A new round has started in game "shouldUseSubSpaceDistortion"!	/ingame/game?id=13	t	t
141	2020-08-15 21:43:46.025598	2	f	A new round has started in game "shouldUseSubSpaceDistortion"!	/ingame/game?id=13	t	t
142	2020-08-15 21:43:46.861429	2	f	A new round has started in game "shouldUseSubSpaceDistortion"!	/ingame/game?id=13	t	t
143	2020-08-15 21:43:47.869328	2	f	A new round has started in game "shouldUseSubSpaceDistortion"!	/ingame/game?id=13	t	t
144	2020-08-15 21:46:09.253765	2	f	A new round has started in game "shouldUseSubSpaceDistortion"!	/ingame/game?id=13	t	t
145	2020-08-15 21:46:16.986342	2	f	A new round has started in game "shouldUseSubSpaceDistortion"!	/ingame/game?id=13	t	t
146	2020-08-15 21:46:20.212497	2	f	A new round has started in game "shouldUseSubSpaceDistortion"!	/ingame/game?id=13	t	t
147	2020-08-15 21:46:28.969473	2	f	A new round has started in game "shouldUseSubSpaceDistortion"!	/ingame/game?id=13	t	t
148	2020-08-15 21:53:31.002137	2	f	A new round has started in game "shouldUseViralInvasion"!	/ingame/game?id=14	t	t
149	2020-08-15 21:53:31.861002	2	f	A new round has started in game "shouldUseViralInvasion"!	/ingame/game?id=14	t	t
150	2020-08-15 21:53:32.635358	2	f	A new round has started in game "shouldUseViralInvasion"!	/ingame/game?id=14	t	t
151	2020-08-15 21:53:33.342323	2	f	A new round has started in game "shouldUseViralInvasion"!	/ingame/game?id=14	t	t
152	2020-08-15 21:53:34.136981	2	f	A new round has started in game "shouldUseViralInvasion"!	/ingame/game?id=14	t	t
153	2020-08-15 21:53:34.858478	2	f	A new round has started in game "shouldUseViralInvasion"!	/ingame/game?id=14	t	t
154	2020-08-15 21:53:35.621991	2	f	A new round has started in game "shouldUseViralInvasion"!	/ingame/game?id=14	t	t
155	2020-08-15 21:53:36.939395	2	f	A new round has started in game "shouldUseViralInvasion"!	/ingame/game?id=14	t	t
156	2020-08-15 21:53:37.92909	2	f	A new round has started in game "shouldUseViralInvasion"!	/ingame/game?id=14	t	t
157	2020-08-16 16:00:31.632961	2	f	You were invited into game "shouldDeleteAndCountDown"!	/game?id=19	t	t
158	2020-08-16 16:00:35.799571	2	f	You were invited into game "shouldDeleteAndCountDown"!	/game?id=19	t	t
159	2020-08-16 16:00:38.610063	2	f	Achievement unlocked: Does this thing even fly?	/achievements/SHIPS_BUILT_1	t	t
160	2020-08-16 16:00:46.51829	2	f	A new round has started in game "shouldDeleteAndCountDown"!	/ingame/game?id=19	t	t
161	2020-08-16 16:00:46.522484	2	f	A new round has started in game "shouldDeleteAndCountDown"!	/ingame/game?id=19	t	t
162	2020-08-16 16:01:04.402841	2	f	A new round has started in game "shouldDeleteAndCountDown"!	/ingame/game?id=19	t	t
163	2020-08-16 16:01:04.408434	2	f	A new round has started in game "shouldDeleteAndCountDown"!	/ingame/game?id=19	t	t
164	2020-08-16 16:01:17.835751	2	f	A new round has started in game "shouldDeleteAndCountDown"!	/ingame/game?id=19	t	t
165	2020-08-16 16:01:17.84252	2	f	A new round has started in game "shouldDeleteAndCountDown"!	/ingame/game?id=19	t	t
167	2020-08-16 17:37:59.501674	2	f	You were invited into game "shouldCreateTradeBonusData"!	/game?id=20	t	t
168	2020-08-16 17:38:12.701149	2	f	A new round has started in game "shouldCreateTradeBonusData"!	/ingame/game?id=20	t	t
169	2020-08-16 17:38:12.705766	2	f	A new round has started in game "shouldCreateTradeBonusData"!	/ingame/game?id=20	t	t
172	2020-08-23 16:24:35.532219	5	f	You were invited into game "shouldDoNothingBecauseNotAllPlayersHaveFaction"!	/game?id=26	t	f
174	2020-08-23 16:28:43.70961	5	f	You were invited into game "shouldAddGameFullNotification"!	/game?id=27	t	f
173	2020-08-23 16:24:38.535668	6	f	You were invited into game "shouldDoNothingBecauseNotAllPlayersHaveFaction"!	/game?id=26	t	f
176	2020-08-23 16:37:38.664945	5	f	You were invited into game "shouldAddGameFullNotificationAndEmail"!	/game?id=28	t	t
178	2020-08-24 20:04:56.781749	6	f	You were invited into game "shouldAddGameStartedNotificationsWithoutEmails"!	/game?id=29	t	t
180	2020-08-24 20:05:20.249508	5	f	Your game "shouldAddGameStartedNotificationsWithoutEmails" is now full and can be started!	/game?id=29	t	t
181	2020-08-25 19:44:57.456232	6	f	You were invited into game "shouldNotCalculateRoundBecauseNotAllFinished"!	/game?id=30	t	t
183	2020-08-25 19:45:36.944259	6	f	Game "shouldNotCalculateRoundBecauseNotAllFinished" has just started!	/ingame/game?id=30	t	t
184	2020-08-25 19:59:00.639039	5	f	You were invited into game "shouldNotifyAndSendMailsToCorrectLogins"!	/game?id=32	t	t
185	2020-08-25 19:59:02.735609	6	f	You were invited into game "shouldNotifyAndSendMailsToCorrectLogins"!	/game?id=32	t	t
187	2020-08-25 19:59:41.35705	5	f	Game "shouldNotifyAndSendMailsToCorrectLogins" has just started!	/ingame/game?id=32	t	t
188	2020-08-25 19:59:41.359216	6	f	Game "shouldNotifyAndSendMailsToCorrectLogins" has just started!	/ingame/game?id=32	t	t
189	2021-05-04 18:32:48.234472	2	f	You were invited into game "SpaceCombatRoundCalculatorIntegrationTest.shouldMutuallyDestroyWithoutWeapons"!	/game?id=33	t	t
191	2021-05-04 18:33:17.082154	2	f	A new round has started in game "SpaceCombatRoundCalculatorIntegrationTest.shouldMutuallyDestroyWithoutWeapons"!	/ingame/game?id=33	t	t
192	2021-05-04 18:33:46.173418	2	f	A new round has started in game "SpaceCombatRoundCalculatorIntegrationTest.shouldMutuallyDestroyWithoutWeapons"!	/ingame/game?id=33	t	t
193	2021-05-04 18:40:04.649479	2	f	A new round has started in game "SpaceCombatRoundCalculatorIntegrationTest.shouldMutuallyDestroyWithoutWeapons"!	/ingame/game?id=33	t	t
194	2021-05-04 19:06:08.371484	2	f	You were invited into game "SpaceCombatRoundCalculatorIntegrationTest.shouldDestroyWeakerShip"!	/game?id=34	t	t
196	2021-05-04 19:06:42.157931	2	f	A new round has started in game "SpaceCombatRoundCalculatorIntegrationTest.shouldDestroyWeakerShip"!	/ingame/game?id=34	t	t
197	2021-05-04 19:07:09.931508	2	f	A new round has started in game "SpaceCombatRoundCalculatorIntegrationTest.shouldDestroyWeakerShip"!	/ingame/game?id=34	t	t
198	2021-05-04 19:07:42.079623	2	f	A new round has started in game "SpaceCombatRoundCalculatorIntegrationTest.shouldDestroyWeakerShip"!	/ingame/game?id=34	t	t
199	2021-05-05 17:53:51.198089	2	f	You were invited into game "SpaceCombatRoundCalculatorIntegrationTest.shouldCaptureShip"!	/game?id=35	t	t
200	2021-05-05 17:55:07.728656	2	f	A new round has started in game "SpaceCombatRoundCalculatorIntegrationTest.shouldCaptureShip"!	/ingame/game?id=35	t	t
201	2021-05-05 17:55:29.862755	2	f	A new round has started in game "SpaceCombatRoundCalculatorIntegrationTest.shouldCaptureShip"!	/ingame/game?id=35	t	t
202	2021-05-05 17:56:33.51342	2	f	A new round has started in game "SpaceCombatRoundCalculatorIntegrationTest.shouldCaptureShip"!	/ingame/game?id=35	t	t
203	2021-05-06 19:05:41.445897	2	f	You were invited into game "SpaceCombatRoundCalculatorIntegrationTest.shouldEvadeEachOtherBecauseBothDefensive"!	/game?id=36	t	t
204	2021-05-06 19:05:59.242728	2	f	A new round has started in game "SpaceCombatRoundCalculatorIntegrationTest.shouldEvadeEachOtherBecauseBothDefensive"!	/ingame/game?id=36	t	t
205	2021-05-06 19:06:15.277011	2	f	A new round has started in game "SpaceCombatRoundCalculatorIntegrationTest.shouldEvadeEachOtherBecauseBothDefensive"!	/ingame/game?id=36	t	t
206	2021-05-06 19:06:35.431563	2	f	A new round has started in game "SpaceCombatRoundCalculatorIntegrationTest.shouldEvadeEachOtherBecauseBothDefensive"!	/ingame/game?id=36	t	t
207	2021-05-06 19:10:47.382023	2	f	You were invited into game "SpaceCombatRoundCalculatorIntegrationTest.shouldEvadeEachOtherAfterFirstCombatRound"!	/game?id=37	t	t
208	2021-05-06 19:11:01.409143	2	f	A new round has started in game "SpaceCombatRoundCalculatorIntegrationTest.shouldEvadeEachOtherAfterFirstCombatRound"!	/ingame/game?id=37	t	t
209	2021-05-06 19:11:13.723804	2	f	A new round has started in game "SpaceCombatRoundCalculatorIntegrationTest.shouldEvadeEachOtherAfterFirstCombatRound"!	/ingame/game?id=37	t	t
210	2021-05-06 19:11:41.318015	2	f	A new round has started in game "SpaceCombatRoundCalculatorIntegrationTest.shouldEvadeEachOtherAfterFirstCombatRound"!	/ingame/game?id=37	t	t
211	2021-05-08 10:27:49.872059	2	f	You were invited into game "SpaceCombatRoundCalculatorIntegrationTest.shouldWinBecauseOfSupport"!	/game?id=40	t	t
212	2021-05-08 10:30:20.492491	2	f	A new round has started in game "SpaceCombatRoundCalculatorIntegrationTest.shouldWinBecauseOfSupport"!	/ingame/game?id=40	t	t
213	2021-05-08 10:30:41.957955	2	f	A new round has started in game "SpaceCombatRoundCalculatorIntegrationTest.shouldWinBecauseOfSupport"!	/ingame/game?id=40	t	t
214	2021-05-08 10:30:52.537382	2	f	A new round has started in game "SpaceCombatRoundCalculatorIntegrationTest.shouldWinBecauseOfSupport"!	/ingame/game?id=40	t	t
215	2021-05-08 10:31:07.461809	2	f	Achievement unlocked: Expanded my horizon - literally	/achievements/PLANETS_COLONIZED_1	f	t
216	2021-05-08 10:31:07.608511	2	f	A new round has started in game "SpaceCombatRoundCalculatorIntegrationTest.shouldWinBecauseOfSupport"!	/ingame/game?id=40	t	t
217	2021-05-08 10:31:20.604841	2	f	A new round has started in game "SpaceCombatRoundCalculatorIntegrationTest.shouldWinBecauseOfSupport"!	/ingame/game?id=40	t	t
218	2021-05-08 10:31:34.183917	2	f	A new round has started in game "SpaceCombatRoundCalculatorIntegrationTest.shouldWinBecauseOfSupport"!	/ingame/game?id=40	t	t
220	2021-05-08 10:32:19.185422	2	f	A new round has started in game "SpaceCombatRoundCalculatorIntegrationTest.shouldWinBecauseOfSupport"!	/ingame/game?id=40	t	t
221	2021-05-08 10:32:34.377066	2	f	A new round has started in game "SpaceCombatRoundCalculatorIntegrationTest.shouldWinBecauseOfSupport"!	/ingame/game?id=40	t	t
222	2021-05-08 10:34:46.334486	2	f	A new round has started in game "SpaceCombatRoundCalculatorIntegrationTest.shouldWinBecauseOfSupport"!	/ingame/game?id=40	t	t
223	2021-05-08 10:34:54.424676	2	f	A new round has started in game "SpaceCombatRoundCalculatorIntegrationTest.shouldWinBecauseOfSupport"!	/ingame/game?id=40	t	t
224	2021-05-09 17:19:03.536586	2	f	You were invited into game "SpaceCombatRoundCalculatorIntegrationTest.shouldRecordCombatLogCorrectly"!	/game?id=41	t	t
225	2021-05-09 17:19:23.362849	2	f	A new round has started in game "SpaceCombatRoundCalculatorIntegrationTest.shouldRecordCombatLogCorrectly"!	/ingame/game?id=41	t	t
226	2021-05-09 17:19:45.801335	2	f	Achievement unlocked: Bee hive	/achievements/SHIPS_BUILT_20	t	t
227	2021-05-09 17:19:45.841996	2	f	A new round has started in game "SpaceCombatRoundCalculatorIntegrationTest.shouldRecordCombatLogCorrectly"!	/ingame/game?id=41	t	t
228	2021-05-09 17:19:59.318149	2	f	A new round has started in game "SpaceCombatRoundCalculatorIntegrationTest.shouldRecordCombatLogCorrectly"!	/ingame/game?id=41	t	t
229	2021-05-09 17:20:14.362806	2	f	A new round has started in game "SpaceCombatRoundCalculatorIntegrationTest.shouldRecordCombatLogCorrectly"!	/ingame/game?id=41	t	t
230	2021-05-09 17:20:22.023983	2	f	A new round has started in game "SpaceCombatRoundCalculatorIntegrationTest.shouldRecordCombatLogCorrectly"!	/ingame/game?id=41	t	t
231	2021-05-15 09:03:41.106226	2	f	You were invited into game "ShipRoundAbilitiesIntegrationTest.shouldDestroyAllShipsBySubSpaceDistortion"!	/game?id=42	t	t
232	2021-05-15 09:04:06.876699	2	f	A new round has started in game "ShipRoundAbilitiesIntegrationTest.shouldDestroyAllShipsBySubSpaceDistortion"!	/ingame/game?id=42	t	t
233	2021-05-15 09:04:16.469844	2	f	A new round has started in game "ShipRoundAbilitiesIntegrationTest.shouldDestroyAllShipsBySubSpaceDistortion"!	/ingame/game?id=42	t	t
234	2021-05-15 09:04:27.779727	2	f	A new round has started in game "ShipRoundAbilitiesIntegrationTest.shouldDestroyAllShipsBySubSpaceDistortion"!	/ingame/game?id=42	t	t
235	2021-06-03 13:39:18.314475	2	f	You were invited into game "ShipRoundAbilitiesIntegrationTest.shouldViralInvadeEnemyColonyWithSingleShip"!	/game?id=44	t	t
236	2021-06-03 13:39:39.933008	2	f	A new round has started in game "ShipRoundAbilitiesIntegrationTest.shouldViralInvadeEnemyColonyWithSingleShip"!	/ingame/game?id=44	t	t
237	2021-06-03 13:50:00.632982	2	f	You were invited into game "ShipRoundAbilitiesIntegrationTest.shouldViralInvadeEnemyColonyWithMultipleShips"!	/game?id=45	t	t
238	2021-06-03 13:50:15.7367	2	f	A new round has started in game "ShipRoundAbilitiesIntegrationTest.shouldViralInvadeEnemyColonyWithMultipleShips"!	/ingame/game?id=45	t	t
239	2021-06-03 13:50:22.768309	2	f	A new round has started in game "ShipRoundAbilitiesIntegrationTest.shouldViralInvadeEnemyColonyWithMultipleShips"!	/ingame/game?id=45	t	t
240	2021-06-03 13:54:19.277913	2	f	You were invited into game "ShipRoundAbilitiesIntegrationTest.shouldNotViralInvadeEnemyColonyWithSingleShipBecauseMedicalCenter"!	/game?id=46	t	t
241	2021-06-03 13:54:37.12641	2	f	A new round has started in game "ShipRoundAbilitiesIntegrationTest.shouldNotViralInvadeEnemyColonyWithSingleShipBecauseMedicalCenter"!	/ingame/game?id=46	t	t
242	2021-06-03 13:59:05.267905	2	f	You were invited into game "ShipRoundAbilitiesIntegrationTest.shouldNotViralInvadeEnemyColonyWithMultipleShipsBecauseMedicalCenter"!	/game?id=47	t	t
243	2021-06-03 13:59:17.579452	2	f	A new round has started in game "ShipRoundAbilitiesIntegrationTest.shouldNotViralInvadeEnemyColonyWithMultipleShipsBecauseMedicalCenter"!	/ingame/game?id=47	t	t
244	2021-06-03 13:59:25.424403	2	f	A new round has started in game "ShipRoundAbilitiesIntegrationTest.shouldNotViralInvadeEnemyColonyWithMultipleShipsBecauseMedicalCenter"!	/ingame/game?id=47	t	t
245	2021-06-04 09:20:03.679298	2	f	You were invited into game "ShipRoundTasksIntegrationTest.shouldKillMostColonistsInPlanetaryBombardment"!	/game?id=48	t	t
246	2021-06-04 09:20:20.885915	2	f	A new round has started in game "ShipRoundTasksIntegrationTest.shouldKillMostColonistsInPlanetaryBombardment"!	/ingame/game?id=48	t	t
247	2021-06-04 09:20:45.83333	2	f	A new round has started in game "ShipRoundTasksIntegrationTest.shouldKillMostColonistsInPlanetaryBombardment"!	/ingame/game?id=48	t	t
248	2021-06-04 09:21:05.559511	2	f	A new round has started in game "ShipRoundTasksIntegrationTest.shouldKillMostColonistsInPlanetaryBombardment"!	/ingame/game?id=48	t	t
249	2021-06-04 09:25:07.675849	2	f	You were invited into game "ShipRoundTasksIntegrationTest.shouldNotKillMostColonistsInPlanetaryBombardmentBecauseBunker"!	/game?id=49	t	t
250	2021-06-04 09:25:22.027081	2	f	A new round has started in game "ShipRoundTasksIntegrationTest.shouldNotKillMostColonistsInPlanetaryBombardmentBecauseBunker"!	/ingame/game?id=49	t	t
251	2021-06-04 09:25:37.696679	2	f	A new round has started in game "ShipRoundTasksIntegrationTest.shouldNotKillMostColonistsInPlanetaryBombardmentBecauseBunker"!	/ingame/game?id=49	t	t
252	2021-06-04 09:26:00.484569	2	f	A new round has started in game "ShipRoundTasksIntegrationTest.shouldNotKillMostColonistsInPlanetaryBombardmentBecauseBunker"!	/ingame/game?id=49	t	t
253	2021-06-04 09:26:19.370116	2	f	A new round has started in game "ShipRoundTasksIntegrationTest.shouldNotKillMostColonistsInPlanetaryBombardmentBecauseBunker"!	/ingame/game?id=49	t	t
254	2021-06-04 09:28:59.948077	2	f	You were invited into game "ShipRoundTasksIntegrationTest.shouldKillColonistsToBunkerLimitInPlanetaryBombardment"!	/game?id=50	t	t
255	2021-06-04 09:29:12.915768	2	f	A new round has started in game "ShipRoundTasksIntegrationTest.shouldKillColonistsToBunkerLimitInPlanetaryBombardment"!	/ingame/game?id=50	t	t
256	2021-06-04 09:31:03.823046	2	f	A new round has started in game "ShipRoundTasksIntegrationTest.shouldKillColonistsToBunkerLimitInPlanetaryBombardment"!	/ingame/game?id=50	t	t
257	2021-06-04 09:31:19.590245	2	f	A new round has started in game "ShipRoundTasksIntegrationTest.shouldKillColonistsToBunkerLimitInPlanetaryBombardment"!	/ingame/game?id=50	t	t
258	2021-06-04 10:30:55.486098	2	f	You were invited into game "PlayerEncounterServiceIntegrationTest.shouldNotAddAnyEncountersBecauseNoShipsExist"!	/game?id=51	t	t
259	2021-06-04 10:37:09.910227	3	f	You were invited into game "PlayerEncounterServiceIntegrationTest.shouldNotAddAnyEncountersBecauseNoShipsInRangeOfEachOther"!	/game?id=52	t	t
260	2021-06-04 10:37:28.387106	3	f	A new round has started in game "PlayerEncounterServiceIntegrationTest.shouldNotAddAnyEncountersBecauseNoShipsInRangeOfEachOther"!	/ingame/game?id=52	t	t
261	2021-06-04 10:39:19.911708	3	f	You were invited into game "PlayerEncounterServiceIntegrationTest.shouldAddTwoEncounters"!	/game?id=53	t	t
262	2021-06-04 10:39:33.934483	3	f	A new round has started in game "PlayerEncounterServiceIntegrationTest.shouldAddTwoEncounters"!	/ingame/game?id=53	t	t
263	2021-06-04 10:39:44.550235	3	f	A new round has started in game "PlayerEncounterServiceIntegrationTest.shouldAddTwoEncounters"!	/ingame/game?id=53	t	t
264	2021-06-04 10:45:40.396278	3	f	A new round has started in game "PlayerEncounterServiceIntegrationTest.shouldAddTwoEncounters"!	/ingame/game?id=53	t	t
265	2021-06-04 13:31:07.083121	2	f	You were invited into game "PlayerEncounterServiceIntegrationTest.shouldAddTwoEncounters"!	/game?id=54	t	t
266	2021-06-04 13:31:22.109612	2	f	A new round has started in game "PlayerEncounterServiceIntegrationTest.shouldAddTwoEncounters"!	/ingame/game?id=54	t	t
267	2021-06-04 13:31:40.951822	2	f	A new round has started in game "PlayerEncounterServiceIntegrationTest.shouldAddTwoEncounters"!	/ingame/game?id=54	t	t
268	2021-06-04 13:31:56.50458	2	f	A new round has started in game "PlayerEncounterServiceIntegrationTest.shouldAddTwoEncounters"!	/ingame/game?id=54	t	t
269	2021-06-04 13:32:02.992791	2	f	A new round has started in game "PlayerEncounterServiceIntegrationTest.shouldAddTwoEncounters"!	/ingame/game?id=54	t	t
270	2021-06-04 14:58:23.61145	2	f	You were invited into game "SpaceCombatRoundCalculatorIntegrationTest.shouldDestroyAndCaptureShips"!	/game?id=55	t	t
271	2021-06-04 15:11:14.896296	2	f	A new round has started in game "SpaceCombatRoundCalculatorIntegrationTest.shouldDestroyAndCaptureShips"!	/ingame/game?id=55	t	t
272	2021-06-04 15:11:24.511635	2	f	A new round has started in game "SpaceCombatRoundCalculatorIntegrationTest.shouldDestroyAndCaptureShips"!	/ingame/game?id=55	t	t
273	2021-06-04 15:11:36.480196	2	f	A new round has started in game "SpaceCombatRoundCalculatorIntegrationTest.shouldDestroyAndCaptureShips"!	/ingame/game?id=55	t	t
274	2021-06-04 15:11:42.081669	2	f	A new round has started in game "SpaceCombatRoundCalculatorIntegrationTest.shouldDestroyAndCaptureShips"!	/ingame/game?id=55	t	t
275	2021-06-24 18:19:19.400717	4	f	You were invited into game "SpaceCombatRoundCalculatorIntegrationTest.shouldLogCombatWithEvasion"!	/game?id=60	t	t
276	2021-06-24 18:19:39.826986	4	f	A new round has started in game "SpaceCombatRoundCalculatorIntegrationTest.shouldLogCombatWithEvasion"!	/ingame/game?id=60	t	t
277	2021-06-24 18:20:09.24116	4	f	A new round has started in game "SpaceCombatRoundCalculatorIntegrationTest.shouldLogCombatWithEvasion"!	/ingame/game?id=60	t	t
278	2021-06-24 18:20:24.726715	4	f	Achievement unlocked: Expanded my horizon - literally	/achievements/PLANETS_COLONIZED_1	f	t
279	2021-06-24 18:20:24.905276	4	f	A new round has started in game "SpaceCombatRoundCalculatorIntegrationTest.shouldLogCombatWithEvasion"!	/ingame/game?id=60	t	t
280	2021-07-07 18:38:36.227852	2	f	You were invited into game "SpaceCombatRoundCalculatorIntegrationTest.shouldSurvive"!	/game?id=61	t	t
281	2021-07-07 18:39:12.860722	2	f	A new round has started in game "SpaceCombatRoundCalculatorIntegrationTest.shouldSurvive"!	/ingame/game?id=61	t	t
282	2021-07-07 18:39:31.713465	2	f	A new round has started in game "SpaceCombatRoundCalculatorIntegrationTest.shouldSurvive"!	/ingame/game?id=61	t	t
283	2021-07-07 18:41:16.409854	2	f	A new round has started in game "SpaceCombatRoundCalculatorIntegrationTest.shouldSurvive"!	/ingame/game?id=61	t	t
284	2021-07-10 14:18:12.521249	2	f	A new round has started in game "PlayerRoundStatsServiceIntegrationTest.shouldReturnStatsForFinishedInvasionGame"!	/ingame/game?id=62	t	t
285	2021-07-10 14:19:51.463844	2	f	A new round has started in game "PlayerRoundStatsServiceIntegrationTest.shouldReturnStatsForFinishedInvasionGame"!	/ingame/game?id=62	t	t
286	2021-07-10 14:19:57.353312	2	f	A new round has started in game "PlayerRoundStatsServiceIntegrationTest.shouldReturnStatsForFinishedInvasionGame"!	/ingame/game?id=62	t	t
287	2021-07-10 14:20:17.12673	2	f	A new round has started in game "PlayerRoundStatsServiceIntegrationTest.shouldReturnStatsForFinishedInvasionGame"!	/ingame/game?id=62	t	t
288	2021-07-24 10:56:33.014319	2	f	You were invited into game "PlayerEncounterServiceIntegrationTest.shouldAddTwoEncountersViaPlanetOrbit"!	/game?id=64	t	t
289	2021-07-24 10:56:53.685197	2	f	A new round has started in game "PlayerEncounterServiceIntegrationTest.shouldAddTwoEncountersViaPlanetOrbit"!	/ingame/game?id=64	t	t
290	2021-07-24 10:56:55.844598	2	f	A new round has started in game "PlayerEncounterServiceIntegrationTest.shouldAddTwoEncountersViaPlanetOrbit"!	/ingame/game?id=64	t	t
291	2021-07-24 10:56:57.645902	2	f	A new round has started in game "PlayerEncounterServiceIntegrationTest.shouldAddTwoEncountersViaPlanetOrbit"!	/ingame/game?id=64	t	t
292	2021-07-24 10:57:00.422775	2	f	A new round has started in game "PlayerEncounterServiceIntegrationTest.shouldAddTwoEncountersViaPlanetOrbit"!	/ingame/game?id=64	t	t
293	2021-07-24 10:57:14.330062	2	f	A new round has started in game "PlayerEncounterServiceIntegrationTest.shouldAddTwoEncountersViaPlanetOrbit"!	/ingame/game?id=64	t	t
294	2021-07-24 13:34:53.453119	2	f	You were invited into game "PlayerEncounterServiceIntegrationTest.shouldAddOneEncounterForPlanetInShipScannerRange"!	/game?id=65	t	t
295	2021-07-24 13:35:44.511437	2	f	A new round has started in game "PlayerEncounterServiceIntegrationTest.shouldAddOneEncounterForPlanetInShipScannerRange"!	/ingame/game?id=65	t	t
296	2021-07-24 13:35:47.599496	2	f	A new round has started in game "PlayerEncounterServiceIntegrationTest.shouldAddOneEncounterForPlanetInShipScannerRange"!	/ingame/game?id=65	t	t
297	2021-07-24 13:36:02.410697	2	f	A new round has started in game "PlayerEncounterServiceIntegrationTest.shouldAddOneEncounterForPlanetInShipScannerRange"!	/ingame/game?id=65	t	t
298	2021-07-24 13:41:07.137879	2	f	A new round has started in game "PlayerEncounterServiceIntegrationTest.shouldAddOneEncounterForPlanetInShipScannerRange"!	/ingame/game?id=65	t	t
299	2021-07-24 13:41:23.573908	2	f	A new round has started in game "PlayerEncounterServiceIntegrationTest.shouldAddOneEncounterForPlanetInShipScannerRange"!	/ingame/game?id=65	t	t
300	2021-08-08 08:57:28.418965	5	f	You were invited into game "test"!	/game?id=66	t	t
301	2021-08-08 08:58:38.540058	6	f	You were invited into game "test"!	/game?id=66	t	t
339	2021-08-16 08:24:10.874952	4	f	You were invited into game "AdminServiceIntegrationTest.shouldDeleteTeamDeathFoeGame"!	/game?id=68	t	t
340	2021-08-16 08:24:15.525714	4	f	You were invited into game "AdminServiceIntegrationTest.shouldDeleteTeamDeathFoeGame"!	/game?id=68	t	t
341	2021-09-02 19:33:19.098251	4	f	You were invited into game "GameStartHelperIntegrationTest.shouldCreateStartPositionsWithEqualDistance"!	/game?id=69	t	t
342	2022-05-07 14:18:56.077775	2	f	A new round has started in game "Overview Modal Test Game"!	/ingame/game?id=71	t	t
343	2022-05-07 14:19:11.893878	2	f	A new round has started in game "Overview Modal Test Game"!	/ingame/game?id=71	t	t
344	2022-05-07 14:19:36.250638	2	f	A new round has started in game "Overview Modal Test Game"!	/ingame/game?id=71	t	t
345	2022-05-07 14:19:55.681194	2	f	A new round has started in game "Overview Modal Test Game"!	/ingame/game?id=71	t	t
346	2022-05-07 14:20:07.412124	2	f	A new round has started in game "Overview Modal Test Game"!	/ingame/game?id=71	t	t
347	2022-05-07 14:20:23.106156	2	f	A new round has started in game "Overview Modal Test Game"!	/ingame/game?id=71	t	t
348	2022-05-07 14:20:31.495393	2	f	A new round has started in game "Overview Modal Test Game"!	/ingame/game?id=71	t	t
349	2022-05-07 14:20:56.289277	2	f	A new round has started in game "Overview Modal Test Game"!	/ingame/game?id=71	t	t
328	2021-08-09 16:40:50.671969	1	f	A new round has started in game "SpaceCombatRoundCalculatorIntegrationTest.shouldDestroyShipThatConstructedJumpPortal"!	/ingame/game?id=67	t	f
325	2021-08-09 16:38:30.751271	1	f	A new round has started in game "SpaceCombatRoundCalculatorIntegrationTest.shouldDestroyShipThatConstructedJumpPortal"!	/ingame/game?id=67	t	f
320	2021-08-08 09:37:39.318593	1	f	A new round has started in game "VisibleObjectsIntegrationTest.shouldDisplayCloakedShips"!	/ingame/game?id=66	t	f
314	2021-08-08 09:12:38.738316	1	f	A new round has started in game "test"!	/ingame/game?id=66	t	f
312	2021-08-08 09:08:57.227828	1	f	A new round has started in game "test"!	/ingame/game?id=66	t	f
309	2021-08-08 09:04:17.013893	1	f	A new round has started in game "test"!	/ingame/game?id=66	t	f
308	2021-08-08 09:03:32.198477	1	f	A new round has started in game "test"!	/ingame/game?id=66	t	f
307	2021-08-08 09:01:32.196355	1	f	A new round has started in game "test"!	/ingame/game?id=66	t	f
195	2021-05-04 19:06:39.24673	1	t	Achievement unlocked: Bee hive	/achievements/SHIPS_BUILT_20	t	f
302	2021-08-08 08:59:34.787667	1	t	A new player joined your game "test"!	/game?id=66	t	f
182	2020-08-25 19:45:24.31077	1	t	Your game "shouldNotCalculateRoundBecauseNotAllFinished" is now full and can be started!	/game?id=30	t	f
186	2020-08-25 19:59:33.607069	1	t	Your game "shouldNotifyAndSendMailsToCorrectLogins" is now full and can be started!	/game?id=32	t	f
190	2021-05-04 18:33:02.919885	1	t	Achievement unlocked: Damn these are expensive	/achievements/STARBASES_MAXED_1	t	f
310	2021-08-08 09:07:52.26646	1	f	A new round has started in game "test"!	/ingame/game?id=66	t	f
306	2021-08-08 09:01:05.033438	1	f	A new round has started in game "test"!	/ingame/game?id=66	t	f
303	2021-08-08 08:59:37.165142	1	t	Your game "test" is now full and can be started!	/game?id=66	t	f
3	2020-08-15 16:52:01.454599	1	t	Achievement unlocked: Does this thing even fly?	/achievements/SHIPS_BUILT_1	t	f
80	2020-08-15 20:22:50.250616	1	t	Achievement unlocked: Expanded my horizon - literally	/achievements/PLANETS_COLONIZED_1	f	f
179	2020-08-24 20:04:59.169263	1	t	You were invited into game "shouldAddGameStartedNotificationsWithoutEmails"!	/game?id=29	t	f
219	2021-05-08 10:32:18.928793	1	t	Achievement unlocked: They looked at me the wrong way	/achievements/SHIPS_DESTROYED_1	f	f
322	2021-08-09 16:37:34.744923	1	f	Your game "SpaceCombatRoundCalculatorIntegrationTest.shouldDestroyShipThatConstructedJumpPortal" is now full and can be started!	/game?id=67	t	f
323	2021-08-09 16:37:40.037663	1	f	Your game "SpaceCombatRoundCalculatorIntegrationTest.shouldDestroyShipThatConstructedJumpPortal" is now full and can be started!	/game?id=67	t	f
327	2021-08-09 16:40:33.030358	1	f	A new round has started in game "SpaceCombatRoundCalculatorIntegrationTest.shouldDestroyShipThatConstructedJumpPortal"!	/ingame/game?id=67	t	f
330	2021-08-09 16:41:14.125114	1	f	A new round has started in game "SpaceCombatRoundCalculatorIntegrationTest.shouldDestroyShipThatConstructedJumpPortal"!	/ingame/game?id=67	t	f
333	2021-08-09 16:43:41.817926	1	f	A new round has started in game "SpaceCombatRoundCalculatorIntegrationTest.shouldDestroyShipThatConstructedJumpPortal"!	/ingame/game?id=67	t	f
369	2022-06-06 10:32:49.243275	4	f	You were invited into game "GameToBeDeletedByAdmin"!	/game?id=77	t	t
370	2022-06-06 10:33:13.11904	4	f	A new round has started in game "GameToBeDeletedByAdmin"!	/ingame/game?id=77	t	t
371	2022-06-06 10:33:28.191283	4	f	A new round has started in game "GameToBeDeletedByAdmin"!	/ingame/game?id=77	t	t
372	2022-06-06 10:33:35.739303	4	f	A new round has started in game "GameToBeDeletedByAdmin"!	/ingame/game?id=77	t	t
373	2022-06-06 10:33:52.051321	4	f	A new round has started in game "GameToBeDeletedByAdmin"!	/ingame/game?id=77	t	t
366	2022-05-27 13:40:34.133376	1	f	A new round has started in game "Ship Navigation Tests"!	/ingame/game?id=76	t	f
375	2022-07-05 17:54:24.915712	1	f	Your game "Transport To Foreign Planet" is now full and can be started!	/game?id=87	t	f
335	2021-08-09 16:45:34.836141	1	f	A new round has started in game "SpaceCombatRoundCalculatorIntegrationTest.shouldDestroyShipThatConstructedJumpPortal"!	/ingame/game?id=67	t	f
350	2022-05-24 11:32:24.399985	1	f	Achievement unlocked: Armada complete	/achievements/SHIPS_BUILT_100	t	f
352	2022-05-27 13:22:54.862227	1	f	Your game "Ship Navigation Tests" is now full and can be started!	/game?id=76	t	f
354	2022-05-27 13:24:01.353977	1	f	A new round has started in game "Ship Navigation Tests"!	/ingame/game?id=76	t	f
355	2022-05-27 13:25:30.059177	1	f	A new round has started in game "Ship Navigation Tests"!	/ingame/game?id=76	t	f
360	2022-05-27 13:33:59.426252	1	f	A new round has started in game "Ship Navigation Tests"!	/ingame/game?id=76	t	f
361	2022-05-27 13:35:30.613351	1	f	A new round has started in game "Ship Navigation Tests"!	/ingame/game?id=76	t	f
368	2022-05-27 13:42:13.919935	1	f	A new round has started in game "Ship Navigation Tests"!	/ingame/game?id=76	t	f
377	2022-07-05 17:54:57.534897	1	f	A new round has started in game "Transport To Foreign Planet"!	/ingame/game?id=87	t	f
351	2022-05-27 13:22:14.243339	7	f	You were invited into game "Ship Navigation Tests"!	/game?id=76	t	f
374	2022-07-05 17:54:18.43005	7	f	You were invited into game "Transport To Foreign Planet"!	/game?id=87	t	f
376	2022-07-05 17:54:28.685573	7	f	Game "Transport To Foreign Planet" has just started!	/ingame/game?id=87	t	f
304	2021-08-08 08:59:46.850046	7	t	Game "test" has just started!	/ingame/game?id=66	t	f
331	2021-08-09 16:43:02.540124	7	f	A new round has started in game "SpaceCombatRoundCalculatorIntegrationTest.shouldDestroyShipThatConstructedJumpPortal"!	/ingame/game?id=67	t	f
332	2021-08-09 16:43:32.901366	7	f	A new round has started in game "SpaceCombatRoundCalculatorIntegrationTest.shouldDestroyShipThatConstructedJumpPortal"!	/ingame/game?id=67	t	f
326	2021-08-09 16:40:22.909769	7	f	A new round has started in game "SpaceCombatRoundCalculatorIntegrationTest.shouldDestroyShipThatConstructedJumpPortal"!	/ingame/game?id=67	t	f
334	2021-08-09 16:45:16.459363	7	f	A new round has started in game "SpaceCombatRoundCalculatorIntegrationTest.shouldDestroyShipThatConstructedJumpPortal"!	/ingame/game?id=67	t	f
305	2021-08-08 09:01:03.241347	7	f	Achievement unlocked: Does this thing even fly?	/achievements/SHIPS_BUILT_1	t	f
337	2021-08-09 16:46:08.970337	7	f	A new round has started in game "SpaceCombatRoundCalculatorIntegrationTest.shouldDestroyShipThatConstructedJumpPortal"!	/ingame/game?id=67	t	f
338	2021-08-09 16:46:15.445327	7	f	A new round has started in game "SpaceCombatRoundCalculatorIntegrationTest.shouldDestroyShipThatConstructedJumpPortal"!	/ingame/game?id=67	t	f
315	2021-08-08 09:13:18.848215	7	f	A new round has started in game "test"!	/ingame/game?id=66	t	f
316	2021-08-08 09:13:29.674908	7	f	A new round has started in game "test"!	/ingame/game?id=66	t	f
317	2021-08-08 09:19:18.192488	7	f	A new round has started in game "VisibleObjectsIntegrationTest.shouldDisplayCloakedShips"!	/ingame/game?id=66	t	f
318	2021-08-08 09:19:39.04493	7	f	A new round has started in game "VisibleObjectsIntegrationTest.shouldDisplayCloakedShips"!	/ingame/game?id=66	t	f
319	2021-08-08 09:20:28.909938	7	f	A new round has started in game "VisibleObjectsIntegrationTest.shouldDisplayCloakedShips"!	/ingame/game?id=66	t	f
313	2021-08-08 09:12:05.189485	7	f	A new round has started in game "test"!	/ingame/game?id=66	t	f
311	2021-08-08 09:08:17.731266	7	f	A new round has started in game "test"!	/ingame/game?id=66	t	f
353	2022-05-27 13:23:01.094553	7	f	Game "Ship Navigation Tests" has just started!	/ingame/game?id=76	t	f
367	2022-05-27 13:41:22.897534	7	f	A new round has started in game "Ship Navigation Tests"!	/ingame/game?id=76	t	f
363	2022-05-27 13:37:55.508909	7	f	A new round has started in game "Ship Navigation Tests"!	/ingame/game?id=76	t	f
329	2021-08-09 16:41:00.634764	7	f	A new round has started in game "SpaceCombatRoundCalculatorIntegrationTest.shouldDestroyShipThatConstructedJumpPortal"!	/ingame/game?id=67	t	f
321	2021-08-09 16:37:20.189544	7	f	You were invited into game "SpaceCombatRoundCalculatorIntegrationTest.shouldDestroyShipThatConstructedJumpPortal"!	/game?id=67	t	f
324	2021-08-09 16:37:43.208399	7	f	Game "SpaceCombatRoundCalculatorIntegrationTest.shouldDestroyShipThatConstructedJumpPortal" has just started!	/ingame/game?id=67	t	f
336	2021-08-09 16:45:49.372021	7	f	A new round has started in game "SpaceCombatRoundCalculatorIntegrationTest.shouldDestroyShipThatConstructedJumpPortal"!	/ingame/game?id=67	t	f
356	2022-05-27 13:27:09.743683	7	f	Achievement unlocked: Expanded my horizon - literally	/achievements/PLANETS_COLONIZED_1	f	f
357	2022-05-27 13:27:10.440828	7	f	A new round has started in game "Ship Navigation Tests"!	/ingame/game?id=76	t	f
358	2022-05-27 13:30:45.060374	7	f	A new round has started in game "Ship Navigation Tests"!	/ingame/game?id=76	t	f
359	2022-05-27 13:31:45.575532	7	f	A new round has started in game "Ship Navigation Tests"!	/ingame/game?id=76	t	f
362	2022-05-27 13:36:10.164737	7	f	A new round has started in game "Ship Navigation Tests"!	/ingame/game?id=76	t	f
364	2022-05-27 13:38:57.285246	7	f	A new round has started in game "Ship Navigation Tests"!	/ingame/game?id=76	t	f
365	2022-05-27 13:39:42.521384	7	f	A new round has started in game "Ship Navigation Tests"!	/ingame/game?id=76	t	f
378	2022-07-05 17:55:39.825675	7	f	A new round has started in game "Transport To Foreign Planet"!	/ingame/game?id=87	t	f
379	2022-07-05 18:11:40.606957	7	f	A new round has started in game "Transport To Foreign Planet"!	/ingame/game?id=87	t	f
380	2022-07-31 10:16:59.615836	7	f	You were invited into game "GroundCombatRoundCalculatorIntegrationTest.shouldCalculateForPlanetWithoutColonistsButGroundUnits"!	/game?id=94	t	t
381	2022-07-31 10:17:19.121436	1	f	Your game "GroundCombatRoundCalculatorIntegrationTest.shouldCalculateForPlanetWithoutColonistsButGroundUnits" is now full and can be started!	/game?id=94	t	t
382	2022-07-31 10:17:23.510646	7	f	Game "GroundCombatRoundCalculatorIntegrationTest.shouldCalculateForPlanetWithoutColonistsButGroundUnits" has just started!	/ingame/game?id=94	t	t
383	2022-07-31 10:18:01.075354	1	f	A new round has started in game "GroundCombatRoundCalculatorIntegrationTest.shouldCalculateForPlanetWithoutColonistsButGroundUnits"!	/ingame/game?id=94	t	t
384	2022-07-31 10:19:20.512354	1	f	A new round has started in game "GroundCombatRoundCalculatorIntegrationTest.shouldCalculateForPlanetWithoutColonistsButGroundUnits"!	/ingame/game?id=94	t	t
385	2022-07-31 10:19:30.422821	7	f	A new round has started in game "GroundCombatRoundCalculatorIntegrationTest.shouldCalculateForPlanetWithoutColonistsButGroundUnits"!	/ingame/game?id=94	t	t
386	2022-07-31 10:19:46.846268	7	f	A new round has started in game "GroundCombatRoundCalculatorIntegrationTest.shouldCalculateForPlanetWithoutColonistsButGroundUnits"!	/ingame/game?id=94	t	t
387	2022-07-31 10:22:23.456011	1	f	A new round has started in game "GroundCombatRoundCalculatorIntegrationTest.shouldCalculateForPlanetWithoutColonistsButGroundUnits"!	/ingame/game?id=94	t	t
388	2022-07-31 10:22:45.827443	7	f	A new round has started in game "GroundCombatRoundCalculatorIntegrationTest.shouldCalculateForPlanetWithoutColonistsButGroundUnits"!	/ingame/game?id=94	t	t
389	2022-07-31 10:22:59.707214	1	f	A new round has started in game "GroundCombatRoundCalculatorIntegrationTest.shouldCalculateForPlanetWithoutColonistsButGroundUnits"!	/ingame/game?id=94	t	t
390	2022-07-31 10:23:07.099349	7	f	A new round has started in game "GroundCombatRoundCalculatorIntegrationTest.shouldCalculateForPlanetWithoutColonistsButGroundUnits"!	/ingame/game?id=94	t	t
391	2022-07-31 10:23:13.829486	1	f	A new round has started in game "GroundCombatRoundCalculatorIntegrationTest.shouldCalculateForPlanetWithoutColonistsButGroundUnits"!	/ingame/game?id=94	t	t
392	2022-07-31 10:23:30.3518	1	f	A new round has started in game "GroundCombatRoundCalculatorIntegrationTest.shouldCalculateForPlanetWithoutColonistsButGroundUnits"!	/ingame/game?id=94	t	t
393	2023-03-11 14:11:51.678699	2	f	You were invited into game "AIEasyPoliticsIntegrationTest.shouldAcceptAllRequests"!	/game?id=96	t	t
394	2023-03-17 10:07:34.827184	4	f	You were invited into game "IngameServiceIntegrationTest.shouldFinishTurn"!	/game?id=97	t	t
395	2023-03-25 13:46:31.055797	4	f	You were invited into game "WinConditionCalculatorIntegrationTest.shouldFinishGameBecauseAllPlayersLost"!	/game?id=100	f	t
396	2023-03-25 13:46:39.388439	4	f	A new round has started in game "WinConditionCalculatorIntegrationTest.shouldFinishGameBecauseAllPlayersLost"!	/ingame/game?id=100	f	t
397	2023-03-25 13:49:15.286721	4	f	You were invited into game "WinConditionCalculatorIntegrationTest.shouldFinishGameBecauseAllPlayersWon"!	/game?id=101	f	t
398	2023-03-25 13:49:21.058356	2	f	A new round has started in game "WinConditionCalculatorIntegrationTest.shouldFinishGameBecauseAllPlayersWon"!	/ingame/game?id=101	f	t
399	2023-03-25 13:49:21.062504	4	f	A new round has started in game "WinConditionCalculatorIntegrationTest.shouldFinishGameBecauseAllPlayersWon"!	/ingame/game?id=101	f	t
400	2023-03-25 14:14:22.596683	2	f	You were invited into game "GameStartPlayerHelperIntegrationTest.shouldAssignPlayerRelations"!	/game?id=102	f	t
401	2023-03-25 14:14:24.769481	3	f	You were invited into game "GameStartPlayerHelperIntegrationTest.shouldAssignPlayerRelations"!	/game?id=102	f	t
402	2023-03-25 14:14:27.49186	4	f	You were invited into game "GameStartPlayerHelperIntegrationTest.shouldAssignPlayerRelations"!	/game?id=102	f	t
403	2023-03-25 14:29:24.275686	2	f	You were invited into game "GameStartPlayerHelperIntegrationTest.shouldAssignDeathFoes"!	/game?id=103	f	t
404	2023-03-25 14:29:26.864397	3	f	You were invited into game "GameStartPlayerHelperIntegrationTest.shouldAssignDeathFoes"!	/game?id=103	f	t
405	2023-03-28 08:23:00.525279	4	f	You were invited into game "ConquestServiceIntegrationTest.shouldNotProcessBecauseNoPlayerHasConqueredPlanet"!	/game?id=106	f	t
406	2023-03-28 08:23:34.073115	4	f	You were invited into game "ConquestServiceIntegrationTest.shouldNotProcessBecauseNoPlayerHasShipInCenter"!	/game?id=107	f	t
407	2023-03-28 08:28:53.623086	4	f	You were invited into game "ConquestServiceIntegrationTest.shouldNotProcessBecauseMultiplePlayersRivalHaveShipsInCenter"!	/game?id=108	f	t
408	2023-03-28 08:29:16.26079	4	f	A new round has started in game "ConquestServiceIntegrationTest.shouldNotProcessBecauseMultiplePlayersRivalHaveShipsInCenter"!	/ingame/game?id=108	f	t
412	2023-03-28 08:29:41.341564	4	f	A new round has started in game "ConquestServiceIntegrationTest.shouldNotProcessBecauseMultiplePlayersRivalHaveShipsInCenter"!	/ingame/game?id=108	f	t
409	2023-03-28 08:29:20.042183	4	f	A new round has started in game "ConquestServiceIntegrationTest.shouldNotProcessBecauseMultiplePlayersRivalHaveShipsInCenter"!	/ingame/game?id=108	f	t
410	2023-03-28 08:29:21.823965	4	f	A new round has started in game "ConquestServiceIntegrationTest.shouldNotProcessBecauseMultiplePlayersRivalHaveShipsInCenter"!	/ingame/game?id=108	f	t
411	2023-03-28 08:29:24.493478	4	f	A new round has started in game "ConquestServiceIntegrationTest.shouldNotProcessBecauseMultiplePlayersRivalHaveShipsInCenter"!	/ingame/game?id=108	f	t
413	2023-03-28 08:50:03.796293	2	f	You were invited into game "ConquestServiceIntegrationTest.shouldGainVictoryPointBecauseCenterPlanetOwned"!	/game?id=109	f	t
414	2023-03-28 08:50:22.976312	2	f	A new round has started in game "ConquestServiceIntegrationTest.shouldGainVictoryPointBecauseCenterPlanetOwned"!	/ingame/game?id=109	f	t
415	2023-03-28 08:50:41.647968	2	f	A new round has started in game "ConquestServiceIntegrationTest.shouldGainVictoryPointBecauseCenterPlanetOwned"!	/ingame/game?id=109	f	t
416	2023-03-28 08:50:56.28759	2	f	A new round has started in game "ConquestServiceIntegrationTest.shouldGainVictoryPointBecauseCenterPlanetOwned"!	/ingame/game?id=109	f	t
417	2023-03-28 09:00:44.514248	2	f	You were invited into game "ConquestServiceIntegrationTest.shouldGainVictoryPointBecauseOnePlayerHasShipsInCenter"!	/game?id=110	f	t
418	2023-03-28 09:03:43.284595	2	f	A new round has started in game "ConquestServiceIntegrationTest.shouldGainVictoryPointBecauseOnePlayerHasShipsInCenter"!	/ingame/game?id=110	f	t
419	2023-03-28 09:03:46.094214	2	f	A new round has started in game "ConquestServiceIntegrationTest.shouldGainVictoryPointBecauseOnePlayerHasShipsInCenter"!	/ingame/game?id=110	f	t
420	2023-03-28 09:03:48.220635	2	f	A new round has started in game "ConquestServiceIntegrationTest.shouldGainVictoryPointBecauseOnePlayerHasShipsInCenter"!	/ingame/game?id=110	f	t
421	2023-03-28 09:03:50.096845	2	f	A new round has started in game "ConquestServiceIntegrationTest.shouldGainVictoryPointBecauseOnePlayerHasShipsInCenter"!	/ingame/game?id=110	f	t
422	2023-03-28 09:03:51.614481	2	f	A new round has started in game "ConquestServiceIntegrationTest.shouldGainVictoryPointBecauseOnePlayerHasShipsInCenter"!	/ingame/game?id=110	f	t
423	2023-03-28 09:03:53.787956	2	f	A new round has started in game "ConquestServiceIntegrationTest.shouldGainVictoryPointBecauseOnePlayerHasShipsInCenter"!	/ingame/game?id=110	f	t
424	2023-03-28 09:03:55.574302	2	f	A new round has started in game "ConquestServiceIntegrationTest.shouldGainVictoryPointBecauseOnePlayerHasShipsInCenter"!	/ingame/game?id=110	f	t
425	2023-03-28 09:08:28.969351	2	f	You were invited into game "ConquestServiceIntegrationTest.shouldGainVictoryPointBecausePlayersOfSameTeamHaveShipsInCenter"!	/game?id=111	f	t
426	2023-03-28 09:08:31.529251	3	f	You were invited into game "ConquestServiceIntegrationTest.shouldGainVictoryPointBecausePlayersOfSameTeamHaveShipsInCenter"!	/game?id=111	f	t
427	2023-03-28 09:09:11.586919	2	f	A new round has started in game "ConquestServiceIntegrationTest.shouldGainVictoryPointBecausePlayersOfSameTeamHaveShipsInCenter"!	/ingame/game?id=111	f	t
428	2023-03-28 09:09:11.590247	3	f	A new round has started in game "ConquestServiceIntegrationTest.shouldGainVictoryPointBecausePlayersOfSameTeamHaveShipsInCenter"!	/ingame/game?id=111	f	t
429	2023-03-28 09:09:24.638881	2	f	A new round has started in game "ConquestServiceIntegrationTest.shouldGainVictoryPointBecausePlayersOfSameTeamHaveShipsInCenter"!	/ingame/game?id=111	f	t
430	2023-03-28 09:09:24.642311	3	f	A new round has started in game "ConquestServiceIntegrationTest.shouldGainVictoryPointBecausePlayersOfSameTeamHaveShipsInCenter"!	/ingame/game?id=111	f	t
\.


--
-- Data for Name: orbital_combat_log_entry; Type: TABLE DATA; Schema: public; Owner: skrupeladmin
--

COPY public.orbital_combat_log_entry (id, news_entry_id, planet_id, for_planet_player, initial_orbital_defense_percentage, remaining_orbital_defense_percentage, destroyed, ship_name, ship_template_id, propulsion_system_template_name, energy_weapon_template_name, projectile_weapon_template_name, ship_id) FROM stdin;
\.


--
-- Data for Name: orbital_system; Type: TABLE DATA; Schema: public; Owner: skrupeladmin
--

COPY public.orbital_system (id, planet_id, type) FROM stdin;
39	6	\N
40	6	\N
41	6	\N
42	6	\N
43	7	\N
44	7	\N
45	7	\N
46	7	\N
72	10	\N
73	10	\N
74	10	\N
75	10	\N
723	196	\N
724	196	\N
725	196	\N
726	196	\N
762	209	\N
1137	318	\N
1138	318	\N
1139	318	\N
1140	318	\N
1141	318	\N
1161	324	\N
1162	324	\N
1163	324	\N
1164	324	\N
1165	324	\N
1375	211	\N
1376	211	\N
1377	211	\N
1378	211	\N
1379	376	\N
1380	376	\N
1381	376	\N
1382	376	\N
1383	202	\N
1384	202	\N
1385	202	\N
1386	202	MEGA_FACTORY
2063	580	\N
2064	580	\N
2065	580	\N
2625	599	\N
2626	599	\N
2627	599	\N
2628	599	\N
2767	753	\N
2768	753	\N
2769	753	\N
2770	753	\N
2911	822	\N
2912	822	\N
2913	822	\N
2914	822	\N
3066	856	\N
3067	856	\N
3068	856	\N
3069	856	\N
3224	867	\N
3225	867	\N
3226	867	\N
3227	867	\N
3379	935	\N
3380	935	\N
3381	935	\N
3382	935	\N
3532	981	\N
3533	981	\N
3534	981	\N
3535	981	\N
3538	992	\N
3539	992	\N
3540	992	\N
3541	992	\N
3542	992	\N
3543	992	\N
3575	999	\N
3576	999	\N
3577	999	\N
3578	990	\N
3579	990	\N
3580	990	\N
3581	990	\N
3598	1006	\N
3599	1006	\N
3605	1007	\N
3606	1007	\N
3607	1007	\N
3608	1007	\N
3633	1016	\N
3646	1010	\N
3647	1010	\N
3648	1010	\N
3649	1010	\N
3650	1020	\N
3651	1020	\N
3652	1020	\N
3653	1020	\N
3654	1020	\N
3655	1020	\N
3687	1025	\N
3688	1025	\N
3689	1025	\N
3690	1025	\N
3714	1036	\N
3715	1036	\N
3716	1036	\N
3717	1036	\N
3718	1032	\N
3719	1032	\N
3720	1032	\N
3721	1032	\N
3722	1029	\N
3723	1029	\N
3724	1029	\N
3725	1029	\N
3729	1040	\N
3730	1040	\N
3731	1040	\N
3732	1040	\N
3733	1040	\N
3742	1043	\N
3743	1043	\N
3744	1044	\N
3745	1044	\N
3750	1046	\N
3751	1046	\N
3752	1046	\N
3753	1046	\N
3756	1045	\N
3757	1045	\N
3758	1045	\N
3759	1045	\N
3760	1039	\N
3761	1039	\N
3762	1039	\N
3763	1039	\N
3764	1041	\N
3765	1041	\N
3766	1041	\N
3767	1041	\N
3787	1050	\N
3788	1050	\N
3789	1050	\N
3790	1050	\N
3833	1063	\N
3834	1063	\N
3835	1063	\N
3836	1063	\N
3864	1071	\N
3865	1071	\N
3866	1071	\N
3867	1071	\N
3893	1075	\N
3894	1075	\N
3895	1075	\N
3896	1075	\N
3897	1078	\N
3898	1078	\N
3899	1078	\N
3900	1078	\N
3971	1095	\N
3972	1095	\N
3973	1095	\N
3974	1095	\N
3975	1099	\N
3976	1099	\N
3977	1099	\N
3978	1099	\N
3979	1100	\N
3980	1100	\N
3981	1100	\N
3982	1100	\N
4016	1106	\N
4017	1106	\N
4018	1106	\N
4019	1106	\N
4020	1111	\N
4021	1111	\N
4022	1111	\N
4023	1111	\N
4055	1114	\N
4056	1114	\N
4057	1114	\N
4058	1114	\N
4059	1121	\N
4060	1121	\N
4061	1121	\N
4062	1121	\N
4101	1127	\N
4102	1127	\N
4103	1127	\N
4104	1127	\N
4105	1124	\N
4106	1124	\N
4107	1124	\N
4108	1124	\N
4134	1138	\N
4135	1138	\N
4136	1138	\N
4137	1138	\N
4138	1131	\N
4139	1131	\N
4140	1131	\N
4141	1131	\N
4174	1146	\N
4175	1146	\N
4176	1146	\N
4177	1146	\N
4178	1140	\N
4179	1140	\N
4180	1140	\N
4181	1140	\N
4214	1158	\N
4215	1158	\N
4216	1158	\N
4217	1158	\N
4218	1150	\N
4219	1150	\N
4220	1150	\N
4221	1150	\N
4252	1161	\N
4253	1161	\N
4254	1161	\N
4251	1161	MEGA_FACTORY
4265	1170	\N
4281	1175	\N
4282	1175	\N
4283	1175	\N
4284	1175	\N
4285	1175	\N
4286	1175	\N
4287	1173	\N
4288	1173	\N
4289	1173	\N
4290	1173	\N
4292	1174	\N
4293	1174	\N
4294	1174	\N
4291	1174	MEGA_FACTORY
4307	1179	\N
4308	1179	\N
4309	1179	\N
4310	1179	\N
4311	1179	\N
4312	1179	\N
4329	1183	\N
4330	1183	\N
4331	1183	\N
4335	1178	\N
4336	1178	\N
4337	1178	\N
4338	1178	\N
4339	1176	\N
4340	1176	\N
4341	1176	\N
4342	1176	\N
4354	1187	\N
4355	1187	\N
4356	1187	\N
4357	1187	\N
4373	1192	\N
4374	1192	\N
4375	1192	\N
4376	1192	\N
4377	1190	\N
4378	1190	\N
4379	1190	\N
4380	1190	\N
4411	1198	\N
4412	1198	\N
4413	1198	\N
4414	1198	\N
4449	1206	\N
4450	1206	\N
4451	1206	\N
4452	1206	\N
4453	1208	\N
4454	1208	\N
4455	1208	\N
4456	1208	\N
4478	1216	\N
4479	1216	\N
4480	1216	\N
4481	1216	\N
4482	1214	\N
4483	1214	\N
4484	1214	\N
4485	1214	\N
4530	1222	\N
4531	1222	\N
4532	1222	\N
4533	1218	\N
4534	1218	\N
4535	1218	\N
4536	1218	\N
4529	1222	MEDICAL_CENTER
4567	1235	\N
4568	1235	\N
4569	1235	\N
4570	1230	\N
4571	1230	\N
4572	1230	\N
4573	1230	\N
4566	1235	MEDICAL_CENTER
4603	1245	\N
4604	1245	\N
4605	1245	\N
4606	1245	\N
4607	1245	\N
4608	1245	\N
4609	1246	\N
4610	1237	\N
4611	1237	\N
4612	1237	\N
4613	1237	\N
4614	1239	\N
4615	1239	\N
4616	1239	\N
4617	1239	\N
4640	1252	\N
4641	1252	\N
4642	1252	\N
4646	1247	\N
4647	1247	\N
4648	1247	\N
4649	1247	\N
4650	1249	\N
4651	1249	\N
4652	1249	\N
4653	1249	\N
4645	1254	BUNKER
4654	1255	\N
4655	1255	\N
4656	1255	\N
4658	1256	\N
4688	1260	\N
4689	1260	\N
4690	1260	\N
4691	1260	\N
4692	1257	\N
4693	1257	\N
4694	1257	\N
4695	1257	\N
4657	1256	BUNKER
4734	1271	\N
4735	1271	\N
4736	1271	\N
4737	1271	\N
4738	1266	\N
4739	1266	\N
4740	1266	\N
4741	1266	\N
4776	1278	\N
4777	1278	\N
4778	1278	\N
4779	1278	\N
4780	1280	\N
4781	1280	\N
4782	1280	\N
4783	1280	\N
4803	1288	\N
4806	1283	\N
4807	1283	\N
4808	1283	\N
4809	1283	\N
4810	1284	\N
4811	1284	\N
4812	1284	\N
4813	1284	\N
4830	1294	\N
4831	1294	\N
4832	1294	\N
4884	1290	\N
4885	1290	\N
4886	1290	\N
4887	1290	\N
4888	1301	\N
4889	1301	\N
4890	1301	\N
4891	1301	\N
4963	1330	\N
4964	1330	\N
4965	1330	\N
4966	1330	\N
4967	1330	\N
4968	1330	\N
4973	1311	\N
4974	1311	\N
4975	1311	\N
4976	1311	\N
4977	1312	\N
4978	1312	\N
4979	1312	\N
4980	1312	\N
4994	1336	\N
4995	1336	\N
4996	1336	\N
4997	1336	\N
4998	1336	\N
4999	1336	\N
5013	1332	\N
5014	1332	\N
5015	1332	\N
5016	1332	\N
5041	1347	\N
5049	1345	\N
5050	1345	\N
5051	1345	\N
5052	1345	\N
5081	1357	\N
5082	1357	\N
5083	1357	\N
5084	1357	\N
5085	1357	\N
5086	1356	\N
5087	1356	\N
5088	1356	\N
5089	1356	\N
5092	1360	\N
5093	1360	\N
5113	1362	\N
5114	1362	\N
5115	1362	\N
5116	1362	\N
5127	1368	\N
5134	1370	\N
5135	1370	\N
5136	1370	\N
5137	1370	\N
5138	1370	\N
5139	1370	\N
5153	1374	\N
5154	1374	\N
5155	1374	\N
5156	1374	\N
5157	1373	\N
5158	1373	\N
5159	1373	\N
5160	1373	\N
5186	1381	\N
5187	1381	\N
5188	1382	\N
5189	1382	\N
5190	1382	\N
5191	1382	\N
5192	1382	\N
5193	1382	\N
5194	1375	\N
5195	1375	\N
5196	1375	\N
5197	1375	\N
5198	1378	\N
5199	1378	\N
5200	1378	\N
5201	1378	\N
5235	1390	\N
5236	1390	\N
5237	1390	\N
5238	1390	\N
5265	1394	\N
5266	1394	\N
5267	1394	\N
5268	1394	\N
5276	1402	\N
5277	1402	\N
5278	1402	\N
5279	1402	\N
5280	1402	\N
5281	1403	\N
5282	1403	\N
5283	1403	\N
5284	1403	\N
5285	1403	\N
5306	1408	\N
5307	1408	\N
5308	1408	\N
5309	1408	\N
5310	1408	\N
5311	1408	\N
5312	1406	\N
5313	1406	\N
5314	1406	\N
5315	1406	\N
5316	1407	\N
5317	1407	\N
5318	1407	\N
5319	1407	\N
5328	1413	\N
5329	1413	\N
5330	1413	\N
5331	1413	\N
5332	1413	\N
5333	1413	\N
5350	1417	\N
5351	1417	\N
5352	1417	\N
5353	1417	\N
5354	1416	\N
5355	1416	\N
5356	1416	\N
5357	1416	\N
6269	1685	\N
6270	1685	\N
6271	1685	\N
6299	1480	\N
6300	1480	\N
6301	1480	\N
6302	1480	\N
6303	1519	\N
6304	1519	\N
6305	1519	\N
6306	1519	\N
6341	1694	\N
6342	1694	\N
6343	1694	\N
6344	1694	\N
6345	1695	\N
6346	1695	\N
6347	1695	\N
6348	1695	\N
7023	1739	\N
7024	1739	\N
7025	1739	\N
7026	1739	\N
7027	1803	\N
7028	1803	\N
7029	1803	\N
7030	1803	\N
7031	1787	\N
7032	1787	\N
7033	1787	\N
7034	1787	\N
7061	1884	\N
7062	1884	\N
7063	1884	\N
7064	1884	\N
7071	1893	\N
7072	1893	\N
7073	1893	\N
7074	1893	\N
7075	1893	\N
7076	1893	\N
7093	1899	\N
7094	1899	\N
7095	1899	\N
7096	1899	\N
7097	1896	\N
7098	1896	\N
7099	1896	\N
7100	1896	\N
7134	1900	\N
7135	1900	\N
7136	1900	\N
7137	1900	\N
7175	1917	\N
7176	1917	\N
7177	1917	\N
7178	1917	\N
7206	1924	\N
7207	1924	\N
7208	1924	\N
7209	1924	\N
7240	1933	\N
7241	1933	\N
7242	1933	\N
7243	1933	\N
7248	1937	\N
7249	1938	\N
7250	1938	\N
7251	1938	\N
7252	1938	\N
7253	1938	\N
7254	1938	\N
7261	1940	\N
7262	1941	\N
7263	1941	\N
7264	1941	\N
7265	1941	\N
7266	1941	\N
7267	1941	\N
7268	1936	\N
7269	1936	\N
7270	1936	\N
7271	1936	\N
7272	1939	\N
7273	1939	\N
7274	1939	\N
7275	1939	\N
7296	1947	\N
7297	1947	\N
7298	1947	\N
7299	1947	\N
7300	1947	\N
7303	1949	\N
7304	1949	\N
7305	1950	\N
7306	1950	\N
7307	1950	\N
7308	1950	\N
7309	1950	\N
7310	1950	\N
7311	1942	\N
7312	1942	\N
7313	1942	\N
7314	1942	\N
7315	1944	\N
7316	1944	\N
7317	1944	\N
7318	1944	\N
7344	1954	\N
7345	1954	\N
7346	1954	\N
7347	1954	\N
7353	1960	\N
7354	1960	\N
7355	1960	\N
7368	1966	\N
7369	1966	\N
7370	1966	\N
7371	1964	\N
7372	1964	\N
7373	1964	\N
7374	1964	\N
7402	1973	\N
7403	1973	\N
7404	1973	\N
7405	1973	\N
7406	1973	\N
7407	1973	\N
7410	1968	\N
7411	1968	\N
7412	1968	\N
7413	1968	\N
7452	1976	BANK
7453	1976	METROPOLIS
7454	1976	HOBAN_BUD
7455	1976	ORBITAL_EXTENSION
7487	1989	\N
7488	1989	\N
7489	1989	\N
7490	1989	\N
7515	1998	\N
7516	1998	\N
7517	1998	\N
7518	1998	\N
7519	2002	\N
7557	2007	\N
7558	2007	\N
7592	2015	\N
7593	2015	\N
7594	2015	\N
7595	2015	\N
7620	2018	\N
7621	2018	\N
7622	2018	\N
7623	2018	\N
7555	2007	ARMS_COMPLEX
7556	2007	MILITARY_BASE
7651	2033	\N
7652	2025	\N
7653	2025	\N
7654	2025	\N
7655	2025	\N
7656	2030	\N
7657	2030	\N
7658	2030	\N
7659	2030	\N
7688	2043	\N
7689	2043	\N
7690	2043	\N
7691	2043	\N
7713	2049	\N
7714	2049	\N
7720	2051	\N
7721	2051	\N
7722	2051	\N
7723	2051	\N
7724	2051	\N
7725	2051	\N
7731	2050	\N
7732	2050	\N
7733	2050	\N
7734	2050	\N
7752	2061	\N
7753	2061	\N
7754	2061	\N
7755	2061	\N
7756	2056	\N
7757	2056	\N
7758	2056	\N
7759	2056	\N
7798	2071	\N
7799	2071	\N
7800	2071	\N
7801	2071	\N
7802	2063	\N
7803	2063	\N
7804	2063	\N
7805	2063	\N
7831	2072	\N
7832	2072	\N
7833	2072	\N
7834	2072	\N
7857	2086	\N
7858	2080	\N
7859	2080	\N
7860	2080	\N
7861	2080	\N
7862	2083	\N
7863	2083	\N
7864	2083	\N
7865	2083	\N
7892	2095	\N
7893	2095	\N
7894	2095	\N
7895	2095	\N
7896	2089	\N
7897	2089	\N
7898	2089	\N
7899	2089	\N
7928	2102	\N
7929	2102	\N
7930	2102	\N
7931	2102	\N
7932	2101	\N
7933	2101	\N
7934	2101	\N
7935	2101	\N
7972	2111	\N
7973	2111	\N
7974	2111	\N
7975	2111	\N
7976	2106	\N
7977	2106	\N
7978	2106	\N
7979	2106	\N
8011	2114	\N
8012	2114	\N
8013	2114	\N
8014	2114	\N
8015	2119	\N
8016	2119	\N
8017	2119	\N
8018	2119	\N
8039	2122	\N
8040	2122	\N
8041	2122	\N
8042	2122	\N
8043	2129	\N
8044	2129	\N
8045	2129	\N
8046	2129	\N
8078	2133	\N
8079	2133	\N
8080	2133	\N
8081	2133	\N
8082	2135	\N
8083	2135	\N
8084	2135	\N
8085	2135	\N
8086	2138	\N
8087	2139	\N
8088	2139	\N
8089	2139	\N
8090	2139	\N
8091	2140	\N
8092	2140	\N
8093	2140	\N
8094	2140	\N
8095	2140	\N
8096	2140	\N
8107	2143	\N
8108	2143	\N
8109	2143	\N
8110	2143	\N
8116	2145	\N
8117	2145	\N
8118	2145	\N
8119	2145	\N
8120	2145	\N
8121	2145	\N
8122	2142	\N
8123	2142	\N
8124	2142	\N
8125	2142	\N
8126	2144	\N
8127	2144	\N
8128	2144	\N
8129	2144	\N
8158	2149	\N
8159	2149	\N
8160	2149	\N
8161	2149	\N
8162	2153	\N
8163	2153	\N
8164	2153	\N
8165	2153	\N
8166	2151	\N
8167	2151	\N
8168	2151	\N
8169	2151	\N
8170	2151	\N
8148	2151	PLANETARY_SHIELDS
8182	2157	\N
8197	2161	\N
8198	2161	\N
8199	2161	\N
8200	2162	\N
8201	2162	\N
8202	2162	\N
8203	2162	\N
8204	2162	\N
8205	2162	\N
8206	2159	\N
8207	2159	\N
8208	2159	\N
8209	2159	\N
8211	2158	\N
8212	2158	\N
8213	2158	\N
8210	2158	MEGA_FACTORY
8223	2166	\N
8243	2163	\N
8244	2163	\N
8245	2163	\N
8246	2163	\N
8247	2164	\N
8248	2164	\N
8249	2164	\N
8250	2164	\N
8251	2172	\N
8252	2172	\N
8253	2172	\N
8254	2172	\N
\.


--
-- Data for Name: planet; Type: TABLE DATA; Schema: public; Owner: skrupeladmin
--

COPY public.planet (id, game_id, name, x, y, type, temperature, money, fuel, mineral1, mineral2, mineral3, image, player_id, log, starbase_id, colonists, supplies, mines, auto_build_mines, factories, auto_build_factories, auto_sell_supplies, planetary_defense, auto_build_planetary_defense, light_ground_units, heavy_ground_units, untapped_fuel, untapped_mineral1, untapped_mineral2, untapped_mineral3, necessary_mines_for_one_fuel, necessary_mines_for_one_mineral1, necessary_mines_for_one_mineral2, necessary_mines_for_one_mineral3, new_colonists, new_light_ground_units, new_heavy_ground_units, new_player_id, native_species_id, native_species_count, starbase_under_construction_type, starbase_under_construction_name, scan_radius, light_ground_units_production, heavy_ground_units_production, artifact_type) FROM stdin;
10	2	Keliv	200	171	I	35	7500	68	59	52	55	6_18	3	\N	3	54196	5	5	f	5	f	f	5	f	0	0	1667	2173	1501	1870	2	2	2	2	0	0	0	\N	\N	0	\N	\N	53	0	0	\N
6	1	Keliv	161	145	I	35	4183	55	63	41	34	6_22	1	\N	1	53554	12	5	f	10	f	f	5	f	0	0	2297	2004	2239	1692	2	1	2	2	0	0	0	\N	\N	0	\N	\N	53	0	0	\N
7	1	Kuatoh	50	200	L	26	74	52	11	24	2	4_11	2	\N	2	52738	0	5	f	17	f	f	5	f	0	0	2238	2347	2065	2003	1	1	2	1	0	0	0	\N	\N	0	\N	\N	53	0	0	\N
822	9	Beteigeuze	129	255	I	32	12145	450	574	890	717	6_4	19	\N	11	75276	1405	227	t	127	t	f	5	f	0	0	1600	1910	1331	1062	2	2	1	1	0	0	0	\N	\N	0	\N	\N	53	0	0	\N
780	10	Pinnoiyama	191	161	M	15	0	53	65	59	3	1_4	\N	\N	\N	0	0	0	f	0	f	f	0	f	0	0	937	2016	3359	3848	4	4	4	1	0	0	0	\N	\N	0	\N	\N	53	0	0	WEATHER_CONTROL_STATION
935	13	Mars	373	431	K	-11	10449	50	57	85	65	8_20	27	\N	14	70786	4	226	t	126	t	f	5	f	0	0	1763	1678	1678	1771	2	2	1	1	0	0	0	\N	\N	0	\N	\N	53	0	0	\N
503	7	Beteigeuze	447	274	I	32	19430	63	72	72	68	6_18	\N	\N	8	81716	100	5	f	5	f	f	5	f	0	0	1716	1996	2065	2096	2	1	1	2	0	0	0	\N	\N	0	\N	\N	53	0	0	\N
580	8	Medrorix	735	678	I	55	138	0	0	0	0	6_1	17	\N	\N	1009	10	10	t	10	t	f	0	f	0	0	1809	964	2818	4610	10	10	6	10	0	0	0	\N	\N	0	\N	\N	53	0	0	\N
599	8	Keliv	735	596	I	35	12174	38	67	75	44	6_2	17	\N	9	76764	201	227	t	127	t	f	5	f	0	0	2433	1547	2391	1857	1	1	1	2	0	0	0	\N	\N	0	\N	\N	53	0	0	\N
981	14	Kuatoh	202	253	L	26	12077	55	77	68	67	4_13	29	\N	15	65692	32	5	f	5	f	f	5	f	0	0	1640	2026	2239	1780	2	1	2	2	0	0	0	\N	\N	0	\N	\N	53	0	0	\N
856	11	Citratis	272	298	L	21	7219	352	181	239	214	4_9	23	\N	12	62826	815	225	t	125	t	f	5	f	0	0	1769	1629	2206	2092	1	2	2	2	0	0	0	\N	\N	0	\N	\N	53	0	0	\N
882	12	Collerth	450	97	M	12	0	53	32	63	49	1_6	\N	\N	\N	0	0	0	f	0	f	f	0	f	0	0	4606	972	3077	2193	1	2	4	1	0	0	0	\N	\N	0	\N	\N	53	0	0	\N
196	3	Nuccides	319	745	J	0	8818	53	65	61	67	3_15	5	\N	4	62455	287	5	f	124	t	f	5	f	0	0	2283	1825	2189	2359	2	2	2	2	0	0	0	\N	\N	0	\N	\N	53	0	0	\N
753	10	Keliv	367	282	I	35	12399	982	1001	946	613	6_3	20	\N	10	77828	2137	227	t	127	t	f	5	f	0	0	1423	1356	1278	1893	1	1	1	2	0	0	0	\N	\N	0	\N	\N	53	0	0	\N
839	11	Velrouter	50	83	F	9	0	9	63	73	76	9_9	\N	\N	\N	0	0	0	f	0	f	f	0	f	0	0	4410	4263	850	1916	1	4	1	4	0	0	0	\N	\N	0	\N	\N	53	0	0	\N
867	12	Nuccides	450	334	J	0	7438	132	170	172	110	3_8	25	\N	13	62881	84	225	t	125	t	f	75	t	0	0	2424	1794	1822	1912	2	1	1	2	0	0	0	\N	\N	0	\N	\N	53	0	0	\N
211	4	Beteigeuze	587	407	I	32	11251	52	66	59	50	6_8	7	\N	5	59951	573	5	f	124	t	f	5	f	0	0	1887	1567	1923	1745	2	2	2	2	0	0	0	\N	\N	0	\N	\N	53	0	0	\N
973	14	Miyelea (2)	50	429	J	-33	0	27	63	66	66	3_12	\N	\N	\N	0	0	0	f	0	f	f	0	f	0	0	2279	2970	2771	4431	6	1	6	6	0	0	0	\N	\N	0	\N	\N	53	0	0	\N
209	4	Guthanus	201	751	G	63	89	28	24	16	20	5_10	8	\N	\N	5586	0	0	f	17	f	f	0	f	0	0	2214	1921	1248	3413	1	4	10	10	0	0	0	\N	2	2909	\N	\N	53	0	0	\N
318	4	Druunov	171	810	K	-14	107	53	62	42	37	8_10	8	\N	\N	2325	0	0	f	3	f	f	0	f	0	0	1235	1729	2301	2460	4	4	6	2	0	0	0	\N	24	8730	\N	\N	53	0	0	\N
202	4	Mars	716	719	K	-11	349	26	2	6	2	8_9	9	\N	7	55274	2	223	f	123	f	f	73	f	0	0	1968	1935	2114	2249	2	2	1	2	0	0	0	\N	\N	0	\N	\N	53	0	0	\N
324	4	Imides	246	794	M	18	3	10	64	50	31	1_1	8	\N	\N	1623	27	16	f	16	f	f	0	f	0	0	3656	1281	2296	1836	4	6	4	4	0	0	0	\N	\N	0	\N	\N	53	0	0	\N
376	4	Citratis	261	740	L	21	2	0	54	40	93	4_12	8	\N	6	53978	583	135	f	123	f	f	5	f	0	0	2443	1554	2215	2373	2	2	2	1	0	0	0	\N	\N	0	\N	\N	53	0	0	\N
372	4	Grilia GGO	472	184	M	12	0	0	22	32	10	1_4	\N	\N	\N	0	0	0	f	0	f	f	0	f	0	0	4752	4718	4233	1477	4	6	2	4	0	0	0	9	\N	0	\N	\N	53	0	0	\N
990	15	Kuatoh	118	196	L	26	5586	40	51	53	43	4_1	31	\N	16	55244	0	5	f	84	t	f	5	f	0	0	2377	2134	1618	2082	1	1	1	2	0	0	0	\N	\N	0	\N	\N	53	0	0	\N
999	15	Kedryke	71	148	L	25	119	0	0	17	12	4_2	31	\N	\N	1020	0	0	t	3	t	f	0	f	0	0	2784	3909	3762	1828	1	4	4	2	0	0	0	\N	24	14960	\N	\N	53	0	0	MINERAL2
992	15	Gov E507	50	200	K	-4	101	4	32	79	2	8_16	31	\N	\N	1006	0	0	t	5	t	f	0	f	0	0	4080	1729	2259	2570	10	4	2	4	0	0	0	\N	\N	0	\N	\N	53	0	0	\N
1006	16	Bonkade	52	50	I	36	78	0	0	0	0	6_19	32	\N	\N	1020	0	0	t	10	t	f	0	f	0	0	2377	1529	4921	4715	1	6	1	6	0	0	0	\N	\N	0	\N	\N	53	0	0	\N
1007	16	Keliv	50	111	I	35	4942	47	73	117	111	6_5	32	\N	17	56136	0	5	t	57	t	f	5	f	0	0	1505	2311	2494	2301	2	2	1	1	0	0	0	\N	\N	0	\N	\N	53	0	0	\N
1016	17	Yinzeshan	111	50	K	-14	95	0	0	0	0	8_12	33	\N	\N	1019	0	0	t	5	t	f	0	f	0	0	3956	1128	3517	1343	6	10	1	2	0	0	0	\N	\N	0	\N	\N	53	0	0	\N
1010	17	Mars	164	156	K	-11	5603	41	43	42	39	8_20	33	\N	18	57213	0	5	t	74	t	f	5	f	0	0	1846	2446	2366	2273	1	1	2	1	0	0	0	\N	\N	0	\N	\N	53	0	0	\N
1015	17	Devagawa	142	99	M	7	0	69	18	126	72	1_6	\N	\N	\N	0	0	0	f	0	f	f	0	f	0	0	4655	3437	1367	4999	6	2	1	4	0	0	0	\N	32	10969	\N	\N	53	0	0	\N
1020	18	Mapus 8E	133	151	L	29	101	45	26	8	20	4_14	34	\N	\N	1046	0	0	t	10	t	f	0	f	0	0	3143	4017	1788	2441	6	10	4	10	0	0	0	\N	2	6240	\N	\N	53	0	0	\N
1025	18	Vailiv	200	166	L	17	5117	35	51	49	46	4_1	34	\N	19	55765	0	66	t	123	t	f	5	f	0	0	1697	2018	2022	2291	1	2	1	2	0	0	0	\N	\N	0	\N	\N	53	0	0	\N
1029	19	Citratis	200	50	L	21	2	61	61	52	70	4_4	37	\N	22	55706	2	16	f	123	f	f	5	f	0	0	1512	1609	2184	2468	1	1	2	1	0	0	0	\N	\N	0	\N	\N	53	0	0	\N
1036	19	Nuccides	134	184	J	0	8116	63	68	59	60	3_16	35	\N	20	58207	17	5	f	5	f	f	5	f	0	0	1872	1855	2360	1945	2	2	1	1	0	0	0	\N	\N	0	\N	\N	53	0	0	\N
1032	19	Kuatoh	50	50	L	26	819	48	32	19	2	4_3	36	\N	21	51256	0	5	f	29	f	f	5	f	0	0	2079	1565	2251	1867	2	1	2	2	0	0	0	\N	\N	0	\N	\N	53	0	0	\N
1040	20	Cremamia	121	183	N	10	0	2	30	47	32	2_8	40	\N	\N	1000	0	0	f	0	f	f	0	f	0	0	2642	2578	4756	1456	10	6	1	10	0	0	0	\N	14	14217	\N	\N	53	0	0	\N
1046	20	Rithoanov	108	127	M	24	0	8	48	19	45	1_9	39	\N	\N	1000	0	0	f	0	f	f	0	f	0	0	3841	4623	1688	4469	4	10	4	1	0	0	0	\N	12	9346	\N	\N	53	0	0	\N
1044	20	Kibadus	50	64	F	9	0	37	64	28	70	9_3	39	\N	\N	1000	0	0	f	0	f	f	0	f	0	0	2050	1257	860	3387	6	10	4	4	0	0	0	\N	9	10902	\N	\N	53	0	0	\N
1043	20	Ulvoria	50	121	K	-14	0	29	33	16	6	8_4	39	\N	\N	1000	0	0	f	0	f	f	0	f	0	0	2211	3220	4361	1435	4	1	2	4	0	0	0	\N	24	10311	\N	\N	53	0	0	\N
1045	20	Kuatoh	106	50	L	26	7937	64	53	66	62	4_4	38	\N	23	52017	8	5	f	5	f	f	5	f	0	0	1691	1652	2442	1862	1	2	2	1	0	0	0	\N	\N	0	\N	\N	53	0	0	\N
1039	20	Kuatoh	50	200	L	26	300	39	3	11	1	4_6	39	\N	24	50111	0	5	f	10	f	f	5	f	0	0	2012	1792	2141	2430	1	2	2	1	0	0	0	\N	\N	0	\N	\N	53	0	0	\N
1041	20	Keliv	200	180	I	35	462	57	53	55	54	6_20	40	\N	25	51614	0	5	f	22	f	f	5	f	0	0	1807	2401	2131	2496	1	1	1	2	0	0	0	\N	\N	0	\N	\N	53	0	0	\N
1050	21	Mars	200	65	K	-11	4986	25	55	42	23	8_8	41	\N	26	56858	0	5	t	58	t	f	5	f	0	0	2392	2269	2058	2091	1	1	1	2	0	0	0	\N	\N	0	\N	\N	53	0	0	\N
1063	22	Citratis	131	123	L	21	3958	28	40	52	24	4_10	42	\N	27	58867	26	5	f	5	f	f	5	f	0	0	2445	2309	2210	2377	2	1	1	1	0	0	0	\N	\N	0	\N	\N	53	0	0	\N
1071	23	Mars	50	50	K	-11	5065	25	519	489	218	8_1	43	\N	28	54406	21	5	f	5	f	f	5	f	0	0	2418	2363	1777	2334	2	2	2	2	0	0	0	\N	\N	0	\N	\N	53	0	0	\N
1075	30	Keliv	82	200	I	35	7500	67	53	64	69	6_15	58	\N	29	54141	5	5	f	5	f	f	5	f	0	0	1574	1552	2252	1505	1	1	1	1	0	0	0	\N	\N	0	\N	\N	53	0	0	\N
1078	30	Beteigeuze	177	50	I	32	7500	56	69	65	57	6_5	59	\N	30	54946	5	5	f	5	f	f	5	f	0	0	2218	1620	2038	2284	2	2	1	2	0	0	0	\N	\N	0	\N	\N	53	0	0	\N
1095	32	Kuatoh	164	180	L	26	7500	56	63	61	65	4_1	62	\N	33	54187	5	5	f	5	f	f	5	f	0	0	1520	2150	2124	1848	1	1	1	1	0	0	0	\N	\N	0	\N	\N	53	0	0	\N
1099	32	Keliv	66	50	I	35	7500	61	50	51	68	6_9	63	\N	34	50866	5	5	f	5	f	f	5	f	0	0	1972	1904	1987	2479	1	1	1	1	0	0	0	\N	\N	0	\N	\N	53	0	0	\N
1100	32	Mars	50	200	K	-11	7500	62	50	52	51	8_11	64	\N	35	50615	5	5	f	5	f	f	5	f	0	0	2073	2481	1849	1568	1	1	2	1	0	0	0	\N	\N	0	\N	\N	53	0	0	\N
1111	33	Beteigeuze	159	200	I	32	567	0	19	15	4	6_19	66	\N	37	47866	0	5	f	43	f	f	5	f	0	0	1807	1983	1704	1799	1	1	2	2	0	0	0	\N	\N	0	\N	\N	53	0	0	\N
1106	33	Beteigeuze	114	73	I	32	871535	999747	999966	999986	999935	6_1	65	\N	36	55073	1000015	5	f	5	f	f	5	f	0	0	1948	1637	2123	2167	2	2	2	1	0	0	0	\N	\N	0	\N	\N	53	0	0	\N
1104	33	Cabalea	200	160	M	24	100	62	4	37	12	1_5	\N	\N	\N	0	3	0	f	0	f	f	0	f	0	0	2190	4181	1184	4999	6	4	1	6	1500	0	0	66	17	11441	\N	\N	53	0	0	\N
1114	34	Citratis	200	124	L	21	869869	999841	999794	999922	999578	4_13	67	\N	38	59007	1000021	5	f	5	f	f	5	f	0	0	1904	2010	2331	1633	1	1	2	2	0	0	0	\N	\N	0	\N	\N	53	0	0	\N
1117	34	Hiria	105	200	F	2	100	66	3	43	6	9_9	\N	\N	\N	0	3	0	f	0	f	f	0	f	0	0	3957	4233	2393	2503	10	10	1	2	1500	0	0	68	\N	0	\N	\N	53	0	0	MINERAL2
1118	34	Cabalea	76	151	C	40	0	0	62	47	50	7_4	\N	\N	\N	0	0	0	f	0	f	f	0	f	0	0	3155	2388	3916	4573	10	10	10	1	0	0	0	68	\N	0	\N	\N	53	0	0	MINERAL3
1121	34	Keliv	50	200	I	35	437	0	41	56	15	6_3	68	\N	39	47396	0	5	f	48	f	f	5	f	0	0	1693	1814	1513	1945	2	2	1	2	0	0	0	\N	\N	0	\N	\N	53	0	0	\N
1127	35	Kuatoh	115	200	L	26	1000536	999794	999908	999959	999872	4_7	69	\N	40	55024	1000009	5	f	5	f	f	5	f	0	0	1903	2093	2463	1735	2	2	2	1	0	0	0	\N	\N	0	\N	\N	53	0	0	\N
1122	35	Gars O16	156	106	C	50	100	17	10	42	39	7_13	\N	\N	\N	0	2	0	f	0	f	f	0	f	0	0	3085	1642	4784	3561	10	6	10	4	1500	0	0	70	27	12791	\N	\N	53	0	0	\N
1124	35	Kuatoh	200	50	L	26	316	0	38	24	3	4_13	70	\N	41	48576	0	5	f	29	f	f	5	f	0	0	2295	2086	2016	1975	1	1	1	1	0	0	0	\N	\N	0	\N	\N	53	0	0	\N
1138	36	Kuatoh	50	114	L	26	1000548	999799	999887	999959	999797	4_12	71	\N	42	57961	1000009	5	f	5	f	f	5	f	0	0	2386	2087	2002	2064	1	1	1	1	0	0	0	\N	\N	0	\N	\N	53	0	0	\N
1131	36	Citratis	200	200	L	21	2	0	14	15	13	4_10	72	\N	43	51960	7	5	f	62	f	f	5	f	0	0	1603	1868	2364	1903	1	2	2	2	0	0	0	\N	\N	0	\N	\N	53	0	0	\N
1135	36	Mechuyama	132	194	F	-8	100	36	137	42	23	9_5	\N	\N	\N	0	3	0	f	0	f	f	0	f	0	0	2390	4549	4594	4951	4	1	2	2	1500	0	0	72	32	14054	\N	\N	53	0	0	\N
1146	37	Kuatoh	128	50	L	26	1000802	999795	999926	999983	999852	4_4	73	\N	44	57028	1000009	5	f	5	f	f	5	f	0	0	2162	1626	2322	1964	2	2	2	2	0	0	0	\N	\N	0	\N	\N	53	0	0	\N
1140	37	Vailiv	50	200	L	17	791	0	49	38	32	4_13	74	\N	45	51652	0	5	f	36	f	f	5	f	0	0	1704	1548	1848	2194	2	2	2	1	0	0	0	\N	\N	0	\N	\N	53	0	0	\N
1149	37	Yioter	99	174	N	-2	100	26	63	36	9	2_14	\N	\N	\N	0	3	0	f	0	f	f	0	f	0	0	1688	3431	4801	2811	6	6	2	6	1500	0	0	74	\N	0	\N	\N	53	0	0	\N
1150	38	Keliv	81	100	I	35	1000853	999940	999983	999993	999966	6_6	75	\N	46	55884	999998	5	f	5	f	f	5	f	0	0	1513	2465	1647	1974	2	2	2	2	0	0	0	\N	\N	0	\N	\N	53	0	0	\N
1158	38	Tasichi	132	136	I	53	216	57	190	30	48	6_22	75	\N	\N	2021	20	0	f	0	f	f	0	f	0	0	2250	1115	2111	2754	4	1	2	10	0	0	0	\N	\N	0	\N	\N	53	0	0	\N
1161	39	Kuatoh	50	200	L	26	999894	1000000	999864	999939	999781	4_13	76	\N	47	53985	999989	5	f	5	f	f	5	f	0	0	2163	2262	2241	2191	2	2	2	2	0	0	0	\N	\N	0	\N	\N	53	0	0	\N
1175	40	Olvos	137	124	J	-34	85	20	157	16	241	3_13	78	\N	\N	1663	0	0	f	15	f	f	0	f	0	0	3311	2258	3476	4674	6	4	4	2	0	0	0	\N	\N	0	\N	\N	53	0	0	\N
1174	40	Nuccides	200	167	J	0	41	59	62	62	92	3_4	78	\N	49	58576	135	224	f	124	f	f	5	f	0	0	2158	1630	2339	1748	2	2	2	1	0	0	0	\N	\N	0	\N	\N	53	0	0	\N
1170	40	Ithuetera	144	200	K	-3	29	35	27	79	100	8_11	78	\N	\N	1694	5	16	f	16	f	f	0	f	0	0	1064	4442	1578	4943	6	4	4	6	0	0	0	\N	\N	0	\N	\N	53	0	0	\N
1173	40	Keliv	67	118	I	35	996753	998941	999430	999517	999093	6_10	77	\N	48	66535	999938	225	t	125	t	f	75	t	0	0	1836	2104	1991	1875	1	2	1	2	0	0	0	\N	\N	0	\N	\N	53	0	0	\N
1179	41	Vaigawa	171	200	C	50	100	15	199	62	54	7_4	\N	\N	\N	0	2	0	f	0	f	f	0	f	0	0	4747	1914	3546	1991	6	1	4	6	1500	0	0	80	\N	0	\N	\N	53	0	0	\N
1176	41	Kuatoh	50	185	L	26	371	0	49	45	4	4_14	80	\N	51	51814	0	5	f	82	f	f	5	f	0	0	2212	2182	1933	1972	2	1	2	2	0	0	0	\N	\N	0	\N	\N	53	0	0	\N
1178	41	Keliv	200	50	I	35	995698	998910	999167	999575	997502	6_21	79	\N	50	60278	1000030	5	f	5	f	f	5	f	0	0	1953	2414	2488	1922	2	2	1	1	0	0	0	\N	\N	0	\N	\N	53	0	0	\N
1183	41	Ogawa	103	200	L	20	117	61	28	51	40	4_12	80	\N	\N	1553	0	0	f	3	f	f	0	f	0	0	4556	4734	4426	1390	1	2	10	10	0	0	0	\N	\N	0	\N	\N	53	0	0	MINERAL3
1192	42	Keliv	105	133	I	35	998686	1000000	999732	999932	998991	6_21	81	\N	52	57499	1000018	5	f	5	f	f	5	f	0	0	1908	2429	2217	2202	2	2	2	1	0	0	0	\N	\N	0	\N	\N	53	0	0	\N
1187	42	Lunnilia	170	114	N	-2	100	58	59	23	28	2_10	\N	\N	\N	0	3	0	f	0	f	f	0	f	0	0	2252	895	1962	2155	6	2	6	6	1500	0	0	82	10	16121	\N	\N	53	0	0	\N
1190	42	Citratis	200	50	L	21	1	0	27	29	19	4_7	82	\N	53	49091	1	5	f	68	f	f	5	f	0	0	1927	1694	1512	1663	2	1	2	2	0	0	0	\N	\N	0	\N	\N	53	0	0	\N
1198	43	Citratis	128	50	L	21	990293	999759	998796	999374	997069	4_7	83	\N	54	63560	1000063	5	f	5	f	f	5	f	0	0	1855	2392	2319	2051	1	2	2	1	0	0	0	\N	\N	0	\N	\N	116	0	0	\N
1208	44	Beteigeuze	183	50	I	32	19	58	27	33	23	6_22	85	\N	56	50569	0	5	f	10	f	f	5	f	0	0	1931	2498	2397	2495	2	1	2	1	0	0	0	\N	\N	0	\N	\N	53	0	0	\N
1206	44	Beteigeuze	50	166	I	32	999567	1000000	999914	999947	999667	6_8	84	\N	55	56215	1000005	5	f	5	f	f	5	f	0	0	1656	1788	2458	1531	2	1	1	2	0	0	0	\N	\N	0	\N	\N	53	0	0	\N
1218	46	Beteigeuze	50	200	I	32	7	41	46	29	31	6_3	89	\N	60	45451	0	5	f	10	f	f	5	f	0	0	1699	2157	2099	1783	2	1	1	1	0	0	0	\N	\N	0	\N	\N	53	0	0	\N
1222	46	Beteigeuze	198	107	I	32	999316	999950	999824	999809	999555	6_5	88	\N	59	56099	999880	5	f	5	f	f	5	f	0	0	1570	1717	2222	1865	2	1	2	1	0	0	0	\N	\N	0	\N	\N	53	0	0	\N
1216	45	Beteigeuze	99	195	I	32	999102	1000002	999828	999892	999336	6_13	86	\N	57	55002	1000010	5	f	5	f	f	5	f	0	0	2487	1678	2204	1604	2	1	1	1	0	0	0	\N	\N	0	\N	\N	53	0	0	\N
1214	45	Beteigeuze	197	50	I	32	381	0	18	17	6	6_5	87	\N	58	50776	0	5	f	21	f	f	5	f	0	0	2472	2324	2438	2170	1	1	1	1	0	0	0	\N	\N	0	\N	\N	53	0	0	\N
1230	47	Beteigeuze	50	200	I	32	247	0	11	16	6	6_15	91	\N	62	51129	0	5	f	21	f	f	5	f	0	0	1825	1591	2237	1790	1	1	1	1	0	0	0	\N	\N	0	\N	\N	53	0	0	\N
1235	47	Beteigeuze	200	50	I	32	998858	999952	999738	999753	999223	6_15	90	\N	61	55328	999885	5	f	5	f	f	5	f	0	0	1957	1964	1590	1760	1	1	2	1	0	0	0	\N	\N	0	\N	\N	53	0	0	\N
1237	48	Keliv	139	50	I	35	995635	999613	999364	999712	998970	6_16	92	\N	63	53798	1000008	5	f	5	f	f	5	f	0	0	2044	2119	1891	2413	1	1	2	2	0	0	0	\N	\N	0	\N	\N	53	0	0	\N
1246	48	Yiniahines	106	199	C	53	100	35	40	22	44	7_10	\N	\N	\N	0	2	0	f	0	f	f	0	f	0	0	4725	4750	2876	1120	10	6	10	4	1500	0	0	93	\N	0	\N	\N	53	0	0	\N
1239	48	Kuatoh	50	200	L	26	490	0	29	26	5	4_11	93	\N	64	50009	0	5	f	29	f	f	5	f	0	0	1534	1894	2166	2257	2	2	2	2	0	0	0	\N	\N	0	\N	\N	53	0	0	\N
1245	48	Zenope (2)	197	63	L	31	108	0	118	60	52	4_2	92	\N	\N	1015	10	0	f	0	f	f	0	f	0	0	3901	3912	3688	3143	1	4	1	2	0	0	0	\N	38	9490	\N	\N	53	0	0	\N
1252	49	Gov T0B	111	142	N	-4	111	162	39	8	7	2_24	95	\N	\N	1504	0	0	f	2	f	f	0	f	0	0	4742	2047	888	2042	4	6	6	6	0	0	0	\N	22	4958	\N	\N	53	0	0	\N
1249	49	Kuatoh	88	200	L	26	30	0	33	22	6	4_10	95	\N	66	53199	0	5	f	49	f	f	5	f	0	0	1496	2061	1718	2211	1	2	2	1	0	0	0	\N	\N	0	\N	\N	53	0	0	\N
1247	49	Keliv	200	50	I	35	996167	999610	999361	999712	998974	6_9	94	\N	65	57889	1000014	5	f	5	f	f	5	f	0	0	2270	1964	2152	2246	2	2	2	1	0	0	0	\N	\N	0	\N	\N	53	0	0	\N
1254	49	Neolea	150	97	I	36	999759	999925	999925	999925	999925	6_4	94	\N	\N	1093	999900	0	f	0	f	f	0	f	0	0	3954	4345	1209	4458	2	10	10	2	0	0	0	\N	\N	0	\N	\N	53	0	0	\N
1256	50	Sypso VCLT	61	50	N	5	999750	999925	999925	999925	999925	2_12	96	\N	\N	4011	999900	0	f	0	f	f	0	f	0	0	3436	3755	1119	4144	6	10	1	1	0	0	0	\N	\N	0	\N	\N	53	0	0	\N
1260	50	Keliv	50	105	I	35	995606	999610	999361	999715	998970	6_11	96	\N	67	51561	1000008	5	f	5	f	f	5	f	0	0	1649	2296	1994	2211	2	2	1	2	0	0	0	\N	\N	0	\N	\N	53	0	0	\N
1255	50	Kuter	200	131	L	30	100	15	25	3	50	4_3	\N	\N	\N	0	2	0	f	0	f	f	0	f	0	0	2041	4331	4996	4939	10	4	6	10	1500	0	0	97	\N	0	\N	\N	53	0	0	\N
1257	50	Kuatoh	200	200	L	26	565	0	35	27	7	4_12	97	\N	68	53014	0	5	f	29	f	f	5	f	0	0	1917	1759	1871	1532	2	1	2	1	0	0	0	\N	\N	0	\N	\N	53	0	0	\N
1271	51	Beteigeuze	50	144	I	32	7500	60	65	55	67	6_1	98	\N	69	51595	5	5	f	5	f	f	5	f	0	0	2403	2310	1520	2041	2	1	2	1	0	0	0	\N	\N	0	\N	\N	53	0	0	\N
1266	51	Citratis	195	50	L	21	1464	69	53	61	35	4_1	99	\N	70	50987	0	5	f	10	f	f	5	f	0	0	2345	1588	1677	1615	2	1	2	2	0	0	0	\N	\N	0	\N	\N	53	0	0	\N
1278	52	Vailiv	78	136	L	17	997897	1000000	999389	999754	999573	4_2	100	\N	71	55623	1000005	5	f	5	f	f	5	f	0	0	1945	2339	2408	2354	2	2	1	2	0	0	0	\N	\N	0	\N	\N	53	0	0	\N
1280	52	Beteigeuze	200	60	I	32	171	50	18	29	9	6_11	101	\N	72	49747	0	5	f	10	f	f	5	f	0	0	2011	1671	1752	1617	1	1	1	2	0	0	0	\N	\N	0	\N	\N	53	0	0	\N
1283	53	Vailiv	125	123	L	17	998823	999403	999389	999756	999576	4_10	102	\N	73	56436	1000015	5	f	5	f	f	5	f	0	0	1497	2068	2378	1527	1	2	1	1	0	0	0	\N	\N	0	\N	\N	53	0	0	\N
1288	53	Medrorix	100	74	J	-34	100	152	67	38	149	3_2	\N	\N	\N	0	2	0	f	0	f	f	0	f	0	0	1211	4357	3270	3713	10	6	2	2	1500	0	0	103	\N	0	\N	\N	53	0	0	\N
1284	53	Kuatoh	50	50	L	26	379	0	30	29	7	4_13	103	\N	74	49211	0	5	f	29	f	f	5	f	0	0	2463	1636	1903	2122	2	2	1	2	0	0	0	\N	\N	0	\N	\N	53	0	0	\N
1290	54	Citratis	69	290	L	21	998181	998524	999739	999948	999706	4_8	104	\N	75	57974	1000028	5	f	5	f	f	5	f	0	0	1570	1569	2288	2870	1	1	2	1	0	0	0	\N	\N	0	\N	\N	53	0	0	\N
1294	54	Billes K7O	229	64	F	-6	99	64	47	5	22	9_8	105	\N	\N	1526	0	0	f	2	f	f	0	f	0	0	2795	2494	3107	999	10	1	1	4	0	0	0	\N	\N	0	\N	\N	53	0	0	\N
1301	54	Nuccides	289	50	J	0	88	2	29	24	1	3_4	105	\N	76	51702	0	5	f	50	f	f	5	f	0	0	2308	1657	2189	1681	1	2	1	2	0	0	0	\N	\N	0	\N	\N	53	0	0	\N
1311	55	Citratis	255	300	L	21	998936	999124	999813	999964	999844	4_5	106	\N	77	60240	1000028	5	f	5	f	f	5	f	0	0	2163	2107	2147	2098	1	1	1	1	0	0	0	\N	\N	0	\N	\N	53	0	0	\N
1330	55	Gov T0B	50	153	G	53	107	62	26	7	5	5_8	107	\N	\N	1506	0	0	f	2	f	f	0	f	0	0	2786	866	2944	1304	6	6	10	6	0	0	0	\N	\N	0	\N	\N	53	0	0	\N
1312	55	Kuatoh	50	98	L	26	757	0	36	25	0	4_10	107	\N	78	49576	0	5	f	49	f	f	5	f	0	0	2034	2467	1831	1536	1	2	1	1	0	0	0	\N	\N	0	\N	\N	53	0	0	\N
1332	56	Beteigeuze	157	200	I	32	1000026	999862	999915	999947	999667	6_21	108	\N	79	53583	1000010	5	f	5	f	f	5	f	0	0	1973	2345	1880	1912	1	1	1	2	0	0	0	\N	\N	0	\N	\N	53	0	0	\N
1336	56	Yeria	200	156	K	-11	0	24	37	11	69	8_13	\N	\N	\N	0	0	0	f	0	f	f	0	f	0	0	2447	4865	861	4889	4	10	4	1	0	0	0	\N	9	6682	\N	\N	53	0	0	\N
1347	57	Huria	118	200	N	7	60	10	69	45	57	2_24	109	\N	\N	1508	0	15	t	15	t	f	0	f	0	0	3398	4729	1635	1445	6	2	10	2	0	0	0	\N	21	5731	\N	\N	53	0	0	\N
1345	57	Beteigeuze	191	200	I	32	1000404	999863	999916	999945	999667	6_4	109	\N	80	55111	999985	5	f	5	f	f	5	f	0	0	2252	1963	1559	2248	1	1	2	2	0	0	0	\N	\N	0	\N	\N	53	0	0	\N
1356	58	Beteigeuze	50	50	I	32	1000885	999860	999917	999949	999671	6_1	110	\N	81	55233	999990	5	f	5	f	f	5	f	0	0	1852	1716	2321	1889	2	1	2	1	0	0	0	\N	\N	0	\N	\N	53	0	0	\N
1357	58	Listroitania	109	77	M	7	73	45	5	65	69	1_4	110	\N	\N	1516	16	15	t	15	t	f	0	f	0	0	2657	3106	4162	3720	4	10	4	6	0	0	0	\N	\N	0	\N	\N	53	0	0	\N
1360	59	Lepapra	88	183	M	20	79	29	19	72	49	1_6	111	\N	\N	1535	16	15	t	15	t	f	0	f	0	0	3138	1112	4184	2664	1	2	1	6	0	0	0	\N	18	2402	\N	\N	53	0	0	\N
1362	59	Beteigeuze	115	130	I	32	997708	999300	999475	999570	998517	6_21	111	\N	82	54719	999990	5	f	5	f	f	5	f	0	0	2265	2177	2476	1924	2	2	2	2	0	0	0	\N	\N	0	\N	\N	53	0	0	\N
1374	60	Vailiv	106	200	L	17	1000724	999995	999910	999943	999884	4_9	112	\N	83	58513	1000015	5	f	5	f	f	5	f	0	0	2015	1529	1576	1736	2	1	1	2	0	0	0	\N	\N	0	\N	\N	53	0	0	\N
1368	60	Pingaelia	200	109	N	-4	107	0	34	117	37	2_9	113	\N	\N	1504	0	0	f	2	f	f	0	f	0	0	4177	3335	4465	3404	1	10	1	10	0	0	0	\N	38	8273	\N	\N	53	0	0	\N
1373	60	Kuatoh	200	50	L	26	3892	30	48	28	5	4_13	113	\N	84	45356	0	5	f	17	f	f	5	f	0	0	2329	1884	2113	1899	1	1	2	2	0	0	0	\N	\N	0	\N	\N	53	0	0	\N
1370	60	Creshan 04S	123	241	G	64	0	63	22	43	25	5_7	\N	\N	\N	0	0	0	f	0	f	f	0	f	0	0	3685	3024	3808	3398	1	6	6	1	0	0	0	\N	34	3538	\N	\N	53	0	0	\N
1378	61	Vucurn	179	75	K	-11	4380	0	24	13	16	8_24	115	\N	86	48621	0	5	f	32	f	f	5	f	0	0	1791	2240	2286	1766	2	2	2	2	0	0	0	\N	\N	0	\N	\N	53	0	0	\N
1382	61	Veerilia	137	113	M	17	108	0	29	45	12	1_6	115	\N	\N	1506	0	0	f	2	f	f	0	f	0	0	4632	3721	4398	3402	1	6	10	4	0	0	0	\N	\N	0	\N	\N	53	0	0	\N
1375	61	Vailiv	87	200	L	17	999241	999988	999616	999812	999602	4_14	114	\N	85	57996	1000015	5	f	5	f	f	5	f	0	0	2021	1589	1806	1946	2	1	2	2	0	0	0	\N	\N	0	\N	\N	53	0	0	\N
1381	61	Stronizuno	153	168	K	-10	100	0	147	33	28	8_18	\N	\N	\N	0	2	0	f	0	f	f	0	f	0	0	2053	2991	4892	2802	4	1	2	2	1500	0	0	115	\N	0	\N	\N	53	0	0	\N
1390	62	Citratis	145	149	L	21	7571	72	63	59	62	4_13	116	\N	87	60026	183	5	f	124	t	f	5	f	0	0	2137	2143	2240	2332	1	2	2	1	0	0	0	\N	\N	0	\N	\N	53	0	0	\N
1394	63	Keliv	188	160	I	35	995116	997512	998765	999468	995914	6_13	118	\N	88	67224	1000072	5	f	5	f	f	5	f	0	0	1825	2235	1735	1494	1	2	2	1	0	0	0	\N	\N	0	\N	\N	53	0	0	\N
1403	64	Saelea	158	161	G	53	56	0	59	30	72	5_1	120	\N	\N	1500	0	2	f	15	f	f	0	f	0	0	4732	4883	3576	1300	2	4	4	4	0	0	0	\N	\N	0	\N	\N	53	0	0	\N
1408	64	Grora C4	200	125	F	-3	85	90	67	24	94	9_7	120	\N	\N	1518	0	0	f	7	f	f	0	f	0	0	4178	1976	3167	1084	2	10	2	2	0	0	0	\N	\N	0	\N	\N	53	0	0	\N
1402	64	Onkonoe	197	63	K	-5	101	15	33	5	26	8_9	120	\N	\N	2336	0	0	f	3	f	f	0	f	0	0	3840	3176	2314	2388	4	4	10	10	0	0	0	\N	11	4249	\N	\N	53	0	0	\N
1407	64	Citratis	200	200	L	21	2172	16	18	2	17	4_14	120	\N	90	53622	0	214	f	123	f	f	5	f	0	0	2017	1646	2198	1600	1	2	2	1	0	0	0	\N	\N	0	\N	\N	53	0	0	\N
1406	64	Nuccides	123	108	J	0	997170	998005	999355	999799	999346	3_8	119	\N	89	59004	1000020	5	f	5	f	f	5	f	0	0	2185	1859	1660	2119	1	1	1	2	0	0	0	\N	\N	0	\N	\N	53	0	0	\N
1413	65	Hohines	157	153	F	-2	124	0	36	21	62	9_9	122	\N	\N	1518	0	0	f	5	f	f	0	f	0	0	2064	4390	1202	4815	1	1	4	1	0	0	0	\N	\N	0	\N	\N	53	0	0	MINERAL3
1416	65	Kuatoh	198	200	L	26	4935	6	45	31	4	4_5	122	\N	92	52415	0	5	f	82	f	f	5	f	0	0	2425	1616	2109	2241	1	1	1	2	0	0	0	\N	\N	0	\N	\N	53	0	0	\N
1417	65	Vailiv	112	120	L	17	1001558	999780	999902	999946	999818	4_3	121	\N	91	58828	1000025	5	f	5	f	f	5	f	0	0	2181	2045	1611	2185	2	2	2	2	0	0	0	\N	\N	0	\N	\N	53	0	0	\N
1519	66	Brao 6QA	130	294	I	35	1003107	999735	999665	999804	998926	6_12	123	\N	94	71162	1000090	5	f	5	f	f	5	f	0	0	2463	1654	2031	1546	1	1	2	2	0	0	0	\N	\N	0	\N	\N	53	0	0	\N
1685	66	Bonkonope	600	600	J	-35	0	177	50	129	118	3_2	\N	\N	\N	0	0	0	f	0	f	f	0	f	0	0	1942	4967	3276	3734	4	10	2	2	0	0	0	\N	\N	0	\N	\N	53	0	0	\N
1480	66	Yinzeshan	1181	979	L	17	1005110	999360	999656	999689	998967	4_9	126	\N	93	72871	1000075	5	f	5	f	f	5	f	0	0	2190	2124	1892	1727	2	1	2	2	0	0	0	\N	\N	0	\N	\N	53	0	0	\N
1694	67	Vucurn	114	182	K	-11	1001585	999200	999260	999662	997920	8_27	128	\N	95	72563	1000056	5	f	5	f	f	5	f	0	0	2436	1836	1658	1901	2	1	1	2	0	0	0	\N	\N	0	\N	\N	53	0	0	\N
1695	67	Citratis	105	70	L	21	995332	998073	998750	999127	998236	4_7	127	\N	96	69830	1000098	5	f	5	f	f	5	f	0	0	2141	1640	1790	2282	2	2	1	2	0	0	0	\N	\N	0	\N	\N	53	0	0	\N
1739	68	Nuccides	850	860	J	0	7500	59	66	55	63	3_14	129	\N	97	51118	5	5	f	5	f	f	5	f	0	0	2407	1963	2019	2191	1	2	2	2	0	0	0	\N	\N	0	\N	\N	53	0	0	\N
1787	68	Kuatoh	617	50	L	26	3664	67	47	56	31	4_1	130	\N	99	53321	0	5	f	10	f	f	5	f	0	0	1953	2498	1849	2019	1	2	2	2	0	0	0	\N	\N	0	\N	\N	53	0	0	\N
1803	68	Keliv	50	633	I	35	3655	66	58	51	45	6_12	131	\N	98	54887	0	5	f	10	f	f	5	f	0	0	1532	1689	1548	1578	2	1	1	2	0	0	0	\N	\N	0	\N	\N	53	0	0	\N
1884	70	Citratis	200	172	L	21	7500	68	68	66	51	4_5	134	\N	100	52196	5	5	f	5	f	f	5	f	0	0	1525	1598	1638	2360	2	1	1	2	0	0	0	\N	\N	0	\N	\N	53	0	0	\N
1896	71	Keliv	61	197	I	35	2680	207	190	74	96	6_9	135	\N	101	57900	443	160	f	124	t	f	5	f	0	0	1957	1916	2322	1665	2	1	2	1	0	0	0	\N	\N	0	\N	\N	53	0	0	\N
1899	71	Kindavis	50	136	L	30	71	9	40	26	101	4_14	135	\N	\N	1077	29	10	t	10	t	f	0	f	0	0	815	2048	1331	2787	2	2	1	6	0	0	0	\N	\N	0	\N	\N	53	0	0	\N
1893	71	Choter	115	123	C	44	69	0	1	82	33	7_5	135	\N	\N	1039	15	10	t	10	t	f	0	f	0	0	4109	3475	2671	4921	4	2	1	4	0	0	0	\N	25	13514	\N	\N	53	0	0	\N
1900	72	Nuccides	200	131	J	-34	4057	58	48	49	39	3_9	137	\N	102	56051	7	5	f	10	f	f	5	f	0	0	1684	2310	1731	2436	2	1	2	2	0	0	0	\N	\N	0	\N	\N	53	0	0	\N
1917	73	Keliv	196	200	I	35	997922	1000003	999562	999793	999160	6_19	138	\N	103	54869	1000018	5	f	5	f	f	5	f	0	0	1831	2453	1767	2300	1	1	2	2	0	0	0	\N	\N	0	\N	\N	53	0	0	\N
1924	74	Keliv	136	200	I	35	993990	1000004	998668	999509	998220	6_11	139	\N	104	58018	1000024	5	f	5	f	f	5	f	0	0	2157	1856	1858	2336	1	2	1	2	0	0	0	\N	\N	0	\N	\N	53	0	0	\N
1933	75	Keliv	50	200	I	35	989919	1000005	998306	999319	997006	6_5	140	\N	105	57120	1000030	5	f	5	f	f	5	f	0	0	1584	1975	2300	1753	1	1	2	1	0	0	0	\N	\N	0	\N	\N	53	0	0	\N
1941	76	Gnov 4XF	79	123	J	-31	131	72	117	140	130	3_11	142	\N	\N	1268	85	12	t	12	t	f	0	f	0	0	3478	2948	2178	4937	4	4	4	10	0	0	0	\N	38	3351	\N	\N	53	0	0	\N
1940	76	Crilia TYJG	178	118	I	56	0	68	209	81	53	6_21	\N	\N	\N	0	0	0	f	0	f	f	0	f	0	0	1378	3511	1247	3626	4	1	10	1	0	0	0	\N	\N	0	\N	\N	53	0	0	\N
1936	76	Beteigeuze	155	175	I	32	989788	994210	997783	998950	995712	6_13	141	\N	106	72158	1000070	5	f	5	f	f	5	f	0	0	1927	2181	2403	2277	2	2	2	2	0	0	0	\N	\N	0	\N	\N	53	0	0	\N
1937	76	Brobotis	172	50	J	-35	86	176	107	113	83	3_14	142	\N	\N	1000	44	10	t	10	t	f	0	f	0	0	2291	1163	2140	4169	1	4	10	2	0	0	0	\N	\N	0	\N	\N	53	0	0	\N
1938	76	Chacarro	97	194	I	54	0	3	2	9	20	6_16	\N	\N	\N	0	0	0	f	0	f	f	0	f	0	0	2735	3893	2352	2861	1	10	4	2	0	0	0	\N	\N	0	\N	\N	53	0	0	\N
1939	76	Vailiv	90	69	L	17	7183	301	765	424	204	4_1	142	\N	107	69157	513	226	t	126	t	f	10	f	0	0	1600	1922	1298	1898	1	1	1	2	0	0	0	\N	\N	0	\N	\N	53	0	0	\N
1947	77	Trone BR	76	141	M	14	108	0	26	13	17	1_6	144	\N	\N	1508	0	0	f	2	f	f	0	f	0	0	4847	3988	1883	963	6	2	4	2	0	0	0	\N	\N	0	\N	\N	53	0	0	\N
1944	77	Keliv	186	89	I	35	1000098	999896	999807	999975	999846	6_8	143	\N	109	57061	1000038	5	f	10	f	f	5	f	0	0	1935	2115	2186	1948	1	2	2	1	0	0	0	\N	\N	0	\N	\N	53	0	0	\N
1950	77	Kamia	200	143	K	-11	219	63	47	4	26	8_23	143	\N	\N	2000	0	2	t	20	t	f	0	f	0	0	3162	4821	4326	1282	10	2	4	10	0	0	0	\N	5	10623	\N	\N	53	0	0	\N
1942	77	Vucurn	89	200	K	-11	3824	8	39	34	3	8_21	144	\N	108	40614	0	5	f	18	f	f	5	f	0	0	1626	1923	1647	1798	2	2	2	1	0	0	0	\N	\N	0	\N	\N	53	0	0	\N
1949	77	Endion	128	120	F	0	109	0	67	33	28	9_3	144	\N	\N	1518	0	0	f	2	f	f	0	f	0	0	3102	2557	916	1716	2	10	4	10	0	0	0	\N	\N	0	\N	\N	53	0	0	\N
1954	78	Keliv	50	200	I	35	995366	1000000	999464	999724	998236	6_5	145	\N	110	57776	1000018	5	f	5	f	f	5	f	0	0	2360	2118	1867	2060	2	2	2	1	0	0	0	\N	\N	0	\N	\N	53	0	0	\N
1966	79	Zullater	130	140	M	12	52	1	35	59	44	1_9	146	\N	\N	1053	11	10	t	10	t	f	0	f	0	0	1031	2765	4194	4120	6	6	2	6	0	0	0	\N	\N	0	\N	\N	53	0	0	\N
1964	79	Chobak	50	152	J	-33	5749	103	101	48	37	3_10	146	\N	111	54814	58	5	f	5	f	f	5	f	0	0	2083	1588	1736	1813	2	2	2	1	0	0	0	\N	\N	0	\N	\N	53	0	0	\N
1960	79	Thiegantu	101	191	G	56	60	1	105	68	25	5_7	146	\N	\N	1071	28	10	t	10	t	f	0	f	0	0	3729	2175	3177	3217	2	4	1	6	0	0	0	\N	40	4901	\N	\N	53	0	0	\N
1968	80	Vucurn	50	200	K	-11	1000617	999890	999750	999859	999088	8_31	147	\N	112	59824	1000020	5	f	5	f	f	5	f	0	0	1849	1837	1712	2447	2	1	2	2	0	0	0	\N	\N	0	\N	\N	53	0	0	\N
1973	80	Lopihines	121	160	K	-1	0	100	15	91	9	8_25	\N	\N	\N	0	0	0	f	0	f	f	0	f	0	0	1712	4597	3045	4240	2	2	2	10	0	0	0	\N	33	15838	\N	\N	53	0	0	\N
1976	81	Kuatoh	50	197	L	26	7415	37	57	42	9	4_7	148	\N	113	54114	47	5	f	10	f	f	5	f	0	0	1593	2243	1567	1659	2	1	1	1	0	0	0	\N	\N	0	\N	\N	53	0	0	\N
1989	82	Keliv	50	197	I	35	999229	1000038	1000027	1000037	1000032	6_12	149	\N	114	56900	999812	223	f	123	t	f	5	f	0	0	2372	1704	2290	1976	2	2	2	2	0	0	0	\N	\N	0	\N	\N	53	0	0	\N
1998	83	Citratis	68	187	L	21	988533	1000414	998951	999487	996906	4_1	150	\N	115	60102	1000684	223	f	123	f	f	5	f	0	0	1664	1627	1423	1252	1	1	2	1	0	0	0	\N	\N	0	\N	\N	53	0	0	\N
2015	85	Beteigeuze	159	200	I	32	1000	1000	300	400	300	6_3	152	\N	117	51723	1000005	5	f	5	f	f	5	f	0	0	1799	1796	2031	2191	2	1	1	1	0	0	0	\N	\N	0	\N	\N	53	0	0	\N
2018	86	Citratis	65	159	L	21	986665	997696	998030	999131	995908	4_1	153	\N	118	60978	1000042	5	f	5	f	f	5	f	0	0	1747	1993	1711	1794	1	2	1	1	0	0	0	\N	\N	0	\N	\N	53	0	0	\N
2007	84	Beteigeuze	98	178	I	32	986417	998833	997886	998787	996218	6_8	151	\N	116	58625	999673	5	f	10	f	f	5	f	100	50	2256	1732	1537	1705	2	2	1	2	0	0	0	\N	\N	0	\N	\N	53	0	0	\N
2002	84	Ietov	115	117	J	-32	0	106	213	177	261	3_10	\N	\N	\N	0	0	0	f	0	f	f	0	f	0	0	3211	2735	1774	2822	2	10	10	6	0	0	0	\N	\N	0	\N	\N	53	0	0	\N
2030	87	Citratis	200	99	L	21	4063	43	51	57	30	4_1	155	\N	120	56507	32	5	f	10	f	f	5	f	0	0	2466	2025	1791	1725	1	2	1	2	0	0	0	\N	\N	0	\N	\N	53	0	0	\N
2025	87	Keliv	80	181	I	35	998556	999710	999650	999780	999159	6_16	154	\N	119	48430	999998	5	f	5	f	f	5	f	0	0	1809	1712	1924	2416	2	2	1	1	0	0	0	\N	\N	0	\N	\N	53	0	0	\N
2033	87	Niecury	172	148	G	59	102	33	6	22	38	5_5	155	\N	\N	1000	10	0	f	0	f	f	0	f	0	0	2660	833	4653	4430	1	6	4	4	0	0	0	\N	\N	0	\N	\N	53	0	0	\N
2043	88	Nuccides	200	145	J	-31	994203	998057	998727	999463	998236	3_13	156	\N	121	63492	1000028	5	f	5	f	f	5	f	0	0	2459	1784	2150	1979	1	2	2	2	0	0	0	\N	\N	0	\N	\N	53	0	0	\N
2050	90	Nuccides	50	114	J	-34	990404	997930	998569	999419	996927	3_15	158	\N	122	62853	1000028	5	f	5	f	f	5	f	0	0	2169	1807	2016	1838	2	1	1	2	0	0	0	\N	\N	0	\N	\N	53	0	0	\N
2051	90	Onzorix	115	119	C	40	0	81	82	93	51	7_7	\N	\N	\N	0	0	0	f	0	f	f	0	f	0	0	2145	3151	2812	3484	4	10	4	4	0	0	0	\N	\N	0	\N	\N	53	0	0	\N
2049	90	Vekutania	123	50	M	17	0	32	6	55	51	1_1	\N	\N	\N	0	0	0	f	0	f	f	0	f	0	0	1000	2642	4156	4554	1	10	6	10	0	0	0	\N	\N	0	\N	\N	53	0	0	\N
2056	91	Chobak	115	200	F	8	993553	999757	998997	999701	996981	9_9	159	\N	123	60000	1000081	5	f	5	f	f	5	f	0	0	2364	1822	2092	1822	1	1	1	1	0	0	0	\N	\N	0	\N	\N	53	0	0	\N
2061	91	Crilia TYJG	129	127	C	51	0	0	59	18	63	7_6	\N	\N	\N	0	0	0	f	0	f	f	0	f	0	0	2367	3152	2502	1711	6	4	1	6	0	0	0	159	\N	0	\N	\N	53	0	0	\N
2063	92	Vailiv	200	200	L	17	993811	999011	999176	999566	997922	4_11	160	\N	124	58120	1000020	5	f	5	f	f	5	f	0	0	1970	2008	2145	2358	1	1	1	1	0	0	0	\N	\N	0	\N	\N	53	0	0	\N
2071	92	Chidrutera	200	145	L	19	0	1834	34	53	33	4_6	\N	\N	\N	0	0	0	f	0	f	f	0	f	0	0	4369	4189	3845	2719	6	4	6	4	0	0	0	160	\N	0	\N	\N	53	0	0	\N
2072	93	Vailiv	200	153	L	17	990428	997690	998013	999015	995731	4_5	161	\N	125	63745	1000055	5	f	5	f	f	5	f	0	0	2174	2027	2016	1794	1	2	2	1	0	0	0	\N	\N	0	\N	\N	53	0	0	\N
2073	93	Something	150	100	L	17	990428	17	998021	999079	995732	4_5	161	\N	\N	63745	1000055	5	f	5	f	f	5	f	0	0	2174	2027	2016	1794	1	2	2	1	0	0	0	\N	\N	0	\N	\N	53	0	0	\N
2086	94	Ithuetera	180	122	N	-2	79	0	59	29	64	2_21	163	\N	\N	0	20	1	f	0	f	f	0	f	78	0	1038	2180	3284	3811	1	10	1	2	2000	0	0	162	\N	0	\N	\N	53	0	0	\N
2080	94	Vucurn	71	194	K	-11	1002008	999900	999630	999831	998960	8_10	162	\N	126	62575	1000020	5	f	5	f	f	5	f	0	0	1693	1692	2426	2322	2	2	2	1	0	0	0	\N	\N	0	\N	\N	53	0	0	\N
2083	94	Kuatoh	200	57	L	26	8578	40	60	38	38	4_11	163	\N	127	63799	27	5	f	5	f	f	5	f	0	0	2154	2259	1738	2244	2	2	2	1	0	0	0	\N	\N	0	\N	\N	53	0	0	\N
2095	96	Nuccides	200	200	J	-33	7500	65	57	56	51	3_15	165	\N	128	55157	5	5	f	5	f	f	5	f	0	0	1507	2043	1547	1797	1	2	1	1	0	0	0	\N	\N	0	\N	\N	53	0	0	\N
2089	96	Keliv	50	54	I	35	3655	64	54	46	31	6_21	166	\N	129	51850	0	5	f	10	f	f	5	f	0	0	1551	2344	1974	1723	2	2	2	1	0	0	0	\N	\N	0	\N	\N	53	0	0	\N
2102	97	Nuccides	186	136	J	-27	7500	66	56	68	61	3_6	167	\N	130	53847	5	5	f	5	f	f	5	f	0	0	1628	2264	2283	2312	1	1	1	2	0	0	0	\N	\N	0	\N	\N	53	0	0	\N
2101	97	Keliv	50	148	I	35	3655	57	46	42	33	6_17	168	\N	131	55624	0	5	f	10	f	f	5	f	0	0	2076	2410	1637	2124	2	1	2	1	0	0	0	\N	\N	0	\N	\N	53	0	0	\N
2111	100	Keliv	123	200	I	35	7928	59	58	52	53	6_16	\N	\N	132	53534	11	5	f	5	f	f	5	f	0	0	2233	2220	2321	2236	2	1	1	2	0	0	0	\N	\N	0	\N	\N	53	0	0	\N
2106	100	Nuccides	128	78	J	-26	3222	42	39	43	21	3_4	\N	\N	133	48670	0	5	f	10	f	f	5	f	0	0	1630	1801	1712	2225	1	1	2	2	0	0	0	\N	\N	0	\N	\N	53	0	0	\N
2119	101	Kuatoh	109	83	L	26	7959	63	54	67	52	4_7	173	\N	135	54604	8	5	f	5	f	f	5	f	0	0	2232	1781	1765	2281	1	1	1	1	0	0	0	\N	\N	0	\N	\N	53	0	0	\N
2114	101	Vailiv	91	200	L	17	3480	41	50	40	13	4_5	174	\N	134	48386	0	5	f	10	f	f	5	f	0	0	1654	1830	2101	1586	2	1	2	1	0	0	0	\N	\N	0	\N	\N	53	0	0	\N
2128	106	Trarvis A8	125	125	I	15	0	54	15	57	41	6_18	\N	\N	\N	0	0	0	f	0	f	f	0	f	0	0	3364	1534	947	2745	1	1	6	10	0	0	0	\N	\N	0	\N	\N	53	0	0	\N
2122	106	Beteigeuze	140	200	I	32	3655	60	44	54	38	6_6	186	\N	136	52716	0	5	f	10	f	f	5	f	0	0	1574	1946	2453	2443	2	2	1	1	0	0	0	\N	\N	0	\N	\N	53	0	0	\N
2129	106	Keliv	50	50	I	35	7500	64	57	61	63	6_11	185	\N	137	54930	5	5	f	5	f	f	5	f	0	0	2016	1954	2360	2479	1	2	1	2	0	0	0	\N	\N	0	\N	\N	53	0	0	\N
2133	107	Vucurn	171	200	K	-11	7500	54	60	68	52	8_23	187	\N	138	52150	5	5	f	5	f	f	5	f	0	0	2324	2439	1682	1961	1	1	1	2	0	0	0	\N	\N	0	\N	\N	53	0	0	\N
2135	107	Vailiv	73	64	L	17	3654	61	52	49	38	4_3	188	\N	139	51827	0	5	f	10	f	f	5	f	0	0	2133	2073	2239	1635	2	2	2	1	0	0	0	\N	\N	0	\N	\N	53	0	0	\N
2144	108	Keliv	50	124	I	35	999697	999715	999639	999777	999133	6_14	189	\N	141	61128	1000030	5	f	5	f	f	5	f	0	0	1673	2432	1917	1617	1	1	2	1	0	0	0	\N	\N	0	\N	\N	53	0	0	\N
2140	108	Yinzeshan	97	155	L	33	100	0	21	6	4	4_4	\N	\N	\N	0	2	0	f	0	f	f	0	f	0	0	2312	3185	1208	1390	6	10	6	10	1500	0	0	190	\N	0	\N	\N	53	0	0	\N
2138	108	Sathoter	177	172	F	6	100	0	60	6	26	9_8	\N	\N	\N	0	2	0	f	0	f	f	0	f	0	0	3876	902	2389	1473	10	10	10	2	1500	0	0	190	\N	0	\N	\N	53	0	0	\N
2139	108	Yistruemia	86	54	I	45	108	0	48	13	61	6_15	190	\N	\N	1500	0	0	f	2	f	f	0	f	0	0	3976	2636	1439	2714	4	10	2	4	0	0	0	\N	\N	0	\N	\N	53	0	0	\N
2145	108	Vaigawa	121	105	F	-10	109	0	12	50	45	9_9	190	\N	\N	1525	0	0	f	2	f	f	0	f	0	0	1811	1295	4377	2032	4	1	2	6	0	0	0	\N	39	4610	\N	\N	53	0	0	\N
2143	108	Eliv	142	50	G	62	118	0	32	16	37	5_6	190	\N	\N	1561	0	0	f	4	f	f	0	f	0	0	1689	1477	1235	4329	10	10	4	6	0	0	0	\N	38	9407	\N	\N	53	0	0	\N
2142	108	Vucurn	200	84	K	-11	4171	3	29	33	4	8_31	190	\N	140	41276	0	5	f	32	f	f	5	f	0	0	2076	2112	1604	1662	1	1	2	2	0	0	0	\N	\N	0	\N	\N	53	0	0	\N
2149	109	Vucurn	50	200	K	-11	4392	0	22	19	13	8_8	192	\N	142	49040	0	5	f	32	f	f	5	f	0	0	1502	1585	2182	2172	2	1	1	2	0	0	0	\N	\N	0	\N	\N	53	0	0	\N
2151	109	Devagawa	125	125	K	15	2007	1233	21	12	68	8_18	191	\N	\N	2035	200	0	f	0	f	f	0	f	0	0	3391	4090	4649	2475	2	1	4	6	0	0	0	\N	\N	0	\N	\N	53	0	0	\N
2153	109	Nuccides	162	50	J	-32	997086	998800	999807	999975	999842	3_16	191	\N	143	53581	999812	5	f	5	f	f	5	f	0	0	2499	2296	1584	1532	2	2	2	2	0	0	0	\N	\N	0	\N	\N	53	0	0	\N
2161	110	Kalveclite	117	50	I	38	10	27	52	117	168	6_11	194	\N	\N	1570	29	15	f	15	f	f	0	f	0	0	3242	4321	4031	4320	1	10	1	10	0	0	0	\N	\N	0	\N	\N	53	0	0	\N
2159	110	Nuccides	133	200	J	-34	998985	1000138	1000194	1000246	1000190	3_10	193	\N	144	59387	1000203	224	t	124	t	f	74	t	0	0	1582	2211	1592	2149	2	2	1	2	0	0	0	\N	\N	0	\N	\N	53	0	0	\N
2162	110	Rilmov	50	128	M	19	85	0	57	8	3	1_2	194	\N	\N	1550	0	0	f	7	f	f	0	f	0	0	871	4650	3836	1531	1	10	10	1	0	0	0	\N	\N	0	\N	\N	53	0	0	COLONY
2157	110	Zuna C3D	57	184	F	-6	122	0	50	72	96	9_7	194	\N	\N	2335	0	0	f	3	f	f	0	f	0	0	1281	3830	4492	4399	6	10	6	2	0	0	0	\N	5	10629	\N	\N	53	0	0	\N
2158	110	Citratis	172	60	L	21	1346	0	138	14	50	4_8	194	\N	145	46561	325	222	f	122	f	f	5	f	0	0	1656	2088	2065	1616	2	1	2	1	0	0	0	\N	\N	0	\N	\N	53	0	0	\N
2164	111	Keliv	116	50	I	35	3360	37	52	47	6	6_11	197	\N	147	41468	0	5	f	10	f	f	5	f	0	0	2112	2185	2447	1828	2	1	2	2	0	0	0	\N	\N	0	\N	\N	53	0	0	\N
2163	111	Nuccides	77	163	J	-34	995934	999202	999633	999814	998781	3_12	195	\N	146	55783	1000008	5	f	5	f	f	5	f	0	0	2317	1936	1965	1591	1	2	2	2	0	0	0	\N	\N	0	\N	\N	53	0	0	\N
2166	111	Gnov 4XF	167	100	N	-3	100	0	41	55	10	2_21	\N	\N	\N	0	2	0	f	0	f	f	0	f	0	0	4521	2371	2298	2012	6	1	2	2	1500	0	0	196	\N	0	\N	\N	53	0	0	\N
2172	111	Kuatoh	200	144	L	26	3837	0	36	29	2	4_14	196	\N	148	49338	0	5	f	17	f	f	5	f	0	0	2021	1814	2305	2463	2	1	1	1	0	0	0	\N	\N	0	\N	\N	53	0	0	\N
\.


--
-- Data for Name: planet_name; Type: TABLE DATA; Schema: public; Owner: skrupeladmin
--

COPY public.planet_name (name) FROM stdin;
Iseonope
Bonzeathea
Tisov
Thindomia
Sucury
Couhiri
Cremamia
Lavulia
Mapus 8E
Lloth RCP
Zullater
Yistruemia
Gulvoria
Duthade
Zenope
Vaigawa
Devagawa
Bidiphus
Gars O16
Nypso EDLT
Ragrutera
Kosiunus
Ognoria
Kedryke
Yenope
Cater
Crogubos
Phuetune
Gov T0B
Trilles ZOI9
Gumaetis
Busunope
Simomia
Sustroria
Kamia
Kuter
Drianus
Neolea
Vomia 753R
Driuq ITAK
Xamatov
Kunzumia
Ocrars
Yinzeshan
Hohines
Noiturn
Struboruta
Daxotune
Billes K7O
Barth 91L
Ithuetera
Celnahines
Yaborth
Alurn
Yapra
Olvos
Droonus
Veerilia
Sillon SSX1
Grora C4
Linvoathea
Hiccoupra
Yovinda
Pasichi
Etov
Roturn
Bachetania
Cheithea
Gomia 4WU9
Dillon T43
Yibetune
Alnauphus
Pisiea
Oseshan
Miuphus
Thuecury
Lepapra
Seoturn
Bade R9F
Grippe J78
Olveolia
Bonkonope
Cendeshan
Lunnilia
Ietov
Iezuno
Stretunides
Brodapra
Crichi 66H
Thora 49EK
Povaonus
Anienov
Tindosie
Thotrapus
Yustea
Tatis
Thuyaliv
Dutuyama
Creshan I79
Trone BR
Kindavis
Gonzeazuno
Tennion
Igrerth
Tianus
Poturn
Luvelia
Sugistea
Crillon QG
Drade 89AQ
Abbiphus
Agezuno
Endion
Banrion
Yelea
Zonides
Bohiyama
Gnaanov
Biri D
Thippe 6T
Cidevis
Legnoyama
Nulninda
Vingippe
Hotov
Aechur
Thamazuno
Trahilia
Chiri GYE
Grapus QI6W
Malnonus
Velrouter
Yalviea
Illarvis
Uzuno
Chacarro
Nepogantu
Dixoter
Chagua I5LR
Donoe K33Z
Ovegantu
Idipra
Onkonoe
Sozinda
Gatis
Xoter
Strochuzuno
Mavacury
Volla U63
Sillon 46E1
Chidrutera
Bobrunia
Agrapus
Kuzao
Ogawa
Ronus
Brovuhiri
Thekotis
Zilles 7CE
Lleon 9I5M
Tanvuthea
Savotov
Bonkade
Chenvion
Hoitov
Iter
Drikuruta
Brutonus
Lichi LDHK
Creshan 04S
Bidrieclite
Enziestea
Moboria
Yozadus
Leanus
Xiturn
Muzeyama
Stronizuno
Sov 92O
Gryria HJ8A
Gendarus
Tunruter
Rilmov
Kibadus
Xehiri
Saelea
Voxiter
Vebohiri
Sora 8G
Gov E507
Theloter
Mulelia
Xithuna
Hazoria
Lanerth
Reotune
Lopihines
Libinope
Chorth STVA
Gnov 4XF
Ebbaiyama
Tapheavis
Rolarvis
Thogrora
Chuvis
Owei
Zechutera
Liguhiri
Dypso 462
Mov T
Kalveclite
Xilruimia
Zalvarth
Gunzilles
Samia
Sailia
Druunov
Thirilea
Brao 6QA
Llion 203
Udruzuno
Listroitania
Yadosie
Killarth
Etis
Punerth
Crodenides
Dranulara
Silles D7
Syria 7RNT
Pingaelia
Vocritis
Xulmyria
Yunnarth
Teastea
Yeria
Coetera
Crocatune
Dryke O
Viuq 908V
Chovouturn
Xalrayama
Tasichi
Riccade
Lomia
Xetis
Trahiria
Miyelea
Crilia TYJG
Grilia GGO
Unkaeria
Cabalea
Linnoth
Basagua
Ziemia
Vuwei
Boditurn
Thiegantu
Sagua ZBVK
Gora UQTG
Gennaonope
Estratera
Cobbiri
Imides
Hicury
Zizuno
Croavis
Chuluria
Lapus XJ6U
Gillon RYZ
Nibbotov
Saguanus
Lugneron
Collerth
Coria
Docury
Sotunope
Gatohiri
Drars 7L0
Gnosie 7E
Agreiria
Yiniahines
Medrorix
Yustrilles
Athea
Zuiria
Meyorus
Trolanerth
Vurn G
Brao OS
Motraelea
Micaetune
Occagua
Bithars
Yioter
Kiturn
Brobotis
Bikagawa
Thorth P40M
Chypso GQX
Onvoruta
Zongolara
Ninvara
Canveon
Huria
Unus
Triolia
Vekutania
Zuna C3D
Chippe UDCZ
Thengeatune
Kenzuazuno
Secciri
Chesade
Pithea
Choter
Guthanus
Cholater
Gnarvis 2ZA0
Colla RTA5
Dimorilia
Huniucarro
Hudrorix
Elvyke
Niecury
Eliv
Zothostea
Streepra
Phao T
Gragua 1E66
Cacceturn
Eccunides
Elryria
Zemao
Kiabos
Aunerth
Boagawa
Sathoter
Gneon 37A
Thiuq Q5X
Vinzenope
Abbeutov
Hilmoria
Ulvoria
Thitov
Loatis
Tralunides
Mechuyama
Phora 2S91
Crichi 91U
Zothualea
Kalvaitania
Chinarvis
Ignides
Thacury
Aruta
Visistea
Vozolea
Momia KOO9
Bragua G00T
Bistriacury
Pinnoiyama
Mangarth
Onzorix
Hiria
Scomok
Drealia
Socitera
Sypso VCLT
Leon 3KYQ
Rithoanov
Videliv
Kicholla
Culmion
Buria
Gonov
Luulia
Thonunope
Neron ZPQ
Gragua 5QY
Enriunus
Inaecury
Rubbyke
Cagippe
Hetera
Hauhines
Cravonia
Brosaria
Chilia 465
Trarvis A8
Keguepra
Ligainov
Xidryke
Tonilles
Reclite
Seozuno
Llohuter
Bihuthea
Seon NJR
Phao 7U3
\.


--
-- Data for Name: planet_type; Type: TABLE DATA; Schema: public; Owner: skrupeladmin
--

COPY public.planet_type (id, image_prefix, image_count, min_temperature, max_temperature) FROM stdin;
M	1	9	5	25
N	2	24	-5	15
J	3	16	-35	-25
L	4	14	15	40
G	5	11	51	65
I	6	22	35	60
C	7	13	40	55
K	8	33	-15	0
F	9	9	-10	10
\.


--
-- Data for Name: plasma_storm; Type: TABLE DATA; Schema: public; Owner: skrupeladmin
--

COPY public.plasma_storm (id, x, y, game_id, rounds_left, storm_id) FROM stdin;
\.


--
-- Data for Name: player; Type: TABLE DATA; Schema: public; Owner: skrupeladmin
--

COPY public.player (id, turn_finished, login_id, faction_id, color, game_id, ai_level, home_planet_id, has_lost, overview_viewed, news_viewed, background_ai_agent, victory_points, last_round_new_colonies, last_round_new_ships, last_round_new_starbases, last_round_destroyed_ships, last_round_lost_ships, last_finished_round, team_id) FROM stdin;
2	t	4	kuatoh	ff0000	1	AI_HARD	7	f	f	f	f	0	0	0	0	0	0	\N	\N
4	t	2	orion	00ffff	2	AI_EASY	\N	f	f	f	t	0	0	0	0	0	0	\N	\N
14	f	4	trodan	\N	6	AI_HARD	\N	f	f	f	f	0	0	0	0	0	0	\N	\N
18	t	2	orion	00ffff	8	AI_EASY	\N	f	f	f	t	0	0	0	0	0	0	\N	\N
24	t	2	orion	00ffff	11	AI_EASY	\N	f	f	f	t	0	0	0	0	0	0	\N	\N
26	t	2	orion	00ffff	12	AI_EASY	\N	f	f	f	t	0	0	0	0	0	0	\N	\N
22	t	2	orion	00ffff	9	AI_EASY	\N	f	f	f	t	0	0	0	0	0	0	\N	\N
16	t	2	orion	00ffff	7	AI_EASY	\N	f	f	f	t	0	0	0	0	0	0	\N	\N
6	t	2	orion	00ffff	3	AI_EASY	\N	f	f	f	t	0	0	0	0	0	0	\N	\N
10	t	2	orion	8000ff	4	AI_EASY	\N	f	f	f	t	0	0	0	0	0	0	\N	\N
8	t	3	oltin	80ff00	4	AI_MEDIUM	376	f	f	f	f	0	0	0	0	0	0	\N	\N
9	t	3	silverstarag	ff0000	4	AI_MEDIUM	202	f	f	f	f	0	0	0	0	0	0	\N	\N
12	f	4	orion	\N	5	AI_HARD	\N	f	f	f	f	0	0	0	0	0	0	\N	\N
21	t	2	orion	00ffff	10	AI_EASY	\N	f	f	f	t	0	0	0	0	0	0	\N	\N
28	t	2	orion	00ffff	13	AI_EASY	\N	f	f	f	t	0	0	0	0	0	0	\N	\N
30	t	2	orion	00ffff	14	AI_EASY	\N	f	f	f	t	0	0	0	0	0	0	\N	\N
36	t	2	kuatoh	00ff00	19	AI_EASY	1032	f	f	f	f	0	0	0	0	0	0	\N	\N
37	t	2	oltin	ff0000	19	AI_EASY	1029	f	f	f	f	0	0	0	0	0	0	\N	\N
39	t	2	kuatoh	00ff00	20	AI_EASY	1039	f	f	f	f	0	0	0	0	0	0	\N	\N
40	t	2	nightmare	ff0000	20	AI_EASY	1041	f	f	f	f	0	0	0	0	0	0	\N	\N
44	f	5	\N	\N	24	\N	\N	f	f	f	f	0	0	0	0	0	0	\N	\N
46	f	6	\N	\N	25	\N	\N	f	f	f	f	0	0	0	0	0	0	\N	\N
49	f	5	\N	\N	26	\N	\N	f	f	f	f	0	0	0	0	0	0	\N	\N
50	f	6	\N	\N	26	\N	\N	f	f	f	f	0	0	0	0	0	0	\N	\N
52	f	5	orion	\N	27	\N	\N	f	f	f	f	0	0	0	0	0	0	\N	\N
53	f	6	kuatoh	\N	28	\N	\N	f	f	f	f	0	0	0	0	0	0	\N	\N
54	f	5	trodan	\N	28	\N	\N	f	f	f	f	0	0	0	0	0	0	\N	\N
55	f	5	nightmare	\N	29	\N	\N	f	f	f	f	0	0	0	0	0	0	\N	\N
56	f	6	oltin	\N	29	\N	\N	f	f	f	f	0	0	0	0	0	0	\N	\N
59	f	6	orion	00ffff	30	\N	1078	f	f	f	f	0	0	0	0	0	0	\N	\N
1	f	1	nightmare	00ffff	1	\N	6	f	t	f	f	0	0	0	0	0	0	\N	\N
3	f	1	nightmare	ff0000	2	\N	10	f	t	f	f	0	0	0	0	0	0	\N	\N
13	f	1	nightmare	\N	6	\N	\N	f	t	f	f	0	0	0	0	0	0	\N	\N
17	f	1	nightmare	ff0000	8	\N	599	f	t	t	f	0	0	0	0	0	0	\N	\N
23	f	1	oltin	ff0000	11	\N	856	f	t	t	f	0	0	0	0	0	0	\N	\N
25	f	1	kopaytirish	ff0000	12	\N	867	f	t	f	f	0	0	0	0	0	0	\N	\N
19	f	1	orion	ff0000	9	\N	822	f	t	f	f	0	0	0	0	0	0	\N	\N
15	f	1	orion	ff0000	7	\N	503	f	t	t	f	0	0	0	0	0	0	\N	\N
5	f	1	kopaytirish	ff0000	3	\N	196	f	t	f	f	0	0	0	0	0	0	\N	\N
7	f	1	orion	00ffff	4	\N	211	f	t	f	f	0	0	0	0	0	0	\N	\N
11	f	1	trodan	\N	5	\N	\N	f	t	f	f	0	0	0	0	0	0	\N	\N
20	f	1	nightmare	ff0000	10	\N	753	f	t	f	f	0	0	0	0	0	0	\N	\N
27	f	1	silverstarag	ff0000	13	\N	935	f	t	f	f	0	0	0	0	0	0	\N	\N
29	f	1	kuatoh	ff0000	14	\N	981	f	t	t	f	0	0	0	0	0	0	\N	\N
33	f	1	silverstarag	ff0000	17	\N	1010	f	t	f	f	0	0	0	0	0	0	\N	\N
31	f	1	kuatoh	ff0000	15	\N	990	f	t	t	f	0	0	0	0	0	0	\N	\N
32	f	1	nightmare	ff0000	16	\N	1007	f	t	t	f	0	0	0	0	0	0	\N	\N
34	f	1	trodan	ff0000	18	\N	1025	f	t	t	f	0	0	0	0	0	0	\N	\N
35	f	1	kopaytirish	0000ff	19	\N	1036	f	t	f	f	0	0	0	0	0	0	\N	\N
38	f	1	kuatoh	0000ff	20	\N	1045	f	t	t	f	0	0	0	0	0	0	\N	\N
42	f	1	oltin	ff0000	22	\N	1063	f	t	f	f	0	0	0	0	0	0	\N	\N
41	f	1	silverstarag	ff0000	21	\N	1050	f	t	f	f	0	0	0	0	0	0	\N	\N
43	f	1	silverstarag	ff0000	23	\N	1071	f	t	f	f	0	0	0	0	0	0	\N	\N
45	f	1	\N	\N	24	\N	\N	f	t	f	f	0	0	0	0	0	0	\N	\N
47	f	1	\N	\N	25	\N	\N	f	t	f	f	0	0	0	0	0	0	\N	\N
48	f	1	nightmare	\N	26	\N	\N	f	t	f	f	0	0	0	0	0	0	\N	\N
51	f	1	kuatoh	\N	27	\N	\N	f	t	f	f	0	0	0	0	0	0	\N	\N
57	f	1	silverstarag	\N	29	\N	\N	f	t	f	f	0	0	0	0	0	0	\N	\N
58	t	1	nightmare	ff0000	30	\N	1075	f	t	f	f	0	0	0	0	0	0	\N	\N
64	t	6	silverstarag	0000ff	32	\N	1100	f	f	f	f	0	0	0	0	0	0	\N	\N
62	t	1	kuatoh	ff0000	32	\N	1095	f	t	f	f	0	0	0	0	0	0	\N	\N
63	t	5	nightmare	00ff00	32	\N	1099	f	f	f	f	0	0	0	0	0	0	\N	\N
66	t	2	orion	00ffff	33	AI_EASY	1111	f	f	f	f	0	0	0	0	0	0	\N	\N
65	f	1	orion	ff0000	33	\N	1106	f	t	f	f	0	0	0	0	0	0	\N	\N
68	t	2	nightmare	ff0000	34	AI_EASY	1121	f	f	f	f	0	0	0	0	0	0	\N	\N
67	f	1	oltin	00ffff	34	\N	1114	f	t	f	f	0	0	0	0	0	0	\N	\N
70	t	2	kuatoh	00ffff	35	AI_EASY	1124	f	f	f	f	0	0	0	0	0	0	\N	\N
69	f	1	kuatoh	ff0000	35	\N	1127	f	t	f	f	0	0	0	0	0	0	\N	\N
72	t	2	oltin	00ffff	36	AI_EASY	1131	f	f	f	f	0	0	0	0	0	0	\N	\N
71	f	1	kuatoh	ff0000	36	\N	1138	f	t	f	f	0	0	0	0	0	0	\N	\N
73	f	1	kuatoh	ff0000	37	\N	1146	f	t	f	f	0	0	0	0	0	0	\N	\N
74	t	2	trodan	00ffff	37	AI_EASY	1140	f	f	f	f	0	0	0	0	0	0	\N	\N
75	f	1	nightmare	ff0000	38	\N	1150	f	t	f	f	0	0	0	0	0	0	\N	\N
76	f	1	kuatoh	ff0000	39	\N	1161	f	t	f	f	0	0	0	0	0	0	\N	\N
77	f	1	nightmare	ff0000	40	\N	1173	f	t	f	f	0	0	0	0	0	0	\N	\N
78	t	2	kopaytirish	00ffff	40	AI_EASY	1174	f	f	f	f	0	0	0	0	0	0	\N	\N
79	f	1	nightmare	ff0000	41	\N	1178	f	f	f	f	0	0	0	0	0	0	\N	\N
80	t	2	kuatoh	00ffff	41	AI_EASY	1176	f	f	f	f	0	0	0	0	0	0	\N	\N
81	f	1	nightmare	ff0000	42	\N	1192	f	t	t	f	0	0	0	0	0	0	\N	\N
82	t	2	oltin	00ffff	42	AI_EASY	1190	f	f	f	f	0	0	0	0	0	0	\N	\N
83	f	1	oltin	ff0000	43	\N	1198	f	t	t	f	0	0	0	0	0	0	\N	\N
85	t	2	orion	00ffff	44	AI_EASY	1208	f	f	f	f	0	0	0	0	0	0	\N	\N
84	f	1	orion	ff0000	44	\N	1206	f	t	t	f	0	0	0	0	0	0	\N	\N
87	t	2	orion	00ffff	45	AI_EASY	1214	f	f	f	f	0	0	0	0	0	0	\N	\N
86	f	1	orion	ff0000	45	\N	1216	f	t	t	f	0	0	0	0	0	0	\N	\N
89	t	2	orion	00ffff	46	AI_EASY	1218	f	f	f	f	0	0	0	0	0	0	\N	\N
88	f	1	orion	ff0000	46	\N	1222	f	t	t	f	0	0	0	0	0	0	\N	\N
91	t	2	orion	00ffff	47	AI_EASY	1230	f	f	f	f	0	0	0	0	0	0	\N	\N
90	f	1	orion	ff0000	47	\N	1235	f	t	t	f	0	0	0	0	0	0	\N	\N
97	t	2	kuatoh	00ffff	50	AI_EASY	1257	f	f	f	f	0	0	0	0	0	0	\N	\N
96	f	1	nightmare	ff0000	50	\N	1260	f	t	t	f	0	0	0	0	0	0	\N	\N
93	t	2	kuatoh	00ffff	48	AI_EASY	1239	f	f	f	f	0	0	0	0	0	0	\N	\N
92	f	1	nightmare	ff0000	48	\N	1237	f	t	t	f	0	0	0	0	0	0	\N	\N
95	t	2	kuatoh	00ffff	49	AI_EASY	1249	f	f	f	f	0	0	0	0	0	0	\N	\N
94	f	1	nightmare	ff0000	49	\N	1247	f	t	t	f	0	0	0	0	0	0	\N	\N
98	f	1	orion	ff0000	51	\N	1271	f	t	f	f	0	0	0	0	0	0	\N	\N
99	t	2	oltin	00ffff	51	AI_EASY	1266	f	t	f	f	0	0	0	0	0	0	\N	\N
101	t	3	orion	ff0000	52	AI_MEDIUM	1280	f	f	f	f	0	0	0	0	0	0	\N	\N
100	f	1	trodan	00ffff	52	\N	1278	f	t	t	f	0	0	0	0	0	0	\N	\N
103	t	3	kuatoh	00ffff	53	AI_MEDIUM	1284	f	f	f	f	0	0	0	0	0	0	\N	\N
102	f	1	trodan	ff0000	53	\N	1283	f	t	f	f	0	0	0	0	0	0	\N	\N
105	t	2	kopaytirish	ff0000	54	AI_EASY	1301	f	f	f	f	0	0	0	0	0	0	\N	\N
104	f	1	oltin	00ffff	54	\N	1290	f	t	f	f	0	0	0	0	0	0	\N	\N
107	t	2	kuatoh	00ffff	55	AI_EASY	1312	f	f	f	f	0	0	0	0	0	0	\N	\N
106	f	1	oltin	ff0000	55	\N	1311	f	t	f	f	0	0	0	0	0	0	\N	\N
108	f	1	orion	ff0000	56	\N	1332	f	t	t	f	0	0	0	0	0	0	\N	\N
109	f	1	orion	ff0000	57	\N	1345	f	t	t	f	0	0	0	0	0	0	\N	\N
110	f	1	orion	ff0000	58	\N	1356	f	f	t	f	0	0	0	0	0	0	\N	\N
111	f	1	orion	ff0000	59	\N	1362	f	f	t	f	0	0	0	0	0	0	\N	\N
113	t	4	kuatoh	00ffff	60	AI_HARD	1373	f	f	f	f	0	0	0	0	0	0	\N	\N
112	f	1	trodan	ff0000	60	\N	1374	f	t	t	f	0	0	0	0	0	0	\N	\N
115	t	2	silverstarag	00ffff	61	AI_EASY	1378	f	f	f	f	0	0	0	0	0	0	\N	\N
114	f	1	trodan	ff0000	61	\N	1375	f	t	t	f	0	0	0	0	0	0	\N	\N
117	t	2	orion	00ffff	62	AI_EASY	\N	f	f	f	t	0	0	0	0	0	0	\N	\N
116	f	1	oltin	ff0000	62	\N	1390	f	f	f	f	0	0	0	0	0	0	\N	\N
118	f	1	nightmare	ff0000	63	\N	1394	f	t	f	f	0	0	0	0	0	0	\N	\N
120	t	2	oltin	ff0000	64	AI_EASY	1407	f	f	f	f	0	0	0	0	0	0	\N	\N
119	f	1	kopaytirish	00ffff	64	\N	1406	f	t	f	f	0	0	0	0	0	0	\N	\N
122	t	2	kuatoh	ff0000	65	AI_EASY	1416	f	f	f	f	0	0	0	0	0	0	\N	\N
121	f	1	trodan	00ffff	65	\N	1417	f	t	t	f	0	0	0	0	0	0	\N	\N
123	f	1	nightmare	ff0000	66	\N	1519	f	f	f	f	0	0	0	0	0	0	\N	\N
127	f	1	oltin	ff0000	67	\N	1695	f	t	f	f	0	0	0	0	0	0	\N	\N
128	f	7	silverstarag	00ffff	67	\N	1694	f	t	f	f	0	0	0	0	0	0	\N	\N
129	f	1	kopaytirish	ff0000	68	\N	1739	f	t	f	f	0	0	0	0	0	0	\N	\N
130	t	4	kuatoh	00ff00	68	AI_HARD	1787	f	t	f	f	0	0	0	0	0	0	\N	\N
131	t	4	nightmare	6dde70	68	AI_HARD	1803	f	t	f	f	0	0	0	0	0	0	\N	\N
132	f	1	kuatoh	\N	69	\N	\N	f	f	f	f	0	0	0	0	0	0	\N	\N
133	f	4	kopaytirish	\N	69	AI_HARD	\N	f	f	f	f	0	0	0	0	0	0	\N	\N
134	f	1	oltin	00ff00	70	\N	1884	f	t	f	f	0	0	0	0	0	0	\N	\N
136	t	2	orion	ff8100	71	AI_EASY	\N	f	f	f	t	0	0	0	0	0	0	\N	\N
135	f	1	nightmare	00ff00	71	\N	1896	f	t	f	f	0	0	0	0	0	0	\N	\N
126	f	7	trodan	00ffff	66	\N	1480	f	f	f	f	0	0	0	0	0	0	\N	\N
137	f	1	kopaytirish	00ff00	72	\N	1900	f	f	f	f	0	0	0	0	0	0	\N	\N
138	f	2	nightmare	00ff00	73	AI_EASY	1917	f	t	t	f	0	0	0	0	0	0	\N	\N
139	f	2	nightmare	00ff00	74	AI_EASY	1924	f	t	f	f	0	0	0	0	0	0	\N	\N
140	f	2	nightmare	00ff00	75	AI_EASY	1933	f	t	f	f	0	0	0	0	0	0	\N	\N
142	f	7	trodan	ff8100	76	\N	1939	f	t	t	f	0	0	0	0	0	0	\N	\N
141	f	1	orion	00ff00	76	\N	1936	f	t	f	f	0	0	0	0	0	0	\N	\N
144	t	4	silverstarag	ff8100	77	AI_HARD	1942	f	f	f	f	0	0	0	0	0	0	\N	\N
143	f	1	nightmare	00ff00	77	\N	1944	f	t	f	f	0	0	0	0	0	0	\N	\N
145	f	1	nightmare	00ff00	78	\N	1954	f	t	t	f	0	0	0	0	0	0	\N	\N
146	f	1	vantu	00ff00	79	\N	1964	f	t	t	f	0	0	0	0	0	0	\N	\N
147	f	1	silverstarag	00ff00	80	\N	1968	f	t	f	f	0	0	0	0	0	0	\N	\N
148	f	1	kuatoh	00ff00	81	\N	1976	f	f	f	f	0	0	0	0	0	0	\N	\N
149	f	1	nightmare	00ff00	82	\N	1989	f	f	f	f	0	0	0	0	0	0	\N	\N
150	f	1	oltin	00ff00	83	\N	1998	f	t	f	f	0	0	0	0	0	0	\N	\N
152	f	1	orion	00ff00	85	\N	2015	f	f	f	f	0	0	0	0	0	0	\N	\N
153	f	1	oltin	00ff00	86	\N	2018	f	t	t	f	0	0	0	0	0	0	\N	\N
151	f	1	orion	00ff00	84	\N	2007	f	t	t	f	0	0	0	0	0	0	\N	\N
154	f	1	nightmare	00ff00	87	\N	2025	f	t	t	f	0	0	0	0	0	0	\N	\N
155	t	7	oltin	ff8100	87	\N	2030	f	t	t	f	0	0	0	0	0	0	\N	\N
156	f	1	kopaytirish	00ff00	88	\N	2043	f	f	f	f	0	0	0	0	0	0	\N	\N
157	f	1	\N	\N	89	\N	\N	f	f	f	f	0	0	0	0	0	0	\N	\N
158	f	1	kopaytirish	00ff00	90	\N	2050	f	f	f	f	0	0	0	0	0	0	\N	\N
159	f	1	vantu	00ff00	91	\N	2056	f	t	t	f	0	0	0	0	0	0	\N	\N
160	f	1	trodan	00ff00	92	\N	2063	f	t	t	f	0	0	0	0	0	0	\N	\N
161	f	1	trodan	00ff00	93	\N	2072	f	t	f	f	0	0	0	0	0	0	\N	\N
162	f	1	silverstarag	00ff00	94	\N	2080	f	t	f	f	0	0	0	0	0	0	\N	\N
163	f	7	kuatoh	ff8100	94	\N	2083	f	t	t	f	0	0	0	0	0	0	\N	\N
164	f	7	nightmare	\N	95	\N	\N	f	f	f	f	0	0	0	0	0	0	\N	\N
165	f	1	kopaytirish	00ff00	96	\N	2095	f	t	f	f	0	0	0	0	0	0	\N	\N
166	t	2	nightmare	ff8100	96	AI_EASY	2089	f	t	f	f	0	0	0	0	0	0	\N	\N
167	f	1	kopaytirish	00ff00	97	\N	2102	f	t	f	f	0	0	0	0	0	0	\N	\N
168	t	4	nightmare	ff8100	97	AI_HARD	2101	f	t	f	f	0	0	0	0	0	0	\N	\N
169	f	1	oltin	\N	98	\N	\N	f	f	f	f	0	0	0	0	0	0	\N	\N
170	f	1	oltin	\N	99	\N	\N	f	f	f	f	0	0	0	0	0	0	\N	\N
175	t	2	orion	00ffff	101	AI_EASY	\N	f	f	f	t	0	0	0	0	0	0	\N	\N
174	t	4	trodan	ff8100	101	AI_HARD	2114	f	f	f	f	0	0	1	0	0	0	\N	\N
173	f	1	kuatoh	00ff00	101	\N	2119	f	t	f	f	0	0	0	0	0	0	1	\N
172	t	4	kopaytirish	ff8100	100	AI_HARD	2106	t	f	f	f	0	0	1	0	0	0	\N	\N
171	f	1	nightmare	00ff00	100	\N	2111	t	t	f	f	0	0	0	0	0	0	1	\N
176	f	1	kopaytirish	\N	102	\N	\N	f	f	f	f	0	0	0	0	0	0	\N	1
177	f	2	kuatoh	\N	102	AI_EASY	\N	f	f	f	f	0	0	0	0	0	0	\N	1
178	f	3	nightmare	\N	102	AI_MEDIUM	\N	f	f	f	f	0	0	0	0	0	0	\N	2
179	f	4	oltin	\N	102	AI_HARD	\N	f	f	f	f	0	0	0	0	0	0	\N	2
180	f	1	kuatoh	\N	103	\N	\N	f	f	f	f	0	0	0	0	0	0	\N	\N
181	f	2	nightmare	\N	103	AI_EASY	\N	f	f	f	f	0	0	0	0	0	0	\N	\N
182	f	3	orion	\N	103	AI_MEDIUM	\N	f	f	f	f	0	0	0	0	0	0	\N	\N
183	f	1	\N	\N	104	\N	\N	f	f	f	f	0	0	0	0	0	0	\N	\N
184	f	1	\N	\N	105	\N	\N	f	f	f	f	0	0	0	0	0	0	\N	3
185	f	1	nightmare	00ff00	106	\N	2129	f	t	f	f	0	0	0	0	0	0	\N	\N
186	t	4	orion	ff8100	106	AI_HARD	2122	f	t	f	f	0	0	0	0	0	0	\N	\N
187	f	1	silverstarag	00ff00	107	\N	2133	f	t	f	f	0	0	0	0	0	0	\N	\N
188	t	4	trodan	ff8100	107	AI_HARD	2135	f	t	f	f	0	0	0	0	0	0	\N	\N
189	f	1	nightmare	00ff00	108	\N	2144	f	t	t	f	0	0	0	0	0	0	5	\N
190	t	4	silverstarag	ff8100	108	AI_HARD	2142	f	f	f	f	0	2	0	0	0	0	\N	\N
192	t	2	silverstarag	ff8100	109	AI_EASY	2149	f	f	f	f	0	1	0	0	0	0	\N	\N
191	f	1	kopaytirish	00ff00	109	\N	2153	f	t	t	f	1	1	0	0	0	0	3	\N
193	f	1	kopaytirish	00ff00	110	\N	2159	f	t	f	f	0	0	0	0	0	0	7	\N
194	t	2	oltin	ff8100	110	AI_EASY	2158	f	f	f	f	1	1	1	0	0	0	\N	\N
196	t	2	kuatoh	00ff00	111	AI_EASY	2172	f	f	f	f	0	0	1	0	0	0	\N	4
197	t	3	nightmare	00ffff	111	AI_MEDIUM	2164	f	f	f	f	0	0	1	0	0	0	\N	5
195	f	1	kopaytirish	ff8100	111	\N	2163	f	t	t	f	0	0	0	0	0	0	2	4
\.


--
-- Data for Name: player_death_foe; Type: TABLE DATA; Schema: public; Owner: skrupeladmin
--

COPY public.player_death_foe (id, player_id, death_foe_id) FROM stdin;
1	129	130
2	130	131
3	131	129
\.


--
-- Data for Name: player_encounter; Type: TABLE DATA; Schema: public; Owner: skrupeladmin
--

COPY public.player_encounter (id, player1_id, player2_id) FROM stdin;
\.


--
-- Data for Name: player_message; Type: TABLE DATA; Schema: public; Owner: skrupeladmin
--

COPY public.player_message (id, to_id, from_id, date, subject, message, read) FROM stdin;
\.


--
-- Data for Name: player_planet_scan_log; Type: TABLE DATA; Schema: public; Owner: skrupeladmin
--

COPY public.player_planet_scan_log (id, player_id, planet_id, last_player_color, had_starbase, last_scan_round, scanned_temperature, scanned_natives_count, scanned_native_species_id, scanned_colonists, scanned_mines, scanned_factories, scanned_planetary_defense, scanned_untapped_fuel, scanned_untapped_mineral1, scanned_untapped_mineral2, scanned_untapped_mineral3, scanned_fuel, scanned_mineral1, scanned_mineral2, scanned_mineral3, scanned_light_ground_units, scanned_heavy_ground_units) FROM stdin;
1	2	7	ff0000	t	0	0	0	\N	0	0	0	0	0	0	0	0	0	0	0	0	0	0
7	2	6	00ffff	t	0	0	0	\N	0	0	0	0	0	0	0	0	0	0	0	0	0	0
10	1	7	ff0000	t	0	0	0	\N	0	0	0	0	0	0	0	0	0	0	0	0	0	0
16	1	6	00ffff	t	0	0	0	\N	0	0	0	0	0	0	0	0	0	0	0	0	0	0
25	3	10	\N	f	0	0	0	\N	0	0	0	0	0	0	0	0	0	0	0	0	0	0
44	5	196	ff0000	t	0	0	0	\N	0	0	0	0	0	0	0	0	0	0	0	0	0	0
83	8	376	80ff00	t	0	0	0	\N	0	0	0	0	0	0	0	0	0	0	0	0	0	0
81	8	324	80ff00	f	0	0	0	\N	0	0	0	0	0	0	0	0	0	0	0	0	0	0
76	8	209	80ff00	f	0	0	0	\N	0	0	0	0	0	0	0	0	0	0	0	0	0	0
73	8	318	80ff00	f	0	0	0	\N	0	0	0	0	0	0	0	0	0	0	0	0	0	0
236	7	376	80ff00	t	0	0	0	\N	0	0	0	0	0	0	0	0	0	0	0	0	0	0
240	7	202	ff0000	t	0	0	0	\N	0	0	0	0	0	0	0	0	0	0	0	0	0	0
215	7	324	80ff00	f	0	0	0	\N	0	0	0	0	0	0	0	0	0	0	0	0	0	0
244	7	209	80ff00	f	0	0	0	\N	0	0	0	0	0	0	0	0	0	0	0	0	0	0
312	8	202	ff0000	t	0	0	0	\N	0	0	0	0	0	0	0	0	0	0	0	0	0	0
315	8	211	00ffff	t	0	0	0	\N	0	0	0	0	0	0	0	0	0	0	0	0	0	0
377	9	376	80ff00	t	0	0	0	\N	0	0	0	0	0	0	0	0	0	0	0	0	0	0
382	9	211	00ffff	t	0	0	0	\N	0	0	0	0	0	0	0	0	0	0	0	0	0	0
122	7	211	00ffff	t	0	0	0	\N	0	0	0	0	0	0	0	0	0	0	0	0	0	0
164	9	202	ff0000	t	0	0	0	\N	0	0	0	0	0	0	0	0	0	0	0	0	0	0
354	9	318	80ff00	f	0	0	0	\N	0	0	0	0	0	0	0	0	0	0	0	0	0	0
357	9	324	80ff00	f	0	0	0	\N	0	0	0	0	0	0	0	0	0	0	0	0	0	0
213	7	318	80ff00	f	0	0	0	\N	0	0	0	0	0	0	0	0	0	0	0	0	0	0
381	9	209	80ff00	f	0	0	0	\N	0	0	0	0	0	0	0	0	0	0	0	0	0	0
564	17	599	ff0000	t	0	0	0	\N	0	0	0	0	0	0	0	0	0	0	0	0	0	0
597	17	580	ff0000	f	0	0	0	\N	0	0	0	0	0	0	0	0	0	0	0	0	0	0
648	20	753	ff0000	t	0	0	0	\N	0	0	0	0	0	0	0	0	0	0	0	0	0	0
686	21	753	\N	f	0	0	0	\N	0	0	0	0	0	0	0	0	0	0	0	0	0	0
703	19	822	ff0000	t	0	0	0	\N	0	0	0	0	0	0	0	0	0	0	0	0	0	0
730	22	822	\N	f	0	0	0	\N	0	0	0	0	0	0	0	0	0	0	0	0	0	0
748	23	856	ff0000	t	0	0	0	\N	0	0	0	0	0	0	0	0	0	0	0	0	0	0
801	25	867	ff0000	t	0	0	0	\N	0	0	0	0	0	0	0	0	0	0	0	0	0	0
819	26	867	\N	f	0	0	0	\N	0	0	0	0	0	0	0	0	0	0	0	0	0	0
837	27	935	ff0000	t	0	0	0	\N	0	0	0	0	0	0	0	0	0	0	0	0	0	0
893	28	935	\N	f	0	0	0	\N	0	0	0	0	0	0	0	0	0	0	0	0	0	0
910	29	981	ff0000	t	0	0	0	\N	0	0	0	0	0	0	0	0	0	0	0	0	0	0
957	30	981	\N	f	0	0	0	\N	0	0	0	0	0	0	0	0	0	0	0	0	0	0
961	31	990	ff0000	t	0	0	0	\N	0	0	0	0	0	0	0	0	0	0	0	0	0	0
969	31	992	ff0000	f	0	0	0	\N	0	0	0	0	0	0	0	0	0	0	0	0	0	0
962	31	999	ff0000	f	0	0	0	\N	0	0	0	0	0	0	0	0	0	0	0	0	0	0
971	32	1007	ff0000	t	0	0	0	\N	0	0	0	0	0	0	0	0	0	0	0	0	0	0
973	32	1006	ff0000	f	0	0	0	\N	0	0	0	0	0	0	0	0	0	0	0	0	0	0
980	33	1010	ff0000	t	0	0	0	\N	0	0	0	0	0	0	0	0	0	0	0	0	0	0
984	33	1016	ff0000	f	0	0	0	\N	0	0	0	0	0	0	0	0	0	0	0	0	0	0
999	34	1025	ff0000	t	0	0	0	\N	0	0	0	0	0	0	0	0	0	0	0	0	0	0
996	34	1020	ff0000	f	0	0	0	\N	0	0	0	0	0	0	0	0	0	0	0	0	0	0
1005	36	1036	\N	f	0	0	0	\N	0	0	0	0	0	0	0	0	0	0	0	0	0	0
1007	36	1029	\N	f	0	0	0	\N	0	0	0	0	0	0	0	0	0	0	0	0	0	0
1009	35	1032	\N	f	0	0	0	\N	0	0	0	0	0	0	0	0	0	0	0	0	0	0
1016	35	1029	\N	f	0	0	0	\N	0	0	0	0	0	0	0	0	0	0	0	0	0	0
1018	37	1032	\N	f	0	0	0	\N	0	0	0	0	0	0	0	0	0	0	0	0	0	0
1023	37	1036	\N	f	0	0	0	\N	0	0	0	0	0	0	0	0	0	0	0	0	0	0
1000	36	1032	00ff00	t	0	0	0	\N	0	0	0	0	0	0	0	0	0	0	0	0	0	0
1014	35	1036	0000ff	t	0	0	0	\N	0	0	0	0	0	0	0	0	0	0	0	0	0	0
1025	37	1029	ff0000	t	0	0	0	\N	0	0	0	0	0	0	0	0	0	0	0	0	0	0
1028	38	1041	\N	f	0	0	0	\N	0	0	0	0	0	0	0	0	0	0	0	0	0	0
1029	38	1039	\N	f	0	0	0	\N	0	0	0	0	0	0	0	0	0	0	0	0	0	0
1031	38	1046	\N	f	0	0	0	\N	0	0	0	0	0	0	0	0	0	0	0	0	0	0
1032	38	1044	\N	f	0	0	0	\N	0	0	0	0	0	0	0	0	0	0	0	0	0	0
1033	38	1043	\N	f	0	0	0	\N	0	0	0	0	0	0	0	0	0	0	0	0	0	0
1035	38	1040	\N	f	0	0	0	\N	0	0	0	0	0	0	0	0	0	0	0	0	0	0
1037	40	1045	\N	f	0	0	0	\N	0	0	0	0	0	0	0	0	0	0	0	0	0	0
1039	40	1039	\N	f	0	0	0	\N	0	0	0	0	0	0	0	0	0	0	0	0	0	0
1041	40	1046	\N	f	0	0	0	\N	0	0	0	0	0	0	0	0	0	0	0	0	0	0
1042	40	1044	\N	f	0	0	0	\N	0	0	0	0	0	0	0	0	0	0	0	0	0	0
1043	40	1043	\N	f	0	0	0	\N	0	0	0	0	0	0	0	0	0	0	0	0	0	0
1045	40	1040	\N	f	0	0	0	\N	0	0	0	0	0	0	0	0	0	0	0	0	0	0
1047	39	1045	\N	f	0	0	0	\N	0	0	0	0	0	0	0	0	0	0	0	0	0	0
1048	39	1041	\N	f	0	0	0	\N	0	0	0	0	0	0	0	0	0	0	0	0	0	0
1051	39	1046	\N	f	0	0	0	\N	0	0	0	0	0	0	0	0	0	0	0	0	0	0
1052	39	1044	\N	f	0	0	0	\N	0	0	0	0	0	0	0	0	0	0	0	0	0	0
1053	39	1043	\N	f	0	0	0	\N	0	0	0	0	0	0	0	0	0	0	0	0	0	0
1055	39	1040	\N	f	0	0	0	\N	0	0	0	0	0	0	0	0	0	0	0	0	0	0
1027	38	1045	0000ff	t	0	0	0	\N	0	0	0	0	0	0	0	0	0	0	0	0	0	0
1038	40	1041	ff0000	t	0	0	0	\N	0	0	0	0	0	0	0	0	0	0	0	0	0	0
1049	39	1039	00ff00	t	0	0	0	\N	0	0	0	0	0	0	0	0	0	0	0	0	0	0
1057	41	1050	ff0000	t	0	0	0	\N	0	0	0	0	0	0	0	0	0	0	0	0	0	0
1065	42	1063	ff0000	t	0	0	0	\N	0	0	0	0	0	0	0	0	0	0	0	0	0	0
1074	43	1071	ff0000	t	0	0	0	\N	0	0	0	0	0	0	0	0	0	0	0	0	0	0
1084	59	1078	\N	f	0	0	0	\N	0	0	0	0	0	0	0	0	0	0	0	0	0	0
1085	59	1075	\N	f	0	0	0	\N	0	0	0	0	0	0	0	0	0	0	0	0	0	0
1092	58	1078	\N	f	0	0	0	\N	0	0	0	0	0	0	0	0	0	0	0	0	0	0
1093	58	1075	\N	f	0	0	0	\N	0	0	0	0	0	0	0	0	0	0	0	0	0	0
1123	64	1100	\N	f	0	0	0	\N	0	0	0	0	0	0	0	0	0	0	0	0	0	0
1124	64	1099	\N	f	0	0	0	\N	0	0	0	0	0	0	0	0	0	0	0	0	0	0
1125	64	1095	\N	f	0	0	0	\N	0	0	0	0	0	0	0	0	0	0	0	0	0	0
1132	63	1100	\N	f	0	0	0	\N	0	0	0	0	0	0	0	0	0	0	0	0	0	0
1133	63	1099	\N	f	0	0	0	\N	0	0	0	0	0	0	0	0	0	0	0	0	0	0
1134	63	1095	\N	f	0	0	0	\N	0	0	0	0	0	0	0	0	0	0	0	0	0	0
1141	62	1100	\N	f	0	0	0	\N	0	0	0	0	0	0	0	0	0	0	0	0	0	0
1142	62	1099	\N	f	0	0	0	\N	0	0	0	0	0	0	0	0	0	0	0	0	0	0
1143	62	1095	\N	f	0	0	0	\N	0	0	0	0	0	0	0	0	0	0	0	0	0	0
1159	65	1111	\N	f	0	0	0	\N	0	0	0	0	0	0	0	0	0	0	0	0	0	0
1150	66	1111	00ffff	t	0	0	0	\N	0	0	0	0	0	0	0	0	0	0	0	0	0	0
1160	65	1106	ff0000	t	0	0	0	\N	0	0	0	0	0	0	0	0	0	0	0	0	0	0
1151	66	1106	ff0000	t	0	0	0	\N	0	0	0	0	0	0	0	0	0	0	0	0	0	0
1178	67	1121	\N	f	0	0	0	\N	0	0	0	0	0	0	0	0	0	0	0	0	0	0
1169	68	1121	ff0000	t	0	0	0	\N	0	0	0	0	0	0	0	0	0	0	0	0	0	0
1184	67	1114	00ffff	t	0	0	0	\N	0	0	0	0	0	0	0	0	0	0	0	0	0	0
1175	68	1114	00ffff	t	0	0	0	\N	0	0	0	0	0	0	0	0	0	0	0	0	0	0
1194	69	1124	\N	f	0	0	0	\N	0	0	0	0	0	0	0	0	0	0	0	0	0	0
1200	70	1127	\N	f	0	0	0	\N	0	0	0	0	0	0	0	0	0	0	0	0	0	0
1191	69	1127	ff0000	t	0	0	0	\N	0	0	0	0	0	0	0	0	0	0	0	0	0	0
1203	70	1124	00ffff	t	0	0	0	\N	0	0	0	0	0	0	0	0	0	0	0	0	0	0
1205	71	1131	\N	f	0	0	0	\N	0	0	0	0	0	0	0	0	0	0	0	0	0	0
1213	72	1138	\N	f	0	0	0	\N	0	0	0	0	0	0	0	0	0	0	0	0	0	0
1204	71	1138	ff0000	t	0	0	0	\N	0	0	0	0	0	0	0	0	0	0	0	0	0	0
1214	72	1131	00ffff	t	0	0	0	\N	0	0	0	0	0	0	0	0	0	0	0	0	0	0
1223	73	1140	\N	f	0	0	0	\N	0	0	0	0	0	0	0	0	0	0	0	0	0	0
1232	74	1146	\N	f	0	0	0	\N	0	0	0	0	0	0	0	0	0	0	0	0	0	0
1222	73	1146	ff0000	t	0	0	0	\N	0	0	0	0	0	0	0	0	0	0	0	0	0	0
1233	74	1140	00ffff	t	0	0	0	\N	0	0	0	0	0	0	0	0	0	0	0	0	0	0
1250	75	1150	ff0000	t	0	0	0	\N	0	0	0	0	0	0	0	0	0	0	0	0	0	0
1249	75	1158	ff0000	f	2	53	0	\N	0	0	0	0	2250	1115	2111	2754	0	0	0	0	0	0
1259	76	1161	ff0000	t	0	0	0	\N	0	0	0	0	0	0	0	0	0	0	0	0	0	0
1267	77	1174	\N	f	0	0	0	\N	0	0	0	0	0	0	0	0	0	0	0	0	0	0
1266	77	1173	ff0000	t	0	0	0	\N	0	0	0	0	0	0	0	0	0	0	0	0	0	0
1275	78	1174	00ffff	t	0	0	0	\N	0	0	0	0	0	0	0	0	0	0	0	0	0	0
1270	78	1170	00ffff	f	3	-3	0	\N	0	0	0	0	1064	4442	1578	4943	0	0	0	0	0	0
1274	78	1173	\N	f	10	35	0	\N	66535	225	125	0	1836	2104	1991	1875	0	0	0	0	0	0
1262	77	1170	00ffff	f	0	0	0	\N	0	0	0	0	0	0	0	0	0	0	0	0	0	0
1265	77	1175	00ffff	f	0	0	0	\N	0	0	0	0	0	0	0	0	0	0	0	0	0	0
1273	78	1175	00ffff	f	5	-34	0	\N	0	0	0	0	3311	2258	3476	4674	0	0	0	0	0	0
1284	80	1178	\N	f	0	0	0	\N	0	0	0	0	0	0	0	0	0	0	0	0	0	0
1281	80	1183	00ffff	f	3	20	0	\N	0	0	0	0	4556	4734	4426	1390	0	0	0	0	0	0
1286	79	1179	\N	f	0	0	0	\N	0	0	0	0	0	0	0	0	0	0	0	0	0	0
1290	79	1183	\N	f	0	0	0	\N	0	0	0	0	0	0	0	0	0	0	0	0	0	0
1292	79	1176	\N	f	0	0	0	\N	0	0	0	0	0	0	0	0	0	0	0	0	0	0
1283	80	1176	00ffff	t	0	0	0	\N	0	0	0	0	0	0	0	0	0	0	0	0	0	0
1293	79	1178	ff0000	t	0	0	0	\N	0	0	0	0	0	0	0	0	0	0	0	0	0	0
1277	80	1179	\N	f	5	50	0	\N	0	0	0	0	4747	1914	3546	1991	0	0	0	0	0	0
1304	81	1187	\N	f	0	0	0	\N	0	0	0	0	0	0	0	0	0	0	0	0	0	0
1308	81	1190	\N	f	0	0	0	\N	0	0	0	0	0	0	0	0	0	0	0	0	0	0
1300	82	1190	00ffff	t	0	0	0	\N	0	0	0	0	0	0	0	0	0	0	0	0	0	0
1309	81	1192	ff0000	t	0	0	0	\N	0	0	0	0	0	0	0	0	0	0	0	0	0	0
1301	82	1192	ff0000	t	0	0	0	\N	0	0	0	0	0	0	0	0	0	0	0	0	0	0
1296	82	1187	\N	f	3	-2	16121	10	0	0	0	0	2252	895	1962	2155	0	0	0	0	0	0
1319	83	1198	ff0000	t	0	0	0	\N	0	0	0	0	0	0	0	0	0	0	0	0	0	0
1327	84	1208	\N	f	0	0	0	\N	0	0	0	0	0	0	0	0	0	0	0	0	0	0
1334	85	1206	\N	f	0	0	0	\N	0	0	0	0	0	0	0	0	0	0	0	0	0	0
1326	84	1206	ff0000	t	0	0	0	\N	0	0	0	0	0	0	0	0	0	0	0	0	0	0
1335	85	1208	00ffff	t	0	0	0	\N	0	0	0	0	0	0	0	0	0	0	0	0	0	0
1342	87	1216	\N	f	0	0	0	\N	0	0	0	0	0	0	0	0	0	0	0	0	0	0
1348	86	1214	\N	f	0	0	0	\N	0	0	0	0	0	0	0	0	0	0	0	0	0	0
1341	87	1214	00ffff	t	0	0	0	\N	0	0	0	0	0	0	0	0	0	0	0	0	0	0
1349	86	1216	ff0000	t	0	0	0	\N	0	0	0	0	0	0	0	0	0	0	0	0	0	0
1351	89	1222	\N	f	0	0	0	\N	0	0	0	0	0	0	0	0	0	0	0	0	0	0
1350	89	1218	00ffff	t	0	0	0	\N	0	0	0	0	0	0	0	0	0	0	0	0	0	0
1360	88	1218	\N	f	0	0	0	\N	0	0	0	0	0	0	0	0	0	0	0	0	0	0
1361	88	1222	ff0000	t	0	0	0	\N	0	0	0	0	0	0	0	0	0	0	0	0	0	0
1378	91	1235	\N	f	0	0	0	\N	0	0	0	0	0	0	0	0	0	0	0	0	0	0
1386	90	1230	\N	f	0	0	0	\N	0	0	0	0	0	0	0	0	0	0	0	0	0	0
1377	91	1230	00ffff	t	0	0	0	\N	0	0	0	0	0	0	0	0	0	0	0	0	0	0
1387	90	1235	ff0000	t	0	0	0	\N	0	0	0	0	0	0	0	0	0	0	0	0	0	0
1395	92	1246	\N	f	0	0	0	\N	0	0	0	0	0	0	0	0	0	0	0	0	0	0
1397	92	1239	\N	f	0	0	0	\N	0	0	0	0	0	0	0	0	0	0	0	0	0	0
1404	93	1245	\N	f	0	0	0	\N	0	0	0	0	0	0	0	0	0	0	0	0	0	0
1406	93	1237	\N	f	0	0	0	\N	0	0	0	0	0	0	0	0	0	0	0	0	0	0
1396	92	1237	ff0000	t	0	0	0	\N	0	0	0	0	0	0	0	0	0	0	0	0	0	0
1407	93	1239	00ffff	t	0	0	0	\N	0	0	0	0	0	0	0	0	0	0	0	0	0	0
1414	94	1247	ff0000	t	0	0	0	\N	0	0	0	0	0	0	0	0	0	0	0	0	0	0
1423	95	1249	00ffff	t	0	0	0	\N	0	0	0	0	0	0	0	0	0	0	0	0	0	0
1394	92	1245	ff0000	f	2	31	9659	38	0	0	0	0	3901	3912	3688	3143	0	0	0	0	0	0
1405	93	1246	\N	f	3	53	0	\N	0	0	0	0	4725	4750	2876	1120	0	0	0	0	0	0
1411	94	1252	\N	f	0	0	0	\N	0	0	0	0	0	0	0	0	0	0	0	0	0	0
1415	94	1249	\N	f	0	0	0	\N	0	0	0	0	0	0	0	0	0	0	0	0	0	0
1422	95	1247	\N	f	0	0	0	\N	0	0	0	0	0	0	0	0	0	0	0	0	0	0
1419	95	1252	00ffff	f	3	-4	4873	22	0	0	0	0	4742	2047	888	2042	0	0	0	0	0	0
1421	95	1254	ff0000	f	4	36	0	\N	1093	0	0	0	3954	4345	1209	4458	0	0	0	0	0	0
1413	94	1254	ff0000	f	2	36	0	\N	0	0	0	0	3954	4345	1209	4458	0	0	0	0	0	0
1431	96	1255	\N	f	0	0	0	\N	0	0	0	0	0	0	0	0	0	0	0	0	0	0
1432	96	1257	\N	f	0	0	0	\N	0	0	0	0	0	0	0	0	0	0	0	0	0	0
1426	96	1256	ff0000	f	2	5	0	\N	0	0	0	0	3436	3755	1119	4144	0	0	0	0	0	0
1433	97	1260	\N	f	0	0	0	\N	0	0	0	0	0	0	0	0	0	0	0	0	0	0
1435	97	1256	\N	f	0	0	0	\N	0	0	0	0	0	0	0	0	0	0	0	0	0	0
1424	96	1260	ff0000	t	0	0	0	\N	0	0	0	0	0	0	0	0	0	0	0	0	0	0
1441	97	1257	00ffff	t	0	0	0	\N	0	0	0	0	0	0	0	0	0	0	0	0	0	0
1440	97	1255	\N	f	3	30	0	\N	0	0	0	0	2041	4331	4996	4939	0	0	0	0	0	0
1449	99	1266	\N	f	0	0	0	\N	0	0	0	0	0	0	0	0	0	0	0	0	0	0
1450	99	1271	\N	f	0	0	0	\N	0	0	0	0	0	0	0	0	0	0	0	0	0	0
1458	98	1266	\N	f	0	0	0	\N	0	0	0	0	0	0	0	0	0	0	0	0	0	0
1459	98	1271	\N	f	0	0	0	\N	0	0	0	0	0	0	0	0	0	0	0	0	0	0
1467	100	1280	\N	f	0	0	0	\N	0	0	0	0	0	0	0	0	0	0	0	0	0	0
1470	101	1278	\N	f	0	0	0	\N	0	0	0	0	0	0	0	0	0	0	0	0	0	0
1462	100	1278	00ffff	t	0	0	0	\N	0	0	0	0	0	0	0	0	0	0	0	0	0	0
1475	101	1280	ff0000	t	0	0	0	\N	0	0	0	0	0	0	0	0	0	0	0	0	0	0
1476	103	1284	00ffff	t	0	0	0	\N	0	0	0	0	0	0	0	0	0	0	0	0	0	0
1481	103	1283	ff0000	t	0	0	0	\N	0	0	0	0	0	0	0	0	0	0	0	0	0	0
1485	102	1284	00ffff	t	0	0	0	\N	0	0	0	0	0	0	0	0	0	0	0	0	0	0
1490	102	1283	ff0000	t	0	0	0	\N	0	0	0	0	0	0	0	0	0	0	0	0	0	0
1479	103	1288	\N	f	3	-34	0	\N	0	0	0	0	1211	4357	3270	3713	0	0	0	0	0	0
1488	102	1288	\N	f	3	-34	0	\N	0	0	0	0	1211	4357	3270	3713	0	0	0	0	0	0
1497	104	1290	00ffff	t	0	0	0	\N	0	0	0	0	0	0	0	0	0	0	0	0	0	0
1524	105	1301	ff0000	t	0	0	0	\N	0	0	0	0	0	0	0	0	0	0	0	0	0	0
1530	104	1294	\N	f	0	0	0	\N	0	0	0	0	0	0	0	0	0	0	0	0	0	0
1534	105	1290	\N	f	0	0	0	\N	0	0	0	0	0	0	0	0	0	0	0	0	0	0
1521	105	1294	ff0000	f	3	-6	0	\N	0	0	0	0	2795	2494	3107	999	0	0	0	0	0	0
1535	107	1312	00ffff	t	0	0	0	\N	0	0	0	0	0	0	0	0	0	0	0	0	0	0
1563	106	1311	ff0000	t	0	0	0	\N	0	0	0	0	0	0	0	0	0	0	0	0	0	0
1570	106	1330	\N	f	0	0	0	\N	0	0	0	0	0	0	0	0	0	0	0	0	0	0
1571	106	1312	\N	f	0	0	0	\N	0	0	0	0	0	0	0	0	0	0	0	0	0	0
1572	107	1311	\N	f	0	0	0	\N	0	0	0	0	0	0	0	0	0	0	0	0	0	0
1536	107	1330	00ffff	f	3	53	0	\N	0	0	0	0	2786	866	2944	1304	0	0	0	0	0	0
1578	108	1336	\N	f	2	-11	6682	9	0	0	0	0	2447	4865	861	4889	0	0	0	0	0	0
1573	108	1332	ff0000	t	0	0	0	\N	0	0	0	0	0	0	0	0	0	0	0	0	0	0
1589	109	1345	ff0000	t	0	0	0	\N	0	0	0	0	0	0	0	0	0	0	0	0	0	0
1586	109	1347	ff0000	f	2	7	5833	21	0	0	0	0	3398	4729	1635	1445	0	0	0	0	0	0
1592	110	1356	ff0000	t	0	0	0	\N	0	0	0	0	0	0	0	0	0	0	0	0	0	0
1593	110	1357	ff0000	f	2	7	0	\N	0	0	0	0	2657	3106	4163	3720	0	0	0	0	0	0
1602	111	1362	ff0000	t	0	0	0	\N	0	0	0	0	0	0	0	0	0	0	0	0	0	0
1600	111	1360	ff0000	f	2	20	2403	18	0	0	0	0	3143	1113	4191	2664	0	0	0	0	0	0
1608	112	1373	\N	f	0	0	0	\N	0	0	0	0	0	0	0	0	0	0	0	0	0	0
1611	112	1370	\N	f	0	0	0	\N	0	0	0	0	0	0	0	0	0	0	0	0	0	0
1613	112	1368	\N	f	0	0	0	\N	0	0	0	0	0	0	0	0	0	0	0	0	0	0
1620	113	1370	\N	f	0	0	0	\N	0	0	0	0	0	0	0	0	0	0	0	0	0	0
1607	112	1374	ff0000	t	0	0	0	\N	0	0	0	0	0	0	0	0	0	0	0	0	0	0
1617	113	1373	00ffff	t	0	0	0	\N	0	0	0	0	0	0	0	0	0	0	0	0	0	0
1616	113	1374	ff0000	t	0	0	0	\N	0	0	0	0	0	0	0	0	0	0	0	0	0	0
1622	113	1368	00ffff	f	2	-4	8131	38	0	0	0	0	4177	3335	4465	3404	0	0	0	0	0	0
1633	114	1378	\N	f	0	0	0	\N	0	0	0	0	0	0	0	0	0	0	0	0	0	0
1625	115	1378	00ffff	t	0	0	0	\N	0	0	0	0	0	0	0	0	0	0	0	0	0	0
1634	114	1375	ff0000	t	0	0	0	\N	0	0	0	0	0	0	0	0	0	0	0	0	0	0
1626	115	1375	ff0000	t	0	0	0	\N	0	0	0	0	0	0	0	0	0	0	0	0	0	0
1635	114	1382	00ffff	f	0	0	0	\N	0	0	0	0	0	0	0	0	0	0	0	0	0	0
1627	115	1382	00ffff	f	2	17	0	\N	0	0	0	0	4632	3721	4398	3402	0	0	0	0	0	0
1628	115	1381	\N	f	3	-10	0	\N	0	0	0	0	2053	2991	4892	2802	0	0	0	0	0	0
1636	114	1381	\N	f	3	-10	0	\N	0	0	0	0	2053	2991	4892	2802	0	0	0	0	0	0
1641	116	1390	ff0000	t	0	0	0	\N	0	0	0	0	0	0	0	0	0	0	0	0	0	0
1650	118	1394	ff0000	t	0	0	0	\N	0	0	0	0	0	0	0	0	0	0	0	0	0	0
1662	119	1406	00ffff	t	0	0	0	\N	0	0	0	0	0	0	0	0	0	0	0	0	0	0
1666	119	1407	ff0000	t	0	0	0	\N	0	0	0	0	0	0	0	0	0	0	0	0	0	0
1671	120	1406	00ffff	t	0	0	0	\N	0	0	0	0	0	0	0	0	0	0	0	0	0	0
1675	120	1407	ff0000	t	0	0	0	\N	0	0	0	0	0	0	0	0	0	0	0	0	0	0
1663	119	1403	ff0000	f	0	0	0	\N	0	0	0	0	0	0	0	0	0	0	0	0	0	0
1672	120	1403	ff0000	f	2	53	0	\N	0	0	0	0	4732	4883	3576	1300	0	0	0	0	0	0
1665	119	1408	ff0000	f	0	0	0	\N	0	0	0	0	0	0	0	0	0	0	0	0	0	0
1674	120	1408	ff0000	f	3	-3	0	\N	0	0	0	0	4178	1976	3167	1084	0	0	0	0	0	0
1673	120	1402	\N	f	4	-5	5164	11	0	0	0	0	3840	3176	2314	2388	0	0	0	0	0	0
1664	119	1402	ff0000	f	0	0	0	\N	0	0	0	0	0	0	0	0	0	0	0	0	0	0
1684	122	1416	ff0000	t	0	0	0	\N	0	0	0	0	0	0	0	0	0	0	0	0	0	0
1694	121	1416	ff0000	t	0	0	0	\N	0	0	0	0	0	0	0	0	0	0	0	0	0	0
1695	121	1417	00ffff	t	0	0	0	\N	0	0	0	0	0	0	0	0	0	0	0	0	0	0
1690	121	1413	ff0000	f	0	0	0	\N	0	0	0	0	0	0	0	0	0	0	0	0	0	0
1680	122	1413	ff0000	f	2	-2	0	\N	0	0	0	0	2064	4390	1202	4815	0	0	0	0	0	0
1685	122	1417	00ffff	t	4	17	0	\N	57621	5	5	5	2181	2045	1611	2185	0	0	0	0	0	0
1704	123	1519	ff0000	t	0	0	0	\N	0	0	0	0	0	0	0	0	0	0	0	0	0	0
1744	126	1480	00ffff	t	0	0	0	\N	0	0	0	0	0	0	0	0	0	0	0	0	0	0
1778	123	1685	\N	f	0	0	0	\N	0	0	0	0	0	0	0	0	0	0	0	0	0	0
1813	126	1685	\N	f	15	-35	0	\N	0	0	0	0	1942	4967	3276	3734	0	0	0	0	0	0
1837	128	1694	00ffff	t	0	0	0	\N	0	0	0	0	0	0	0	0	0	0	0	0	0	0
1846	127	1694	00ffff	t	0	0	0	\N	0	0	0	0	0	0	0	0	0	0	0	0	0	0
1847	127	1695	ff0000	t	0	0	0	\N	0	0	0	0	0	0	0	0	0	0	0	0	0	0
1838	128	1695	ff0000	t	14	21	0	\N	69830	5	5	5	2141	1640	1790	2282	0	0	0	0	0	0
1848	131	1803	\N	f	0	0	0	\N	0	0	0	0	0	0	0	0	0	0	0	0	0	0
1873	130	1787	\N	f	0	0	0	\N	0	0	0	0	0	0	0	0	0	0	0	0	0	0
1892	129	1739	\N	f	0	0	0	\N	0	0	0	0	0	0	0	0	0	0	0	0	0	0
1923	134	1884	\N	f	0	0	0	\N	0	0	0	0	0	0	0	0	0	0	0	0	0	0
1932	135	1896	00ff00	t	0	0	0	\N	0	0	0	0	0	0	0	0	0	0	0	0	0	0
1931	135	1899	00ff00	f	3	30	0	\N	0	0	0	0	815	2050	1335	2787	0	0	0	0	0	0
1926	135	1893	00ff00	f	5	44	12830	25	0	0	0	0	4109	3476	2673	4922	0	0	80	32	0	0
1942	137	1900	00ff00	t	0	0	0	\N	0	0	0	0	0	0	0	0	0	0	0	0	0	0
1951	138	1917	00ff00	t	0	0	0	\N	0	0	0	0	0	0	0	0	0	0	0	0	0	0
1959	139	1924	00ff00	t	0	0	0	\N	0	0	0	0	0	0	0	0	0	0	0	0	0	0
1968	140	1933	00ff00	t	0	0	0	\N	0	0	0	0	0	0	0	0	0	0	0	0	0	0
1970	141	1938	\N	f	0	0	0	\N	0	0	0	0	0	0	0	0	0	0	0	0	0	0
1972	141	1941	\N	f	0	0	0	\N	0	0	0	0	0	0	0	0	0	0	0	0	0	0
1973	141	1936	00ff00	t	0	0	0	\N	0	0	0	0	0	0	0	0	0	0	0	0	0	0
1974	141	1939	ff8100	t	0	0	0	\N	0	0	0	0	0	0	0	0	0	0	0	0	0	0
1979	142	1936	00ff00	t	0	0	0	\N	0	0	0	0	0	0	0	0	0	0	0	0	0	0
1980	142	1939	ff8100	t	0	0	0	\N	0	0	0	0	0	0	0	0	0	0	0	0	0	0
1978	142	1941	ff8100	f	2	-31	3620	38	0	0	0	0	3478	2948	2178	4937	25	49	66	69	0	0
1976	142	1938	\N	f	14	54	0	\N	0	0	0	0	2735	3893	2352	2861	3	2	9	20	0	0
1977	142	1940	\N	f	14	56	0	\N	0	0	0	0	1378	3511	1247	3626	68	209	81	53	0	0
1969	141	1937	ff8100	f	14	-35	0	\N	1000	10	10	0	2291	1163	2140	4169	176	107	113	83	0	0
1971	141	1940	\N	f	14	56	0	\N	0	0	0	0	1378	3511	1247	3626	68	209	81	53	0	0
1975	142	1937	\N	f	7	-35	0	\N	0	0	0	0	2301	1163	2140	4179	100	58	109	60	0	0
1989	144	1944	\N	f	0	0	0	\N	0	0	0	0	0	0	0	0	0	0	0	0	0	0
1997	143	1942	\N	f	0	0	0	\N	0	0	0	0	0	0	0	0	0	0	0	0	0	0
1988	144	1942	ff8100	t	0	0	0	\N	0	0	0	0	0	0	0	0	0	0	0	0	0	0
1998	143	1944	00ff00	t	0	0	0	\N	0	0	0	0	0	0	0	0	0	0	0	0	0	0
1987	144	1950	00ff00	f	0	0	0	\N	0	0	0	0	0	0	0	0	0	0	0	0	0	0
1996	143	1950	00ff00	f	2	-11	10627	5	0	0	0	0	3162	4821	4326	1282	93	47	4	26	0	0
1993	143	1947	ff8100	f	0	0	0	\N	0	0	0	0	0	0	0	0	0	0	0	0	0	0
1995	143	1949	ff8100	f	0	0	0	\N	0	0	0	0	0	0	0	0	0	0	0	0	0	0
1986	144	1949	ff8100	f	3	0	0	\N	0	0	0	0	3102	2557	916	1716	39	67	33	28	0	0
1984	144	1947	ff8100	f	3	14	0	\N	0	0	0	0	4847	3988	1883	963	56	26	13	17	0	0
2006	145	1954	00ff00	t	0	0	0	\N	0	0	0	0	0	0	0	0	0	0	0	0	0	0
2014	146	1964	00ff00	t	0	0	0	\N	0	0	0	0	0	0	0	0	0	0	0	0	0	0
2008	146	1960	00ff00	f	3	56	5078	40	0	0	0	0	3730	2175	3180	3217	0	38	60	18	0	0
2013	146	1966	00ff00	f	4	12	0	\N	0	0	0	0	1031	2765	4194	4120	0	0	0	0	0	0
2015	147	1968	00ff00	t	0	0	0	\N	0	0	0	0	0	0	0	0	0	0	0	0	0	0
2018	147	1973	\N	f	5	-1	15838	33	0	0	0	0	1712	4597	3045	4240	100	15	91	9	0	0
2024	148	1976	00ff00	t	0	0	0	\N	0	0	0	0	0	0	0	0	0	0	0	0	0	0
2035	149	1989	00ff00	t	0	0	0	\N	0	0	0	0	0	0	0	0	0	0	0	0	0	0
2044	150	1998	00ff00	t	0	0	0	\N	0	0	0	0	0	0	0	0	0	0	0	0	0	0
2052	151	2007	00ff00	t	0	0	0	\N	0	0	0	0	0	0	0	0	0	0	0	0	0	0
2063	152	2015	00ff00	t	0	0	0	\N	0	0	0	0	0	0	0	0	0	0	0	0	0	0
2066	153	2018	00ff00	t	0	0	0	\N	0	0	0	0	0	0	0	0	0	0	0	0	0	0
2054	151	2002	\N	f	10	-32	0	\N	0	0	0	0	3211	2735	1774	2822	106	213	177	261	0	0
2080	154	2030	ff8100	t	0	0	0	\N	0	0	0	0	0	0	0	0	0	0	0	0	0	0
2075	154	2025	00ff00	t	0	0	0	\N	0	0	0	0	0	0	0	0	0	0	0	0	0	0
2089	155	2030	ff8100	t	0	0	0	\N	0	0	0	0	0	0	0	0	0	0	0	0	0	0
2084	155	2025	00ff00	t	0	0	0	\N	0	0	0	0	0	0	0	0	0	0	0	0	0	0
2088	155	2033	ff8100	f	2	59	0	\N	0	0	0	0	2660	833	4653	4430	33	6	22	38	0	0
2079	154	2033	ff8100	f	3	59	0	\N	1000	0	0	0	2660	833	4653	4430	33	6	22	38	0	0
2099	156	2043	00ff00	t	0	0	0	\N	0	0	0	0	0	0	0	0	0	0	0	0	0	0
2105	158	2051	\N	f	7	40	0	\N	0	0	0	0	2145	3151	2812	3484	81	82	93	51	0	0
2101	158	2050	00ff00	t	0	0	0	\N	0	0	0	0	0	0	0	0	0	0	0	0	0	0
2106	158	2049	\N	f	7	17	0	\N	0	0	0	0	1000	2642	4156	4554	32	6	55	51	0	0
2114	159	2061	\N	f	9	51	0	\N	0	0	0	0	2367	3152	2502	1711	29	59	18	63	0	0
2113	159	2056	00ff00	t	0	0	0	\N	0	0	0	0	0	0	0	0	0	0	0	0	0	0
2128	160	2063	00ff00	t	0	0	0	\N	0	0	0	0	0	0	0	0	0	0	0	0	0	0
2127	160	2071	\N	f	4	19	0	\N	0	0	0	0	4369	4189	3845	2719	70	34	53	33	0	0
2136	161	2072	00ff00	t	0	0	0	\N	0	0	0	0	0	0	0	0	0	0	0	0	0	0
2137	161	2073	00ff00	f	0	0	0	\N	0	0	0	0	0	0	0	0	0	0	0	0	0	0
2146	163	2080	\N	f	0	0	0	\N	0	0	0	0	0	0	0	0	0	0	0	0	0	0
2139	162	2080	00ff00	t	0	0	0	\N	0	0	0	0	0	0	0	0	0	0	0	0	0	0
2151	163	2083	ff8100	t	0	0	0	\N	0	0	0	0	0	0	0	0	0	0	0	0	0	0
2144	162	2083	ff8100	t	0	0	0	\N	0	0	0	0	0	0	0	0	0	0	0	0	0	0
2149	163	2086	\N	f	3	-2	0	\N	0	0	0	0	1038	2180	3285	3811	54	59	28	64	0	0
2142	162	2086	\N	f	10	-2	0	\N	0	1	0	0	1038	2180	3284	3811	0	59	29	64	0	0
2152	166	2089	\N	f	0	0	0	\N	0	0	0	0	0	0	0	0	0	0	0	0	0	0
2160	166	2095	\N	f	0	0	0	\N	0	0	0	0	0	0	0	0	0	0	0	0	0	0
2161	165	2089	\N	f	0	0	0	\N	0	0	0	0	0	0	0	0	0	0	0	0	0	0
2169	165	2095	\N	f	0	0	0	\N	0	0	0	0	0	0	0	0	0	0	0	0	0	0
2170	168	2101	\N	f	0	0	0	\N	0	0	0	0	0	0	0	0	0	0	0	0	0	0
2177	168	2102	\N	f	0	0	0	\N	0	0	0	0	0	0	0	0	0	0	0	0	0	0
2178	167	2101	\N	f	0	0	0	\N	0	0	0	0	0	0	0	0	0	0	0	0	0	0
2185	167	2102	\N	f	0	0	0	\N	0	0	0	0	0	0	0	0	0	0	0	0	0	0
2189	171	2111	00ff00	t	0	0	0	\N	0	0	0	0	0	0	0	0	0	0	0	0	0	0
2190	171	2106	ff8100	t	0	0	0	\N	0	0	0	0	0	0	0	0	0	0	0	0	0	0
2198	172	2111	00ff00	t	0	0	0	\N	0	0	0	0	0	0	0	0	0	0	0	0	0	0
2199	172	2106	ff8100	t	0	0	0	\N	0	0	0	0	0	0	0	0	0	0	0	0	0	0
2206	174	2114	ff8100	t	0	0	0	\N	0	0	0	0	0	0	0	0	0	0	0	0	0	0
2207	174	2119	00ff00	t	0	0	0	\N	0	0	0	0	0	0	0	0	0	0	0	0	0	0
2214	173	2114	ff8100	t	0	0	0	\N	0	0	0	0	0	0	0	0	0	0	0	0	0	0
2215	173	2119	00ff00	t	0	0	0	\N	0	0	0	0	0	0	0	0	0	0	0	0	0	0
2222	185	2129	\N	f	0	0	0	\N	0	0	0	0	0	0	0	0	0	0	0	0	0	0
2227	185	2122	\N	f	0	0	0	\N	0	0	0	0	0	0	0	0	0	0	0	0	0	0
2231	186	2129	\N	f	0	0	0	\N	0	0	0	0	0	0	0	0	0	0	0	0	0	0
2236	186	2122	\N	f	0	0	0	\N	0	0	0	0	0	0	0	0	0	0	0	0	0	0
2242	188	2135	\N	f	0	0	0	\N	0	0	0	0	0	0	0	0	0	0	0	0	0	0
2246	188	2133	\N	f	0	0	0	\N	0	0	0	0	0	0	0	0	0	0	0	0	0	0
2250	187	2135	\N	f	0	0	0	\N	0	0	0	0	0	0	0	0	0	0	0	0	0	0
2254	187	2133	\N	f	0	0	0	\N	0	0	0	0	0	0	0	0	0	0	0	0	0	0
2262	189	2138	\N	f	0	0	0	\N	0	0	0	0	0	0	0	0	0	0	0	0	0	0
2264	190	2144	00ff00	t	0	0	0	\N	0	0	0	0	0	0	0	0	0	0	0	0	0	0
2261	189	2143	ff8100	f	0	0	0	\N	0	0	0	0	0	0	0	0	0	0	0	0	0	0
2258	189	2139	ff8100	f	0	0	0	\N	0	0	0	0	0	0	0	0	0	0	0	0	0	0
2260	189	2145	ff8100	f	0	0	0	\N	0	0	0	0	0	0	0	0	0	0	0	0	0	0
2256	189	2144	00ff00	t	0	0	0	\N	0	0	0	0	0	0	0	0	0	0	0	0	0	0
2271	190	2142	ff8100	t	0	0	0	\N	0	0	0	0	0	0	0	0	0	0	0	0	0	0
2269	190	2143	ff8100	f	3	62	9807	38	0	0	0	0	1689	1477	1235	4329	12	32	16	37	0	0
2263	189	2142	ff8100	t	0	0	0	\N	0	0	0	0	0	0	0	0	0	0	0	0	0	0
2266	190	2139	ff8100	f	4	45	0	\N	0	0	0	0	3976	2636	1439	2714	40	48	13	61	0	0
2268	190	2145	ff8100	f	4	-10	4692	39	0	0	0	0	1811	1295	4377	2032	70	12	50	45	0	0
2259	189	2140	\N	f	5	33	0	\N	0	0	0	0	2312	3185	1208	1390	20	21	6	4	0	0
2267	190	2140	\N	f	5	33	0	\N	0	0	0	0	2312	3185	1208	1390	20	21	6	4	0	0
2270	190	2138	\N	f	5	6	0	\N	0	0	0	0	3876	902	2389	1473	43	60	6	26	0	0
2272	192	2149	ff8100	t	0	0	0	\N	0	0	0	0	0	0	0	0	0	0	0	0	0	0
2285	191	2153	00ff00	t	0	0	0	\N	0	0	0	0	0	0	0	0	0	0	0	0	0	0
2280	191	2149	ff8100	t	0	0	0	\N	0	0	0	0	0	0	0	0	0	0	0	0	0	0
2277	192	2153	00ff00	t	0	0	0	\N	0	0	0	0	0	0	0	0	0	0	0	0	0	0
2284	191	2151	00ff00	f	2	15	0	\N	0	0	0	0	3391	4090	4649	2475	1233	21	12	68	0	0
2276	192	2151	00ff00	f	3	15	0	\N	2035	0	0	0	3391	4090	4649	2475	1233	21	12	68	0	0
2292	193	2161	\N	f	0	0	0	\N	0	0	0	0	0	0	0	0	0	0	0	0	0	0
2294	193	2158	\N	f	0	0	0	\N	0	0	0	0	0	0	0	0	0	0	0	0	0	0
2293	193	2159	00ff00	t	0	0	0	\N	0	0	0	0	0	0	0	0	0	0	0	0	0	0
2303	194	2158	ff8100	t	0	0	0	\N	0	0	0	0	0	0	0	0	0	0	0	0	0	0
2301	194	2161	ff8100	f	2	38	0	\N	0	0	0	0	3245	4321	4035	4320	36	39	81	90	0	0
2288	193	2162	ff8100	f	0	0	0	\N	0	0	0	0	0	0	0	0	0	0	0	0	0	0
2302	194	2159	00ff00	t	0	0	0	\N	0	0	0	0	0	0	0	0	0	0	0	0	0	0
2297	194	2162	ff8100	f	5	19	0	\N	0	0	0	0	871	4650	3836	1531	16	57	8	3	0	0
2290	193	2157	ff8100	f	0	0	0	\N	0	0	0	0	0	0	0	0	0	0	0	0	0	0
2299	194	2157	ff8100	f	6	-6	11657	5	0	0	0	0	1281	3830	4492	4399	1	50	72	96	0	0
2312	195	2166	\N	f	0	0	0	\N	0	0	0	0	0	0	0	0	0	0	0	0	0	0
2322	197	2166	\N	f	0	0	0	\N	0	0	0	0	0	0	0	0	0	0	0	0	0	0
2324	197	2172	\N	f	0	0	0	\N	0	0	0	0	0	0	0	0	0	0	0	0	0	0
2308	195	2163	ff8100	t	0	0	0	\N	0	0	0	0	0	0	0	0	0	0	0	0	0	0
2309	195	2164	00ffff	t	0	0	0	\N	0	0	0	0	0	0	0	0	0	0	0	0	0	0
2314	195	2172	00ff00	t	0	0	0	\N	0	0	0	0	0	0	0	0	0	0	0	0	0	0
2318	197	2163	ff8100	t	0	0	0	\N	0	0	0	0	0	0	0	0	0	0	0	0	0	0
2319	197	2164	00ffff	t	0	0	0	\N	0	0	0	0	0	0	0	0	0	0	0	0	0	0
2328	196	2163	ff8100	t	0	0	0	\N	0	0	0	0	0	0	0	0	0	0	0	0	0	0
2329	196	2164	00ffff	t	0	0	0	\N	0	0	0	0	0	0	0	0	0	0	0	0	0	0
2334	196	2172	00ff00	t	0	0	0	\N	0	0	0	0	0	0	0	0	0	0	0	0	0	0
2332	196	2166	\N	f	2	-3	0	\N	0	0	0	0	4521	2371	2298	2012	57	41	55	10	0	0
\.


--
-- Data for Name: player_relation; Type: TABLE DATA; Schema: public; Owner: skrupeladmin
--

COPY public.player_relation (id, player1_id, player2_id, type, rounds_left) FROM stdin;
1	9	8	ALLIANCE	-1
2	9	7	ALLIANCE	-1
3	8	9	ALLIANCE	-1
4	8	7	ALLIANCE	-1
5	7	9	ALLIANCE	-1
6	7	8	ALLIANCE	-1
8	35	37	TRADE_AGREEMENT	1
7	35	36	NON_AGGRESSION_TREATY	5
9	38	39	TRADE_AGREEMENT	-1
10	38	40	TRADE_AGREEMENT	-1
11	173	174	ALLIANCE	-1
12	196	195	ALLIANCE	-1
\.


--
-- Data for Name: player_relation_request; Type: TABLE DATA; Schema: public; Owner: skrupeladmin
--

COPY public.player_relation_request (id, requesting_player_id, other_player_id, type) FROM stdin;
1	165	166	TRADE_AGREEMENT
\.


--
-- Data for Name: player_round_stats; Type: TABLE DATA; Schema: public; Owner: skrupeladmin
--

COPY public.player_round_stats (id, player_id, round, colonists, money, supplies, fuel, mineral1, mineral2, mineral3, colonies, starbases, ships) FROM stdin;
1	116	1	55251	7500	5	68	63	59	58	1	1	0
2	117	1	0	0	0	0	0	0	0	0	0	0
3	117	2	0	0	0	0	0	0	0	0	0	0
4	116	2	56408	7547	0	69	63	59	59	1	1	0
5	117	3	0	0	0	0	0	0	0	0	0	0
6	116	3	57589	7554	0	70	63	59	60	1	1	0
7	117	4	0	0	0	0	0	0	0	0	0	0
8	116	4	58795	7461	12	71	63	59	61	1	1	0
10	116	5	60026	7571	183	72	63	59	62	1	1	0
9	117	5	0	0	0	0	0	0	0	0	0	0
11	118	1	52421	7500	5	54	69	65	52	1	1	0
12	118	2	53519	998866	1000006	1000001	999819	999947	999248	1	1	1
13	118	3	54640	998976	1000012	1000002	999800	999942	999211	1	1	2
14	118	4	55784	998482	1000018	1000003	999676	999851	998871	1	1	3
15	118	5	56952	997920	1000024	1000004	999558	999812	998415	1	1	4
16	118	6	58145	997731	1000030	1000005	999514	999804	998326	1	1	5
17	118	7	59363	997824	1000036	1000006	999493	999797	998286	1	1	6
18	118	8	60606	996747	1000042	1000007	999312	999744	997534	1	1	7
19	118	9	61875	997242	1000048	999985	999312	999744	997535	1	1	7
20	118	10	63171	997747	1000054	999986	999312	999744	997536	1	1	7
21	118	11	64494	995613	1000060	999987	998946	999521	996665	1	1	8
22	118	12	65845	994578	1000066	999988	998765	999468	995913	1	1	9
23	118	13	67224	995116	1000072	999970	998765	999468	995914	1	1	9
24	119	1	53197	7500	5	61	53	54	59	1	1	0
25	120	1	54221	7500	5	56	50	52	67	1	1	0
26	119	2	54311	996346	1000004	1000001	999351	999799	999346	1	1	1
27	120	2	55356	3554	12	57	28	19	25	1	1	1
28	119	3	55448	996546	1000008	1000002	999352	999799	999346	1	1	1
29	120	3	54890	3466	9	104	16	2	19	1	1	2
30	119	4	56609	996750	1000012	1000003	999353	999799	999346	1	1	1
31	120	4	55945	3435	6	162	75	32	92	2	1	2
32	119	5	57794	996958	1000016	1000004	999354	999799	999346	1	1	1
33	120	5	57031	3190	3	422	142	56	187	3	1	2
34	120	6	60476	2514	3	368	177	61	209	4	1	1
35	119	6	59004	997170	1000020	1000005	999355	999799	999346	1	1	1
36	122	1	53133	7500	5	59	64	56	58	1	1	0
37	121	1	53036	7500	5	63	66	66	67	1	1	0
38	122	2	54246	3899	7	61	47	33	12	1	1	1
39	121	2	54147	999642	1000005	1000000	999902	999946	999818	1	1	1
40	122	3	53756	4137	5	63	42	28	4	1	1	2
41	121	3	55281	1000106	1000010	1000000	999902	999946	999818	1	1	1
42	122	4	51793	4330	0	48	79	50	66	2	1	1
43	121	4	56439	1000580	1000015	999997	999902	999946	999818	1	1	1
44	122	5	52852	4711	0	48	80	51	66	2	1	1
45	121	5	57621	1001064	1000020	999993	999902	999946	999818	1	1	1
46	122	6	53933	5059	0	6	81	52	66	2	1	0
47	121	6	58828	1001558	1000025	999992	999902	999946	999818	1	1	1
48	123	1	52149	7500	5	52	55	58	64	1	1	0
49	126	1	53400	7500	5	64	65	60	63	1	1	0
50	123	2	53241	998972	1000006	1000001	999866	999939	999463	1	1	1
51	126	2	54518	999549	1000005	1000000	999899	999954	999714	1	1	1
52	123	3	54356	997253	1000012	1000002	999692	999858	998926	1	1	2
53	126	3	55660	1000017	1000010	1000000	999900	999954	999714	1	1	1
54	123	4	55494	996997	1000018	1000003	999653	999834	998926	1	1	2
55	126	4	56826	1000494	1000015	1000000	999901	999954	999714	1	1	1
56	123	5	56656	997450	1000024	1000004	999654	999830	998926	1	1	2
57	126	5	58016	1000981	1000020	1000000	999902	999954	999714	1	1	1
58	123	6	57842	997913	1000030	1000005	999655	999826	998926	1	1	2
59	126	6	59231	1001479	1000025	1000000	999903	999954	999714	1	1	1
60	123	7	59053	998385	1000036	1000006	999656	999822	998926	1	1	2
61	126	7	60471	1000382	1000030	1000000	999667	999839	998967	1	1	2
62	123	8	60290	998867	1000042	1000007	999657	999818	998926	1	1	2
63	126	8	61737	1000551	1000035	1000000	999648	999829	998967	1	1	2
64	123	9	61552	999359	1000048	1000008	999658	999814	998926	1	1	2
65	126	9	63030	1001080	1000040	1000000	999649	999829	998967	1	1	2
66	123	10	62841	999862	1000054	1000009	999659	999810	998926	1	1	2
67	126	10	64350	1001621	1000045	1000000	999650	999829	998967	1	1	2
68	123	11	64157	1000375	1000060	1000010	999660	999806	998926	1	1	2
69	126	11	65697	1002173	1000050	999996	999651	999829	998967	1	1	2
70	123	12	65500	1000899	1000066	1000011	999661	999806	998926	1	1	2
71	126	12	67073	1002736	1000055	999992	999652	999829	998967	1	1	2
72	123	13	66872	1001434	1000072	1000012	999662	999806	998926	1	1	2
73	126	13	68478	1003311	1000060	999987	999653	999829	998967	1	1	2
74	123	14	68272	1001980	1000078	1000013	999663	999806	998926	1	1	2
75	126	14	69912	1003898	1000065	999982	999654	999829	998967	1	1	2
76	123	15	69702	1002538	1000084	1000014	999664	999834	998926	1	1	2
77	126	15	71376	1004498	1000070	999978	999655	999829	998967	1	1	2
78	126	16	72871	1005110	1000075	999974	999656	999829	998967	1	1	2
79	123	16	71162	1003107	1000090	1000015	999665	999830	998926	1	1	2
80	127	1	52245	7500	5	52	51	56	60	1	1	0
81	128	1	54288	7500	5	64	52	69	58	1	1	0
82	127	2	53339	999076	1000007	1000000	999854	999940	999814	1	1	1
83	128	2	55425	998098	1000004	1000000	999690	999861	998960	1	1	1
84	128	3	56586	997591	1000008	999969	999630	999831	998960	1	1	1
85	127	3	54456	999176	1000014	999780	999682	999746	999636	1	1	1
86	127	4	55596	999278	1000021	999773	999682	999747	999636	1	1	1
87	128	4	57771	998146	1000012	999943	999630	999831	998960	1	1	1
88	127	5	56760	999382	1000028	999765	999682	999748	999636	1	1	1
89	128	5	58981	998712	1000016	999943	999630	999831	998960	1	1	1
90	128	6	60216	999290	1000020	999943	999630	999831	998960	1	1	1
91	127	6	57949	999489	1000035	999548	999510	999554	999458	1	1	1
92	127	7	59162	999598	1000042	999540	999510	999555	999458	1	1	1
93	128	7	61477	999880	1000024	999912	999630	999831	998960	1	1	1
94	128	8	62764	998049	1000028	999912	999320	999692	997920	1	1	2
95	127	8	60401	996237	1000049	999540	998878	999175	998258	1	1	2
96	128	9	64078	997614	1000032	999876	999260	999662	997920	1	1	2
97	127	9	61666	994600	1000056	999498	998778	999126	998258	1	1	2
98	127	10	62957	994716	1000063	999498	998778	999127	998258	1	1	2
99	128	10	65420	998242	1000036	999873	999260	999662	997920	1	1	2
106	128	14	71075	1000888	1000052	999698	999260	999662	997920	1	1	2
107	127	14	68398	995204	1000091	999304	998778	999131	998258	1	1	2
108	128	15	72563	1001585	1000056	999685	999260	999662	997920	1	1	2
109	127	15	69830	995332	1000098	999294	998778	999132	998258	1	1	2
100	128	11	66790	998883	1000040	999814	999260	999662	997920	1	1	2
101	127	11	64275	994834	1000070	999431	998778	999128	998258	1	1	2
102	127	12	65621	994955	1000077	999373	998778	999129	998258	1	1	2
103	128	12	68189	999538	1000044	999812	999260	999662	997920	1	1	2
104	128	13	69617	1000206	1000048	999765	999260	999662	997920	1	1	2
105	127	13	66995	995078	1000084	999373	998778	999130	998258	1	1	2
110	129	1	51118	7500	5	59	66	55	63	1	1	0
111	130	1	53321	7500	5	67	56	68	54	1	1	0
112	131	1	54887	7500	5	66	65	60	66	1	1	0
113	134	1	52196	7500	5	68	68	66	51	1	1	0
114	135	1	50973	7500	5	66	61	55	55	1	1	0
115	136	1	0	0	0	0	0	0	0	0	0	0
116	136	2	0	0	0	0	0	0	0	0	0	0
117	135	2	52040	3501	12	66	62	55	56	1	1	0
118	136	3	0	0	0	0	0	0	0	0	0	0
119	135	3	53130	3684	25	66	56	46	36	1	1	1
120	136	4	0	0	0	0	0	0	0	0	0	0
121	135	4	54201	3967	12	63	57	46	37	1	1	1
122	136	5	0	0	0	0	0	0	0	0	0	0
123	135	5	55309	2409	19	91	146	97	194	2	1	1
124	135	6	56440	2782	154	91	149	99	197	2	1	1
125	136	6	0	0	0	0	0	0	0	0	0	0
126	136	7	0	0	0	0	0	0	0	0	0	0
127	135	7	57607	2627	159	172	238	231	270	3	1	1
128	136	8	0	0	0	0	0	0	0	0	0	0
129	135	8	58799	3044	313	193	286	261	311	3	1	1
130	136	9	0	0	0	0	0	0	0	0	0	0
131	135	9	60016	2820	487	216	231	182	230	3	1	2
132	137	1	54901	7500	5	58	54	58	60	1	1	0
133	137	2	56051	4057	7	58	48	49	39	1	1	1
134	138	1	51562	7500	5	69	54	57	57	1	1	0
135	138	2	52642	998933	1000006	1000001	999808	999975	999842	1	1	1
136	138	3	53744	998423	1000012	1000002	999685	999884	999501	1	1	2
137	138	4	54869	997922	1000018	1000003	999562	999793	999160	1	1	3
138	139	1	53402	7500	5	52	56	56	66	1	1	0
139	139	2	54520	999496	1000006	1000001	999876	999910	999659	1	1	1
140	139	3	55662	999001	1000012	1000002	999752	999820	999318	1	1	2
141	139	4	56828	997968	1000018	1000003	999559	999796	999160	1	1	3
142	139	5	58018	993990	1000024	1000004	998668	999509	998220	1	1	4
143	140	1	51497	7500	5	51	67	68	56	1	1	0
144	140	2	52575	999481	1000006	1000001	999877	999909	999660	1	1	1
145	140	3	53676	998970	1000012	1000002	999754	999818	999320	1	1	2
146	140	4	54800	997920	1000018	1000003	999562	999793	999163	1	1	3
147	140	5	55948	993926	1000024	1000004	998672	999505	998224	1	1	4
148	140	6	57120	989919	1000030	1000005	998306	999319	997006	1	1	5
149	141	1	53987	7500	5	54	50	59	62	1	1	0
150	142	1	53621	7500	5	59	63	50	57	1	1	0
151	141	2	55117	999399	1000005	1000000	999884	999951	999661	1	1	1
152	142	2	54744	4079	5	60	57	41	36	1	1	1
153	141	3	56271	996759	1000010	999991	999446	999576	998511	1	1	2
154	142	3	55869	4309	10	58	51	32	15	1	1	2
155	142	4	57038	4683	14	73	130	111	76	2	1	3
156	141	4	57449	993746	1000015	999991	999103	999395	997892	1	1	3
157	142	5	58231	4911	18	296	529	327	253	2	1	4
158	141	5	58652	993046	1000020	999991	998979	999324	997521	1	1	4
159	142	6	59450	5143	27	292	523	318	232	2	1	5
160	141	6	59880	992109	1000025	999991	998786	999299	997363	1	1	5
161	141	7	61134	991877	1000030	999991	998667	999286	997285	1	1	6
162	142	7	60673	5286	18	286	517	309	211	2	1	6
163	141	8	62414	991501	1000035	999991	998580	999231	996952	1	1	7
164	142	8	61922	5652	25	294	540	334	252	2	1	6
165	142	9	63197	5861	35	370	599	444	312	3	1	6
166	141	9	63721	988979	1000040	999991	998008	999025	996349	1	1	8
167	142	10	64499	5658	35	408	658	451	309	3	1	7
168	141	10	65055	988646	1000045	999991	997940	998997	996162	1	1	9
169	142	11	65828	5781	116	455	708	480	316	3	1	8
170	141	11	66417	989257	1000050	999991	997940	998997	996162	1	1	9
171	142	12	67184	6114	248	560	777	520	335	3	1	9
172	141	12	67808	989554	1000055	999991	997921	998992	996124	1	1	10
173	141	13	69228	989809	1000060	999991	997900	998985	996083	1	1	11
174	142	13	68569	6451	378	618	842	559	350	3	1	10
175	142	14	69982	7031	509	703	924	638	401	3	1	10
176	141	14	70678	990004	1000065	999991	997847	998963	995927	1	1	12
177	141	15	72158	989788	1000070	999991	997783	998950	995712	1	1	13
178	142	15	71425	7400	642	762	989	677	417	3	1	11
179	143	1	54481	7500	5	60	52	58	59	1	1	0
180	144	1	54655	7500	5	56	60	61	66	1	1	0
181	144	2	55799	3961	8	56	46	43	24	1	1	1
182	143	2	55622	998957	1000012	1000001	999807	999975	999843	1	1	1
183	144	3	55342	4119	14	87	39	34	3	1	1	2
184	143	3	56745	999395	1000024	999994	999807	999975	999844	1	1	1
185	143	4	57891	999886	1000036	999996	999854	999979	999871	2	1	1
186	144	4	53281	4358	18	176	39	34	3	1	1	3
187	144	5	57140	4941	18	167	132	80	48	3	1	3
188	143	5	59061	1000317	1000038	999989	999854	999979	999872	2	1	1
189	145	1	54293	7500	5	58	65	57	63	1	1	0
190	145	2	55430	999365	1000006	1000000	999874	999917	999622	1	1	1
191	145	3	56591	995354	1000012	1000000	999507	999731	998404	1	1	2
192	145	4	57776	995366	1000018	1000000	999464	999724	998236	1	1	3
193	146	1	50528	7500	5	61	63	54	51	1	1	0
194	146	2	51410	4140	14	61	56	45	31	1	1	1
195	146	3	52272	4502	23	58	56	45	32	1	1	1
196	146	4	53149	4870	32	57	56	45	33	1	1	1
197	146	5	54059	5252	41	71	94	105	52	2	1	1
198	146	6	55002	5601	45	135	153	126	95	3	1	1
199	146	7	55962	5704	60	133	213	123	82	3	1	2
200	146	8	56938	5861	97	132	241	175	106	3	1	3
201	147	1	53936	7500	5	67	65	55	58	1	1	0
202	147	2	55065	1000032	1000004	1000000	999912	999959	999727	1	1	1
203	147	3	56218	999861	1000008	1000000	999820	999900	999439	1	1	2
204	147	4	57395	1000412	1000012	999993	999820	999900	999439	1	1	2
205	147	5	58597	1000043	1000016	999993	999750	999859	999088	1	1	3
206	147	6	59824	1000617	1000020	999989	999750	999859	999088	1	1	3
207	148	1	53004	7500	5	68	51	65	61	1	1	0
208	148	2	54114	7940	7	68	53	66	62	1	1	0
209	149	1	55733	7500	5	61	67	57	53	1	1	0
210	149	2	56900	999229	999812	1000038	1000027	1000037	1000032	1	1	0
211	150	1	53075	7500	5	50	56	53	61	1	1	0
212	150	2	54186	998399	999834	1000070	1000022	999997	999900	1	1	1
213	150	3	55321	997359	1000004	1000139	999941	999968	999420	1	1	2
214	150	4	56479	993571	1000174	1000208	999437	999615	998053	1	1	3
215	150	5	57662	992189	1000344	1000277	999312	999618	997948	1	1	4
216	150	6	58869	991503	1000514	1000346	999261	999633	997923	1	1	5
217	150	7	60102	988533	1000684	1000414	998951	999487	996906	1	1	6
218	151	1	55355	7500	5	52	58	57	64	1	1	0
219	151	2	56514	999726	1000011	1000001	999881	999988	999922	1	1	1
220	151	3	57697	998769	1000022	999994	999688	999964	999764	1	1	2
223	153	1	53848	7500	5	68	68	58	62	1	1	0
224	153	2	54976	999307	1000007	1000001	999881	999988	999923	1	1	1
225	153	3	56127	995518	1000014	999992	999309	999608	998504	1	1	2
226	153	4	57302	991181	1000021	999914	998418	999321	997165	1	1	3
227	153	5	58502	991289	1000028	999829	998418	999322	997166	1	1	3
228	153	6	59727	986935	1000035	999830	998051	999137	995948	1	1	4
229	153	7	60978	986665	1000042	999831	998030	999131	995908	1	1	5
221	151	4	58905	998517	1000033	999995	999569	999952	999686	1	1	3
222	151	5	59720	997814	1000044	999996	999392	999928	999556	1	1	4
230	151	4	58905	998727	1000033	999995	999577	999952	999700	1	1	3
231	151	5	60138	998044	1000044	999996	999479	999916	999309	1	1	4
232	151	6	61387	996812	1000055	999991	999236	999786	998690	1	1	5
233	151	7	62641	994216	1000066	999977	998798	999412	997540	1	1	6
234	151	8	63796	993494	1000077	999931	998674	999342	997169	1	1	7
235	151	9	64975	993312	1000088	999919	998582	999284	996881	1	1	8
236	151	10	65923	991078	999723	999633	997938	998839	996247	1	1	9
237	151	11	67125	991617	999734	999622	997938	998840	996247	1	1	9
238	154	1	51388	7500	5	60	55	50	55	1	1	0
239	155	1	54081	7500	5	60	58	63	51	1	1	0
240	154	2	52464	998190	1000006	1000000	999650	999778	999157	1	1	1
241	155	2	55213	3957	14	61	51	55	30	1	1	1
242	155	3	56348	4059	28	59	51	56	30	1	1	1
243	154	3	53437	998569	1000012	999969	999650	999779	999158	1	1	1
244	155	4	57507	4165	42	90	57	79	68	2	1	1
245	154	4	54430	998956	1000018	999953	999650	999780	999159	1	1	1
246	156	1	54918	7500	5	52	69	63	61	1	1	0
247	156	2	56068	999418	1000004	1000001	999889	999919	999856	1	1	1
248	156	3	57242	999624	1000008	999999	999889	999919	999856	1	1	1
249	156	4	58441	998542	1000012	1000000	999729	999832	999320	1	1	2
250	156	5	59665	994315	1000016	999994	998838	999544	998380	1	1	3
251	156	6	60914	994534	1000020	999968	998838	999544	998380	1	1	3
252	156	7	62190	993974	1000024	999969	998727	999463	998236	1	1	4
253	156	8	63492	994203	1000028	999961	998727	999463	998236	1	1	4
254	158	1	54366	7500	5	50	64	66	66	1	1	0
255	158	2	55504	999058	1000004	1000000	999851	999945	999466	1	1	1
256	158	3	56666	996836	1000008	999995	999555	999779	998732	1	1	2
257	158	4	57853	994668	1000012	999983	999375	999703	998117	1	1	3
258	158	5	59064	994881	1000016	999967	999376	999704	998117	1	1	3
259	158	6	60301	991248	1000020	999965	998727	999504	997463	1	1	4
260	158	7	61564	990178	1000024	999920	998568	999418	996927	1	1	5
261	158	8	62853	990404	1000028	999905	998569	999419	996927	1	1	5
262	159	1	51349	7500	5	60	57	58	66	1	1	0
263	159	2	52245	999504	1000009	1000001	999873	999970	999807	1	1	1
264	159	3	53157	999015	1000018	1000002	999746	999940	999614	1	1	2
265	159	4	54085	998015	1000027	1000003	999621	999900	999175	1	1	3
266	159	5	55029	997022	1000036	1000004	999496	999860	998736	1	1	4
267	159	6	55989	996036	1000045	1000005	999371	999820	998297	1	1	5
268	159	7	56966	995057	1000054	1000006	999246	999780	997858	1	1	6
269	159	8	57960	994085	1000063	1000007	999121	999740	997419	1	1	7
270	159	9	58971	993121	1000072	1000008	998996	999700	996980	1	1	8
271	159	10	60000	993553	1000081	999967	998997	999701	996981	1	1	8
272	160	1	53496	7500	5	68	58	65	69	1	1	0
273	160	2	54616	998465	1000005	1000001	999765	999875	999307	1	1	1
274	160	3	55760	996939	1000010	1000002	999530	999750	998614	1	1	2
275	160	4	56928	995423	1000015	1000003	999295	999625	997921	1	1	3
276	160	5	58120	993811	1000020	999953	999176	999566	997922	1	1	3
277	161	1	50750	7500	5	56	53	55	54	1	1	0
278	161	2	51813	997884	1000005	1000001	999628	999775	999143	1	1	1
279	161	3	52898	995777	1000010	1000002	999256	999550	998286	1	1	2
280	161	4	54006	994743	1000015	1000003	999063	999525	998129	1	1	3
281	161	5	55137	990742	1000020	1000004	998696	999339	996911	1	1	4
282	161	6	56292	989909	1000025	1000005	998475	999252	996369	1	1	5
283	161	7	57471	990217	1000030	999928	998465	999247	996370	1	1	5
284	161	8	58674	990710	1000035	999851	998465	999247	996371	1	1	5
285	161	9	59903	991213	1000040	999781	998465	999247	996372	1	1	5
286	161	10	61157	990548	1000045	999782	998239	999131	996051	1	1	6
287	161	11	62438	989893	1000050	999783	998013	999015	995730	1	1	7
288	161	12	127490	1980856	2000110	999780	1996034	1998094	1991463	2	1	7
289	162	1	51844	7500	5	57	58	51	51	1	1	0
290	163	1	52836	7500	5	59	69	50	51	1	1	0
291	163	2	53942	4232	8	59	60	38	29	1	1	1
292	162	2	52930	998074	1000004	1000000	999690	999861	998960	1	1	1
293	162	3	54017	997533	1000008	999964	999630	999831	998960	1	1	1
294	163	3	55051	4686	11	57	60	38	30	1	1	1
295	163	4	56183	5150	14	56	60	38	31	1	1	1
296	162	4	55127	998053	1000012	999964	999630	999831	998960	1	1	1
297	163	5	57343	5631	17	124	119	66	96	2	1	1
298	162	5	56260	998583	1000016	999964	999630	999831	998960	1	1	1
299	163	6	57989	6087	12	123	119	66	97	2	1	1
300	162	6	57417	999125	1000020	999942	999630	999831	998960	1	1	1
301	162	7	58598	999678	1000024	999942	999630	999831	998960	1	1	1
302	163	7	59086	6575	15	123	119	66	98	2	1	1
303	162	8	59804	1000243	1000028	999942	999630	999831	998960	1	1	1
304	163	8	60160	7081	19	123	119	67	99	2	1	1
305	162	9	61035	1000819	1000032	999942	999630	999831	998960	1	1	1
306	163	9	61281	7596	22	123	119	67	100	2	1	1
307	162	10	62292	1001407	1000036	999942	999630	999831	998960	1	1	1
308	163	10	62490	8121	24	123	119	67	101	2	1	1
309	162	11	63575	1002008	1000040	999996	999630	999831	998960	1	1	1
310	163	11	63799	8578	27	69	60	38	38	1	1	1
311	165	1	55157	7500	5	65	57	56	51	1	1	0
312	166	1	51850	7500	5	64	61	55	52	1	1	0
313	167	1	53847	7500	5	66	56	68	61	1	1	0
314	168	1	55624	7500	5	57	53	51	54	1	1	0
315	171	1	52436	7500	5	59	57	51	53	1	1	0
316	172	1	53549	7500	5	57	52	61	63	1	1	0
317	171	2	53534	7928	11	59	58	52	53	1	1	0
318	172	2	54670	3622	7	57	39	43	21	1	1	1
319	175	1	0	0	0	0	0	0	0	0	0	0
320	173	1	53484	7500	5	62	53	66	50	1	1	0
321	174	1	53271	7500	5	56	63	60	54	1	1	0
322	175	2	0	0	0	0	0	0	0	0	0	0
323	173	2	54604	7959	8	63	54	67	52	1	1	0
324	174	2	54386	3880	9	56	50	40	13	1	1	1
325	185	1	54930	7500	5	64	57	61	63	1	1	0
326	186	1	52716	7500	5	60	51	63	59	1	1	0
327	187	1	52150	7500	5	54	60	68	52	1	1	0
328	188	1	51827	7500	5	61	59	59	59	1	1	0
329	189	1	55111	7500	5	69	63	57	56	1	1	0
330	190	1	54485	7500	5	51	50	60	67	1	1	0
331	190	2	55626	3959	8	51	36	42	25	1	1	1
332	189	2	56265	997800	1000006	1000001	999635	999777	999129	1	1	1
333	190	3	56665	4215	16	48	29	33	4	1	1	2
334	189	3	57443	998260	1000012	1000002	999636	999777	999130	1	1	1
335	190	4	56100	4553	22	56	29	33	4	1	1	3
336	189	4	58646	998729	1000018	1000003	999637	999777	999131	1	1	1
337	190	5	55459	4826	18	158	61	49	41	2	1	3
338	189	5	59874	999208	1000024	1000004	999638	999777	999132	1	1	1
339	190	6	56362	5206	14	213	121	112	147	4	1	3
340	189	6	61128	999697	1000030	999970	999639	999777	999133	1	1	1
341	191	1	52311	7500	5	63	59	69	59	1	1	0
342	192	1	51961	7500	5	58	59	68	66	1	1	0
343	192	2	53049	3926	8	58	22	17	13	1	1	1
344	191	2	53406	998704	1000004	1000000	999807	999975	999842	1	1	1
345	192	3	52534	4263	6	95	22	18	13	1	1	2
346	191	3	54482	998893	1000008	999988	999807	999975	999842	1	1	1
347	192	4	53540	4692	6	89	22	19	13	1	1	2
348	191	4	55616	999093	1000012	1000033	999828	999987	999910	2	1	1
349	193	1	51367	7500	5	56	55	65	64	1	1	0
350	194	1	51341	7500	5	68	57	53	57	1	1	0
351	194	2	52416	3548	12	68	36	20	15	1	1	1
352	193	2	52443	997800	999686	1000019	1000027	999993	1000027	1	1	0
353	194	3	51888	3454	9	101	25	3	9	1	1	2
354	193	3	53541	997976	999770	1000038	1000054	1000036	1000054	1	1	0
355	194	4	54394	3517	9	45	65	84	100	2	1	2
356	193	4	54662	998173	999857	1000058	1000082	1000079	1000081	1	1	0
361	194	7	54564	1959	152	143	174	98	119	3	1	3
362	193	7	58169	998771	1000115	1000118	1000166	1000205	1000162	1	1	0
363	194	8	58016	1963	366	193	297	211	317	4	1	4
364	193	8	59387	998985	1000203	1000138	1000194	1000246	1000190	1	1	0
357	194	5	53921	3172	6	102	66	84	101	2	1	2
358	193	5	55807	998374	999944	1000078	1000110	1000121	1000108	1	1	0
359	194	6	53791	2389	3	120	79	107	111	3	1	2
360	193	6	56976	998579	1000031	1000098	1000138	1000163	1000135	1	1	0
365	196	1	53212	7500	5	50	58	57	52	1	1	0
366	195	1	53518	7500	5	69	55	69	62	1	1	0
367	197	1	51417	7500	5	67	68	69	54	1	1	0
368	196	2	54326	3899	7	50	41	34	8	1	1	1
369	197	2	52494	3845	12	67	55	51	12	1	1	1
370	195	2	54639	995733	1000004	1000001	999633	999814	998781	1	1	1
371	196	3	53838	4137	5	105	36	29	2	1	1	2
372	195	3	55783	995934	1000008	999986	999633	999814	998781	1	1	1
373	197	3	53468	4160	24	64	52	47	6	1	1	2
\.


--
-- Data for Name: player_starbase_scan_log; Type: TABLE DATA; Schema: public; Owner: skrupeladmin
--

COPY public.player_starbase_scan_log (id, player_id, starbase_id, last_scan_round) FROM stdin;
\.


--
-- Data for Name: player_worm_hole_visit; Type: TABLE DATA; Schema: public; Owner: skrupeladmin
--

COPY public.player_worm_hole_visit (id, player_id, worm_hole_id) FROM stdin;
1	127	2
2	128	1
\.


--
-- Data for Name: propulsion_system_template; Type: TABLE DATA; Schema: public; Owner: skrupeladmin
--

COPY public.propulsion_system_template (name, tech_level, warp_speed, cost_money, cost_mineral1, cost_mineral2, cost_mineral3) FROM stdin;
sun_sail	1	1	1	1	5	0
antigrav_engine	2	2	2	2	5	1
drugun_converter	3	3	2	2	3	5
linear_engine	4	4	10	3	3	7
tachion_flux	5	5	25	3	3	7
micro_grav	6	6	56	3	4	15
solarisplasmotan	7	7	165	3	5	15
psion_flow_net	9	8	212	13	3	28
transwarp	10	9	317	17	3	35
\.


--
-- Data for Name: ship; Type: TABLE DATA; Schema: public; Owner: skrupeladmin
--

COPY public.ship (id, name, x, y, player_id, planet_id, ship_template_id, propulsion_system_template_name, energy_weapon_template_name, projectile_weapon_template_name, aggressiveness, damage, shield, crew, fuel, colonists, money, mineral1, mineral2, mineral3, supplies, light_ground_units, heavy_ground_units, projectiles, experience, destination_x, destination_y, last_x, last_y, travel_speed, destination_ship_id, log, active_ability_id, task_type, task_value, cloaked, scan_radius, creation_x, creation_y, tactics, auto_build_projectiles, route_min_fuel, route_primary_resource, current_route_entry_id, route_travel_speed, hunter_training_months, pre_plasma_storm_travel_speed, ship_module, fleet_id, distance_travelled, route_disabled) FROM stdin;
1	Freighter	50	200	2	7	kuatoh_2	micro_grav	laser	\N	0	0	100	192	0	0	0	0	0	0	0	0	0	0	0	-1	-1	0	0	0	\N	\N	\N	NONE	\N	f	47	50	200	STANDARD	f	0	\N	\N	0	0	0	\N	\N	0	f
2	freighter3_7	161	145	1	6	nightmare_5	solarisplasmotan	\N	\N	0	0	100	6	0	0	0	0	0	0	0	0	0	0	0	-1	-1	0	0	0	\N	\N	\N	NONE	\N	f	47	161	145	STANDARD	f	0	\N	\N	0	0	0	\N	\N	0	f
19	freighter3_7	182	172	19	\N	orion_2	solarisplasmotan	\N	\N	0	0	100	6	40	0	0	0	0	0	0	0	0	0	0	188	164	155	213	7	\N	\N	\N	NONE	\N	f	47	129	255	STANDARD	f	0	\N	\N	0	0	0	\N	\N	98	f
20	Invader	51	399	22	\N	kopaytirish_9	micro_grav	phaser	\N	0	0	100	10	18	0	0	0	0	0	0	0	0	0	0	0	0	35	431	6	\N	\N	\N	PLANET_BOMBARDMENT	\N	f	47	0	0	STANDARD	f	0	\N	\N	0	0	0	\N	\N	108	f
32	Invader	301	200	28	\N	nightmare_10	micro_grav	phaser	\N	0	0	100	10	18	0	0	0	0	0	0	0	0	0	0	296	250	330	215	6	35	\N	\N	PLANET_BOMBARDMENT	\N	f	47	0	0	STANDARD	f	0	\N	\N	0	0	0	\N	\N	180	f
21	Invader	58	382	22	\N	nightmare_2	micro_grav	plasma_blaster	\N	0	0	100	352	30	0	0	0	0	0	0	0	0	0	0	0	0	41	414	6	\N	\N	\N	PLANET_BOMBARDMENT	\N	f	47	0	0	STANDARD	f	0	\N	\N	0	0	0	\N	\N	108	f
22	Invader	75	369	22	\N	orion_15	micro_grav	laser	photon_torpedos	0	0	100	190	30	0	0	0	0	0	0	0	0	10	0	0	0	60	402	6	\N	\N	\N	PLANET_BOMBARDMENT	\N	f	47	0	0	STANDARD	f	0	\N	\N	0	0	0	\N	\N	108	f
6	Scout	472	184	9	372	silverstarag_5	micro_grav	plasma_blaster	\N	0	0	100	10	25	0	0	0	0	0	0	0	0	0	0	500	270	487	192	6	\N	\N	\N	NONE	\N	f	47	716	719	STANDARD	f	0	\N	\N	0	0	0	\N	\N	161	f
34	Invader	268	166	28	\N	kopaytirish_18	micro_grav	plasma_blaster	\N	0	0	100	175	30	0	0	0	0	0	0	0	0	0	0	373	431	255	133	6	\N	\N	\N	PLANET_BOMBARDMENT	\N	f	47	0	0	STANDARD	f	0	\N	\N	0	0	0	\N	\N	180	f
33	Invader	287	178	28	\N	nightmare_14	micro_grav	plasma_blaster	\N	0	0	100	8	30	0	0	0	0	0	0	0	0	0	0	373	431	276	144	6	\N	\N	\N	PLANET_BOMBARDMENT	\N	f	47	0	0	STANDARD	f	0	\N	\N	0	0	0	\N	\N	180	f
31	Invader	337	250	28	\N	nightmare_10	micro_grav	laser	\N	0	0	100	6	16	0	0	0	0	0	0	0	0	0	0	296	250	330	215	6	35	\N	\N	PLANET_BOMBARDMENT	\N	f	47	0	0	STANDARD	f	0	\N	\N	0	0	0	\N	\N	180	f
4	Freighter	745	740	9	\N	silverstarag_4	micro_grav	\N	\N	0	0	100	6	0	6000	400	0	0	0	12	0	0	0	0	716	719	716	719	6	\N	\N	\N	NONE	\N	f	47	716	719	STANDARD	f	0	\N	\N	0	0	0	\N	\N	36	f
12	Invader	80	980	18	\N	silverstarag_2	micro_grav	plasma_blaster	\N	0	0	100	2	30	0	0	0	0	0	0	0	0	0	0	0	0	49	999	6	\N	\N	\N	PLANET_BOMBARDMENT	\N	f	47	0	0	STANDARD	f	0	\N	\N	0	0	0	\N	\N	36	f
14	Invader	103	921	18	\N	nightmare_2	micro_grav	phaser	\N	0	0	100	352	30	0	0	0	0	0	0	0	0	0	0	0	0	72	938	6	\N	\N	\N	PLANET_BOMBARDMENT	\N	f	47	0	0	STANDARD	f	0	\N	\N	0	0	0	\N	\N	36	f
23	Invader	46	61	24	\N	trodan_2	micro_grav	plasma_blaster	\N	0	0	100	4	18	0	0	0	0	0	0	0	0	0	0	272	298	22	35	6	\N	\N	\N	PLANET_BOMBARDMENT	\N	f	47	0	0	STANDARD	f	0	\N	\N	0	0	0	\N	\N	36	f
25	Invader	50	83	24	839	silverstarag_8	micro_grav	phaser	\N	0	0	100	258	30	0	0	0	0	0	0	0	0	0	0	272	298	12	59	6	\N	\N	\N	PLANET_BOMBARDMENT	\N	f	47	0	0	STANDARD	f	0	\N	\N	0	0	0	\N	\N	36	f
10	Invader	70	87	16	\N	nightmare_2	micro_grav	laser	\N	0	0	100	352	30	0	0	0	0	0	0	0	0	0	0	0	0	38	71	6	\N	\N	\N	PLANET_BOMBARDMENT	\N	f	47	0	0	STANDARD	f	0	\N	\N	0	0	0	\N	\N	36	f
9	Invader	42	25	16	\N	nightmare_3	micro_grav	laser	\N	0	0	100	175	30	0	0	0	0	0	0	0	0	0	0	0	0	12	7	6	\N	\N	\N	PLANET_BOMBARDMENT	\N	f	47	0	0	STANDARD	f	0	\N	\N	0	0	0	\N	\N	36	f
8	Invader	109	65	16	\N	nightmare_3	micro_grav	laser	\N	0	0	100	175	30	0	0	0	0	0	0	0	0	0	0	0	0	79	47	6	\N	\N	\N	PLANET_BOMBARDMENT	\N	f	47	0	0	STANDARD	f	0	\N	\N	0	0	0	\N	\N	36	f
26	Invader	64	97	24	\N	trodan_6	micro_grav	laser	\N	0	0	100	10	18	0	0	0	0	0	0	0	0	0	0	272	298	39	72	6	\N	\N	\N	PLANET_BOMBARDMENT	\N	f	47	0	0	STANDARD	f	0	\N	\N	0	0	0	\N	\N	36	f
24	Invader	32	101	24	\N	nightmare_6	micro_grav	plasma_blaster	\N	0	0	100	6	16	0	0	0	0	0	0	0	0	0	0	272	298	5	79	6	\N	\N	\N	PLANET_BOMBARDMENT	\N	f	47	0	0	STANDARD	f	0	\N	\N	0	0	0	\N	\N	36	f
7	Scout	261	740	8	376	oltin_2	tachion_flux	laser	\N	0	0	100	6	45	0	0	0	0	0	0	0	0	0	0	167	401	0	0	5	\N	\N	56	ACTIVE_ABILITY	\N	f	47	261	740	STANDARD	f	0	\N	\N	0	0	0	\N	\N	0	f
35	freighter3_7	296	304	27	\N	silverstarag_4	solarisplasmotan	\N	\N	0	0	100	6	15	0	0	0	0	0	0	0	0	0	0	337	250	327	343	7	31	\N	\N	NONE	\N	f	47	373	431	STANDARD	f	0	\N	\N	0	0	0	\N	\N	147	f
11	freighter3_7	735	629	17	\N	nightmare_5	solarisplasmotan	\N	\N	0	0	100	6	69	0	0	3	43	2	0	0	0	0	0	735	596	735	678	7	\N	\N	\N	NONE	\N	f	47	735	596	STANDARD	f	0	\N	\N	0	0	0	\N	\N	131	f
13	Invader	104	977	18	\N	oltin_3	micro_grav	laser	\N	0	0	100	86	30	0	0	0	0	0	0	0	0	0	0	0	0	74	996	6	\N	\N	\N	PLANET_BOMBARDMENT	\N	f	47	0	0	STANDARD	f	0	\N	\N	0	0	0	\N	\N	36	f
29	Invader	434	41	26	\N	silverstarag_14	micro_grav	laser	\N	0	0	100	10	18	0	0	0	0	0	0	0	0	0	0	450	334	433	6	6	\N	\N	\N	PLANET_BOMBARDMENT	\N	f	47	0	0	STANDARD	f	0	\N	\N	0	0	0	\N	\N	36	f
18	freighter3_7	230	240	20	\N	nightmare_5	solarisplasmotan	\N	\N	0	0	100	6	45	0	0	0	0	0	0	0	0	0	0	-1	-1	0	0	0	\N	\N	\N	NONE	\N	f	47	367	282	STANDARD	f	0	\N	\N	0	0	0	\N	\N	70.40093455903269	f
28	Invader	424	81	26	\N	orion_18	micro_grav	laser	\N	0	0	100	175	30	0	0	0	0	0	0	0	0	0	0	450	334	421	46	6	\N	\N	\N	PLANET_BOMBARDMENT	\N	f	47	0	0	STANDARD	f	0	\N	\N	0	0	0	\N	\N	36	f
15	Invader	205	174	21	\N	orion_7	micro_grav	\N	fusion_rockets	0	0	100	2	8	0	0	0	0	0	0	0	0	20	0	0	0	176	155	6	\N	\N	\N	PLANET_BOMBARDMENT	\N	f	47	0	0	STANDARD	f	0	\N	\N	0	0	0	\N	\N	216	f
17	Invader	241	173	21	\N	trodan_4	micro_grav	plasma_blaster	\N	0	0	100	55	30	0	0	0	0	0	0	0	0	0	0	0	0	214	150	6	\N	\N	\N	PLANET_BOMBARDMENT	\N	f	47	0	0	STANDARD	f	0	\N	\N	0	0	0	\N	\N	216	f
16	Invader	191	161	21	780	trodan_4	micro_grav	laser	\N	0	0	100	55	30	0	0	0	0	0	0	0	0	0	0	0	0	160	135	6	\N	\N	\N	PLANET_BOMBARDMENT	\N	f	47	0	0	STANDARD	f	0	\N	\N	0	0	0	\N	\N	216	f
36	Invader	50	429	30	973	orion_14	micro_grav	laser	\N	0	0	100	175	30	0	0	0	0	0	0	0	0	0	0	202	253	22	452	6	\N	\N	\N	PLANET_BOMBARDMENT	\N	f	47	0	0	STANDARD	f	0	\N	\N	0	0	0	\N	\N	36	f
38	Invader	89	400	30	\N	orion_14	micro_grav	laser	\N	0	0	100	10	18	0	0	0	0	0	0	0	0	0	0	202	253	68	429	6	\N	\N	\N	PLANET_BOMBARDMENT	\N	f	47	0	0	STANDARD	f	0	\N	\N	0	0	0	\N	\N	36	f
37	Invader	72	414	30	\N	orion_13	micro_grav	plasma_blaster	\N	0	0	100	6	30	0	0	0	0	0	0	0	0	0	0	202	253	50	443	6	\N	\N	\N	PLANET_BOMBARDMENT	\N	f	47	0	0	STANDARD	f	0	\N	\N	0	0	0	\N	\N	36	f
30	Invader	450	97	26	882	orion_11	micro_grav	plasma_blaster	\N	0	0	100	258	30	0	0	0	0	0	0	0	0	0	0	450	334	456	72	6	\N	\N	15	ACTIVE_ABILITY	000fff	f	47	0	0	STANDARD	f	0	\N	\N	0	0	0	\N	\N	36	f
39	Invader	84	442	30	\N	orion_13	micro_grav	laser	\N	0	0	100	6	16	0	0	0	0	0	0	0	0	0	0	202	253	65	473	6	\N	\N	\N	PLANET_BOMBARDMENT	\N	f	47	0	0	STANDARD	f	0	\N	\N	0	0	0	\N	\N	36	f
27	Invader	487	63	26	\N	orion_5	micro_grav	laser	\N	0	0	100	6	30	0	0	0	0	0	0	0	0	0	0	450	334	492	28	6	\N	\N	\N	PLANET_BOMBARDMENT	\N	f	47	0	0	STANDARD	f	0	\N	\N	0	0	0	\N	\N	36	f
40	freighter3_7	105	183	31	\N	kuatoh_1	solarisplasmotan	laser	\N	0	0	100	12	94	0	0	59	33	58	0	0	0	0	0	118	196	71	148	7	\N	\N	\N	NONE	\N	f	47	118	196	STANDARD	f	30	MINERAL3	1	7	0	0	\N	\N	166.1049731745428	f
43	freighter3_7	200	166	34	1025	trodan_5	solarisplasmotan	laser	\N	0	0	100	6	10	0	210	27	9	20	0	0	0	0	0	200	166	180	161	7	\N	\N	\N	NONE	\N	f	47	200	166	STANDARD	f	20	MINERAL3	10	7	0	0	\N	\N	138.0320159670359	f
41	freighter3_7	50	111	32	1007	nightmare_5	solarisplasmotan	\N	\N	0	0	100	6	0	0	0	0	0	0	0	0	0	0	0	52	50	52	50	7	\N	\N	\N	NONE	\N	f	47	50	111	STANDARD	f	40	MINERAL1	5	7	0	0	\N	\N	98	f
42	freighter3_7	142	99	33	1015	silverstarag_4	solarisplasmotan	\N	\N	0	0	100	6	22	0	0	61	42	55	0	0	0	0	0	164	156	111	50	7	\N	\N	\N	NONE	\N	f	47	164	156	STANDARD	f	20	MINERAL2	6	7	0	0	\N	\N	147	f
44	Freighter	50	75	36	\N	kuatoh_2	drugun_converter	laser	\N	0	0	100	192	8	6000	400	0	0	0	7	0	0	0	0	50	108	50	66	3	\N	\N	\N	NONE	\N	f	47	50	50	STANDARD	f	0	\N	\N	0	0	0	\N	\N	18	f
45	Freighter	50	200	39	1039	kuatoh_2	tachion_flux	laser	\N	0	0	100	192	20	6000	400	0	0	0	7	0	0	0	0	121	183	0	0	5	\N	\N	\N	NONE	\N	f	47	50	200	STANDARD	f	0	\N	\N	0	0	0	\N	\N	0	f
46	freighter1	184	89	41	\N	silverstarag_4	solarisplasmotan	\N	\N	0	0	100	6	0	0	0	0	0	0	0	0	0	0	0	-1	-1	0	0	0	\N	\N	\N	NONE	\N	f	47	200	65	STANDARD	f	0	\N	\N	0	0	0	\N	\N	0	f
50	freighter1	50	50	43	1071	silverstarag_4	solarisplasmotan	\N	\N	0	0	100	6	48	0	0	0	0	0	0	0	0	0	0	23	155	0	0	7	\N	\N	\N	TRACTOR_BEAM	51	f	47	50	50	STANDARD	f	0	\N	\N	0	0	0	\N	\N	0	f
48	freighter1	92	153	42	\N	oltin_6	solarisplasmotan	\N	\N	0	0	100	6	0	0	0	0	0	0	0	0	0	0	0	-1	-1	0	0	0	\N	\N	\N	NONE	\N	f	47	131	123	STANDARD	f	0	\N	\N	0	0	0	\N	\N	0	f
49	freighter2	93	153	42	\N	oltin_6	solarisplasmotan	\N	\N	0	0	100	6	29	0	0	0	0	0	0	0	0	0	0	60	178	131	123	7	\N	\N	\N	TRACTOR_BEAM	48	f	47	131	123	STANDARD	f	0	\N	\N	0	0	0	\N	\N	49	f
47	freighter2	184	89	41	\N	silverstarag_4	solarisplasmotan	\N	\N	0	0	100	6	30	0	0	0	0	0	0	0	0	0	0	170	115	200	65	7	\N	\N	\N	TRACTOR_BEAM	\N	f	47	200	65	STANDARD	f	0	\N	\N	0	0	0	\N	\N	28.844410203711913	f
53	freighter4	50	50	43	1071	silverstarag_4	solarisplasmotan	\N	\N	0	0	100	6	5	0	0	0	0	0	0	0	0	0	0	50	50	0	0	8	51	\N	\N	AUTOREFUEL	\N	f	47	50	50	STANDARD	f	0	\N	\N	8	0	0	\N	\N	0	f
51	freigher2	50	50	43	1071	silverstarag_4	solarisplasmotan	\N	\N	0	0	100	6	6	0	0	0	0	0	0	0	0	0	0	61	25	0	0	7	\N	\N	\N	NONE	\N	f	47	50	50	STANDARD	f	0	\N	\N	0	0	0	\N	\N	0	f
52	freighter3	50	50	43	1071	silverstarag_4	solarisplasmotan	\N	\N	0	0	100	6	116	0	0	0	0	0	0	0	0	0	0	182	100	0	0	8	\N	\N	\N	TRACTOR_BEAM	53	f	47	50	50	STANDARD	f	0	\N	\N	8	0	0	\N	\N	0	f
56	Scout	144	192	66	\N	orion_5	linear_engine	laser	\N	0	0	100	6	42	0	0	0	0	0	0	0	0	0	0	105	171	159	200	4	\N	\N	\N	NONE	\N	f	47	159	200	STANDARD	f	0	\N	\N	0	0	0	\N	\N	16	f
57	Freighter02	152	41	65	\N	orion_2	psion_flow_net	\N	\N	0	0	100	6	247	0	0	0	0	0	0	0	0	0	0	152	41	114	73	8	55	\N	\N	NONE	\N	f	47	114	73	STANDARD	f	0	\N	\N	0	0	0	\N	\N	49.678969393496885	f
54	Freighter	200	160	66	1104	orion_2	micro_grav	\N	\N	0	0	100	6	10	4500	300	0	0	0	8	0	0	0	0	200	105	184	174	6	\N	\N	\N	NONE	\N	f	47	159	200	STANDARD	f	0	\N	\N	0	0	0	\N	\N	57.2602916254693	f
58	Scout	159	200	66	1111	orion_5	solarisplasmotan	plasma_blaster	\N	0	0	100	6	1	0	0	0	0	0	0	0	0	0	0	-1	-1	0	0	0	\N	\N	\N	NONE	\N	f	47	159	200	STANDARD	f	0	\N	\N	0	0	0	\N	\N	0	f
55	Freighter01	152	41	66	\N	orion_2	psion_flow_net	\N	\N	0	0	100	6	0	0	0	0	0	0	0	0	0	0	0	-1	-1	0	0	0	\N	\N	\N	NONE	\N	f	47	114	73	STANDARD	f	0	\N	\N	0	0	0	\N	\N	49.678969393496885	f
59	Freighter	105	200	68	1117	nightmare_5	micro_grav	\N	\N	0	0	100	6	10	4500	300	0	0	0	9	0	0	0	0	76	151	86	200	6	\N	\N	\N	NONE	\N	f	47	50	200	STANDARD	f	0	\N	\N	0	0	0	\N	\N	55	f
62	Probe01	184	168	68	\N	oltin_2	psion_flow_net	laser	\N	0	0	100	6	1	0	0	0	0	0	0	0	0	0	0	184	168	200	124	8	60	\N	\N	NONE	\N	f	47	200	124	STANDARD	f	0	\N	\N	0	0	0	\N	\N	46.8187996428785	f
60	Destroyer01	184	168	67	\N	oltin_7	psion_flow_net	tryxoker	\N	0	0	100	165	156	0	0	0	0	0	0	0	0	0	0	-1	-1	0	0	0	\N	\N	\N	NONE	\N	f	47	200	124	STANDARD	f	0	\N	\N	0	0	0	\N	\N	46.8187996428785	f
61	Scout	76	151	68	1118	nightmare_1	solarisplasmotan	\N	\N	0	0	100	2	113	0	0	0	0	0	0	0	0	0	0	115	50	50	200	7	\N	\N	\N	NONE	\N	f	47	50	200	STANDARD	f	0	\N	\N	0	0	0	\N	\N	49	f
66	Scout	200	50	70	1124	kuatoh_1	solarisplasmotan	plasma_blaster	\N	0	0	100	12	51	0	0	0	0	0	0	0	0	0	0	148	230	0	0	7	64	\N	\N	NONE	\N	f	47	200	50	STANDARD	f	0	\N	\N	0	0	0	\N	\N	0	f
63	Freighter	156	106	70	1122	kuatoh_1	micro_grav	laser	\N	0	0	100	12	5	4500	300	0	0	0	5	0	0	0	0	97	145	177	78	6	\N	\N	\N	NONE	\N	f	47	200	50	STANDARD	f	0	\N	\N	0	0	0	\N	\N	71	f
64	Small01	148	230	70	\N	kuatoh_1	psion_flow_net	laser	\N	0	0	100	12	199	0	0	0	0	0	0	0	0	0	0	-1	-1	0	0	0	\N	\N	\N	NONE	\N	f	47	115	200	STANDARD	f	0	\N	\N	0	0	0	\N	\N	44.598206241955516	f
65	Big01	148	230	69	\N	kuatoh_2	psion_flow_net	tachion_beam	\N	0	0	100	192	1	0	0	0	0	0	0	0	0	0	0	148	230	115	200	8	64	\N	\N	CAPTURE_SHIP	\N	f	47	115	200	STANDARD	f	0	\N	\N	0	0	0	\N	\N	44.598206241955516	f
69	Scout	182	182	72	\N	oltin_2	tachion_flux	laser	\N	0	0	100	6	43	0	0	0	0	0	0	0	0	0	0	50	50	200	200	5	\N	\N	56	ACTIVE_ABILITY	\N	f	47	200	200	STANDARD	f	0	\N	\N	0	0	0	\N	\N	25	f
71	Scout	200	200	72	1131	oltin_2	linear_engine	laser	\N	0	0	100	6	1	0	0	0	0	0	0	0	0	0	0	-1	-1	0	0	0	\N	\N	\N	NONE	\N	f	47	200	200	STANDARD	f	0	\N	\N	0	0	0	\N	\N	0	f
67	Freighter	132	194	72	1135	oltin_6	micro_grav	\N	\N	0	0	100	6	10	4500	300	0	0	0	9	0	0	0	0	97	151	164	196	6	\N	\N	\N	NONE	\N	f	47	200	200	STANDARD	f	0	\N	\N	0	0	0	\N	\N	68.0624390837628	f
70	Small02	63	144	72	\N	kuatoh_2	psion_flow_net	tryxoker	\N	0	0	100	192	1	0	0	0	0	0	0	0	0	0	0	-1	-1	50	114	0	\N	\N	\N	NONE	\N	f	47	50	114	DEFENSIVE	f	0	\N	\N	0	0	0	\N	\N	32.69556544854363	f
68	Small01	63	144	71	\N	kuatoh_1	psion_flow_net	tryxoker	\N	0	0	100	12	199	0	0	0	0	0	0	0	0	0	0	63	144	0	0	8	68	\N	\N	NONE	\N	f	47	50	114	DEFENSIVE	f	0	\N	\N	0	0	0	\N	\N	32.69556544854363	f
74	Scout	66	200	74	\N	trodan_1	linear_engine	\N	\N	0	0	100	2	45	0	0	0	0	0	0	0	0	0	0	151	200	50	200	4	\N	\N	\N	NONE	\N	f	47	50	200	STANDARD	f	0	\N	\N	0	0	0	\N	\N	16	f
72	Freighter	99	174	74	1149	trodan_5	micro_grav	laser	\N	0	0	100	6	10	4500	300	0	0	0	6	0	0	0	0	112	119	81	183	6	\N	\N	\N	NONE	\N	f	47	50	200	STANDARD	f	0	\N	\N	0	0	0	\N	\N	56.124611797498105	f
73	Small1	129	98	73	\N	kuatoh_1	psion_flow_net	tryxoker	\N	0	0	100	12	198	0	0	0	0	0	0	0	0	0	0	129	98	0	0	0	\N	\N	\N	NONE	\N	f	47	128	50	STANDARD	f	0	\N	\N	0	0	0	\N	\N	48.010415536631214	f
76	Freighter01	132	136	75	1158	nightmare_5	psion_flow_net	\N	\N	0	0	100	6	0	0	0	0	0	0	0	0	0	0	0	132	136	0	0	8	\N	\N	\N	NONE	\N	f	47	81	100	STANDARD	f	30	MINERAL2	14	8	0	0	\N	\N	62.42595614005443	f
78	Spore capsule (mature)	50	200	76	1161	kuatoh_2	psion_flow_net	tryxoker	\N	0	0	100	192	0	0	0	0	0	0	0	0	0	0	0	-1	-1	0	0	0	\N	\N	\N	NONE	\N	f	47	50	200	STANDARD	f	0	\N	\N	0	0	0	\N	\N	0	f
77	Spore capsule	50	200	76	1161	kuatoh_1	psion_flow_net	tryxoker	\N	0	0	100	12	0	0	0	0	0	0	0	0	0	0	0	-1	-1	0	0	0	\N	\N	\N	NONE	\N	f	47	50	200	STANDARD	f	0	\N	\N	0	0	0	\N	\N	0	f
82	CruiserWeak02	34	159	77	\N	nightmare_6	transwarp	plasma_blaster	fusion_rockets	0	0	100	373	142	0	0	0	0	0	0	0	0	0	0	34	159	67	118	9	80	\N	\N	NONE	\N	f	47	67	118	STANDARD	f	0	\N	\N	0	0	0	\N	1	52.630789467763066	f
85	CruiserWeak05	34	159	77	\N	nightmare_6	transwarp	plasma_blaster	nova_bombs	0	0	100	373	142	0	0	0	0	0	0	0	0	0	0	34	159	67	118	9	80	\N	\N	NONE	\N	f	47	67	118	STANDARD	f	0	\N	\N	0	0	0	\N	1	52.630789467763066	f
83	CruiserWeak03	34	159	77	\N	nightmare_6	transwarp	plasma_blaster	fusion_rockets	0	0	100	373	142	0	0	0	0	0	0	0	0	0	0	34	159	67	118	9	80	\N	\N	NONE	\N	f	47	67	118	STANDARD	f	0	\N	\N	0	0	0	\N	1	52.630789467763066	f
75	Small2	129	98	74	\N	kuatoh_1	psion_flow_net	tryxoker	\N	0	0	100	12	3	0	0	0	0	0	0	0	0	0	0	-1	-1	128	50	0	\N	\N	\N	NONE	\N	f	47	128	50	DEFENSIVE	f	0	\N	\N	0	0	0	\N	\N	48.010415536631214	f
81	Scout	80	149	78	\N	kopaytirish_8	micro_grav	plasma_blaster	\N	0	0	100	10	55	0	0	0	0	0	0	0	0	0	0	61	200	93	116	6	\N	\N	\N	NONE	\N	f	47	200	167	STANDARD	f	0	\N	\N	0	0	0	\N	\N	267.03329637837294	f
84	CruiserWeak04	34	159	77	\N	nightmare_6	transwarp	plasma_blaster	fusion_rockets	0	0	100	373	142	0	0	0	0	0	0	0	0	0	0	34	159	67	118	9	80	\N	\N	NONE	\N	f	47	67	118	STANDARD	f	0	\N	\N	0	0	0	\N	1	52.630789467763066	f
87	CruiserWeak06	34	159	77	\N	nightmare_6	transwarp	plasma_blaster	fusion_rockets	0	0	100	373	421	0	0	0	0	0	0	0	0	0	0	34	159	67	118	9	80	\N	\N	NONE	\N	f	47	67	118	STANDARD	f	0	\N	\N	0	0	0	\N	1	52.630789467763066	f
86	CruiserStrong	34	159	78	\N	nightmare_6	transwarp	disruptor	nova_bombs	0	0	100	373	1	0	0	0	0	0	0	0	0	0	0	34	159	67	118	9	80	\N	\N	NONE	\N	f	47	67	118	STANDARD	f	0	\N	\N	0	0	0	\N	\N	52.630789467763066	f
80	CruiserWeak01	34	159	77	\N	nightmare_6	transwarp	plasma_blaster	fusion_rockets	100	0	100	373	142	0	0	0	0	0	0	0	0	0	1	-1	-1	0	0	0	\N	\N	\N	NONE	\N	f	47	67	118	STANDARD	f	0	\N	\N	0	0	0	\N	1	52.630789467763066	f
88	Freighter	171	200	80	1179	kuatoh_1	micro_grav	laser	\N	0	0	100	12	5	3000	200	0	0	0	3	0	0	0	0	200	148	139	200	6	\N	\N	\N	NONE	\N	f	47	50	185	STANDARD	f	0	\N	\N	0	0	0	\N	\N	123.92485884517127	f
89	Mothership1	221	93	79	\N	nightmare_17	transwarp	particle_vortex	nova_bombs	100	0	100	810	269	0	0	0	0	0	0	0	0	0	0	-1	-1	0	0	0	\N	\N	\N	NONE	\N	f	47	200	50	STANDARD	f	0	\N	\N	0	0	0	\N	\N	47.853944456021594	f
92	Cruiser1	221	93	80	\N	nightmare_8	transwarp	particle_vortex	nova_bombs	97	0	100	525	467	0	0	0	0	0	0	0	0	0	0	221	93	200	50	9	90	\N	\N	NONE	\N	f	47	200	50	STANDARD	f	0	\N	\N	0	0	0	\N	\N	47.853944456021594	f
93	Escort1	221	93	79	\N	nightmare_3	transwarp	desintegrator	\N	100	0	100	175	177	0	0	0	0	0	0	0	0	0	0	221	93	200	50	9	92	\N	\N	NONE	\N	f	47	200	50	STANDARD	f	0	\N	\N	0	0	0	\N	\N	47.853944456021594	f
90	Frigate1	221	93	80	\N	nightmare_12	transwarp	laser	nova_bombs	93	0	100	240	135	0	0	0	0	0	0	0	0	0	0	221	93	200	50	9	89	\N	\N	NONE	\N	f	47	200	50	STANDARD	f	0	\N	\N	0	0	0	\N	\N	47.853944456021594	f
97	Scout	200	50	82	1190	oltin_2	tachion_flux	plasma_blaster	\N	0	0	100	6	58	0	0	0	0	0	0	0	0	0	0	189	170	0	0	5	\N	\N	56	ACTIVE_ABILITY	\N	f	47	200	50	STANDARD	f	0	\N	\N	0	0	0	\N	\N	0	f
94	Freighter	170	114	82	1187	oltin_6	micro_grav	\N	\N	0	0	100	6	10	4500	300	0	0	0	9	0	0	0	0	189	170	184	82	6	\N	\N	\N	NONE	\N	f	47	200	50	STANDARD	f	0	\N	\N	0	0	0	\N	\N	70.92849839314596	f
95	Tanker	105	133	82	1192	nightmare_4	transwarp	\N	\N	0	0	100	2	0	0	0	0	0	0	0	0	0	0	0	-1	-1	0	0	0	\N	\N	\N	NONE	\N	f	47	105	133	STANDARD	f	0	\N	\N	0	0	0	\N	\N	0	f
96	Transporter	105	133	82	1192	nightmare_7	transwarp	particle_vortex	\N	0	0	100	15	0	0	0	0	0	0	0	0	0	0	0	-1	-1	0	0	0	\N	\N	\N	NONE	\N	f	47	105	133	STANDARD	f	0	\N	\N	0	0	0	\N	\N	0	f
98	Big Frigate	105	133	81	1192	nightmare_14	transwarp	particle_vortex	nova_bombs	0	0	100	420	0	0	0	0	0	0	0	0	0	0	0	-1	-1	0	0	0	\N	\N	41	ACTIVE_ABILITY	\N	f	47	105	133	STANDARD	f	0	\N	\N	0	0	0	\N	\N	0	f
102	Tetrabase	128	50	83	1198	oltin_4	transwarp	particle_vortex	\N	0	0	100	258	0	0	0	0	0	0	0	0	0	0	0	-1	-1	0	0	0	\N	\N	\N	NONE	\N	f	47	128	50	STANDARD	f	0	\N	\N	0	0	0	\N	\N	0	f
99	Capital Ship	128	50	83	1198	oltin_14	transwarp	particle_vortex	nova_bombs	0	0	100	2910	0	0	0	0	0	0	0	0	0	0	0	-1	-1	0	0	0	\N	\N	\N	NONE	\N	f	47	128	50	STANDARD	f	0	\N	\N	0	0	0	\N	\N	0	f
101	Vortex Sphere	128	50	83	1198	oltin_12	transwarp	particle_vortex	\N	0	0	100	190	0	0	0	0	0	0	0	0	0	0	0	-1	-1	0	0	0	\N	\N	\N	AUTO_DESTRUCTION	\N	f	47	128	50	STANDARD	f	0	\N	\N	0	0	0	AUTO_DESTRUCTION	\N	0	f
103	Big Freighter	128	50	83	1198	oltin_13	transwarp	\N	\N	0	0	100	202	0	0	0	0	0	0	0	0	0	0	0	-1	-1	0	0	0	\N	\N	\N	NONE	\N	f	47	128	50	STANDARD	f	0	\N	\N	0	0	0	\N	\N	0	f
100	Small Freighter	88	171	83	\N	oltin_6	transwarp	\N	\N	0	0	100	6	244	0	0	0	0	0	0	0	0	0	0	-1	-1	110	129	0	\N	\N	\N	NONE	\N	f	47	128	50	STANDARD	f	0	\N	\N	0	0	0	\N	\N	128.41307836451878	f
104	Freighter	183	50	85	1208	orion_2	micro_grav	\N	\N	0	0	100	6	10	6000	400	0	0	0	11	0	0	0	0	124	50	0	0	6	\N	\N	\N	NONE	\N	f	47	183	50	STANDARD	f	0	\N	\N	0	0	0	\N	\N	0	f
105	Guadrol	50	166	85	1206	orion_14	transwarp	particle_vortex	\N	0	0	100	162	0	0	0	0	0	0	0	0	0	0	0	-1	-1	0	0	0	\N	\N	10	ACTIVE_ABILITY	VIRAL_INVASION_COLONISTS	f	47	50	166	STANDARD	f	0	\N	\N	0	0	0	\N	\N	0	f
106	Freighter	167	70	87	\N	orion_2	micro_grav	\N	\N	0	0	100	6	8	6000	400	0	0	0	11	0	0	0	0	150	82	197	50	6	\N	\N	\N	NONE	\N	f	47	197	50	STANDARD	f	0	\N	\N	0	0	0	\N	\N	36	f
108	Scout	197	50	87	1214	orion_5	tachion_flux	plasma_blaster	\N	0	0	100	6	53	0	0	0	0	0	0	0	0	0	0	200	200	0	0	5	\N	\N	1	ACTIVE_ABILITY	\N	f	47	197	50	STANDARD	f	0	\N	\N	0	0	0	\N	\N	0	f
107	Guadrol1	99	195	87	1216	orion_14	transwarp	particle_vortex	\N	0	0	100	162	0	0	0	0	0	0	0	0	0	0	0	-1	-1	0	0	0	\N	\N	10	ACTIVE_ABILITY	VIRAL_INVASION_COLONISTS	f	47	99	195	STANDARD	f	0	\N	\N	0	0	0	\N	\N	0	f
110	Freighter	50	200	89	1218	orion_2	micro_grav	\N	\N	0	0	100	6	10	6000	400	0	0	0	11	0	0	0	0	64	144	0	0	6	\N	\N	\N	NONE	\N	f	47	50	200	STANDARD	f	0	\N	\N	0	0	0	\N	\N	0	f
111	Guadrol	198	107	89	1222	orion_14	transwarp	particle_vortex	\N	0	0	100	162	0	0	0	0	0	0	0	0	0	0	0	-1	-1	0	0	0	\N	\N	10	ACTIVE_ABILITY	VIRAL_INVASION_COLONISTS	f	47	198	107	STANDARD	f	0	\N	\N	0	0	0	\N	\N	0	f
109	Guadrol2	99	195	87	1216	orion_14	transwarp	particle_vortex	\N	0	0	100	162	0	0	0	0	0	0	0	0	0	0	0	-1	-1	0	0	0	\N	\N	10	ACTIVE_ABILITY	VIRAL_INVASION_COLONISTS	f	47	99	195	STANDARD	f	0	\N	\N	0	0	0	\N	\N	0	f
112	Freighter	75	174	91	\N	orion_2	micro_grav	\N	\N	0	0	100	6	8	6000	400	0	0	0	11	0	0	0	0	98	151	50	200	6	\N	\N	\N	NONE	\N	f	47	50	200	STANDARD	f	0	\N	\N	0	0	0	\N	\N	36	f
113	Guadrol1	200	50	91	1235	orion_14	transwarp	particle_vortex	\N	0	0	100	162	0	0	0	0	0	0	0	0	0	0	0	-1	-1	0	0	0	\N	\N	10	ACTIVE_ABILITY	VIRAL_INVASION_COLONISTS	f	47	200	50	STANDARD	f	0	\N	\N	0	0	0	\N	\N	0	f
114	Scout	50	200	91	1230	orion_5	tachion_flux	plasma_blaster	\N	0	0	100	6	45	0	0	0	0	0	0	0	0	0	0	125	200	0	0	5	\N	\N	\N	NONE	\N	f	47	50	200	STANDARD	f	0	\N	\N	0	0	0	\N	\N	0	f
115	Guadrol2	200	50	91	1235	orion_14	transwarp	particle_vortex	\N	0	0	100	162	0	0	0	0	0	0	0	0	0	0	0	-1	-1	0	0	0	\N	\N	10	ACTIVE_ABILITY	VIRAL_INVASION_COLONISTS	f	47	200	50	STANDARD	f	0	\N	\N	0	0	0	\N	\N	0	f
120	Freighter	134	114	95	\N	kuatoh_1	micro_grav	laser	\N	0	0	100	12	4	4500	300	0	0	0	5	0	0	0	0	150	97	111	142	6	\N	\N	\N	NONE	\N	f	47	88	200	STANDARD	f	0	\N	\N	0	0	0	\N	\N	98	f
119	Scout	50	200	93	1239	kuatoh_1	solarisplasmotan	plasma_blaster	\N	0	0	100	12	54	0	0	0	0	0	0	0	0	0	0	106	199	0	0	7	\N	\N	\N	NONE	\N	f	47	50	200	STANDARD	f	0	\N	\N	0	0	0	\N	\N	0	f
121	Extended Freighter	200	50	94	1247	nightmare_16	transwarp	\N	\N	0	0	100	202	129	0	0	0	0	0	0	0	0	0	0	-1	-1	0	0	0	\N	\N	\N	NONE	\N	f	47	200	50	STANDARD	f	0	\N	\N	0	0	0	\N	\N	137.2443077143821	f
117	Extended Freighter	139	50	92	1237	nightmare_16	transwarp	\N	\N	0	0	100	202	167	0	0	0	0	0	0	0	0	0	0	-1	-1	197	63	0	\N	\N	\N	NONE	\N	f	47	139	50	STANDARD	f	0	\N	\N	0	0	0	\N	\N	118.87808881370864	f
116	Freighter	106	199	93	1246	kuatoh_1	micro_grav	laser	\N	0	0	100	12	5	4500	300	0	0	0	5	0	0	0	0	148	158	85	199	6	\N	\N	\N	NONE	\N	f	47	50	200	STANDARD	f	0	\N	\N	0	0	0	\N	\N	57	f
127	Mothership	61	50	97	1256	nightmare_17	transwarp	particle_vortex	nova_bombs	0	0	100	810	265	0	0	0	0	0	0	0	0	40	0	-1	-1	50	105	0	\N	\N	\N	PLANET_BOMBARDMENT	\N	f	47	50	105	STANDARD	f	0	\N	\N	0	0	0	\N	\N	56.089214649520635	f
118	Mothership	197	63	93	1245	nightmare_17	transwarp	particle_vortex	nova_bombs	0	0	100	810	264	0	0	0	0	0	0	0	0	40	0	-1	-1	139	50	0	\N	\N	\N	PLANET_BOMBARDMENT	\N	f	47	139	50	STANDARD	t	0	\N	\N	0	0	0	\N	\N	59.43904440685432	f
123	Mothership	150	97	95	1254	nightmare_17	transwarp	particle_vortex	nova_bombs	0	0	100	810	260	0	0	0	0	0	0	0	0	40	0	-1	-1	200	50	0	\N	\N	\N	PLANET_BOMBARDMENT	\N	f	47	200	50	STANDARD	t	0	\N	\N	0	0	0	\N	\N	68.62215385719105	f
126	Extended Freighter	50	105	96	1260	nightmare_16	transwarp	\N	\N	0	0	100	202	101	0	0	0	0	0	0	0	0	0	0	-1	-1	61	50	0	\N	\N	\N	NONE	\N	f	47	50	105	STANDARD	f	0	\N	\N	0	0	0	\N	\N	112.17842929904127	f
124	Scout	88	200	95	1249	kuatoh_1	tachion_flux	plasma_blaster	\N	0	0	100	12	1	0	0	0	0	0	0	0	0	0	0	-1	-1	0	0	0	\N	\N	\N	NONE	\N	f	47	88	200	STANDARD	f	0	\N	\N	0	0	0	\N	\N	0	f
125	Freighter	200	131	97	1255	kuatoh_1	micro_grav	laser	\N	0	0	100	12	5	4500	300	0	0	0	5	0	0	0	0	140	152	200	164	6	\N	\N	\N	NONE	\N	f	47	200	200	STANDARD	f	0	\N	\N	0	0	0	\N	\N	69	f
128	Scout	200	200	97	1257	kuatoh_1	solarisplasmotan	plasma_blaster	\N	0	0	100	12	60	0	0	0	0	0	0	0	0	0	0	117	50	0	0	7	\N	\N	17	ACTIVE_ABILITY	\N	f	47	200	200	STANDARD	f	0	\N	\N	0	0	0	\N	\N	0	f
130	Laonus	78	136	100	1278	trodan_20	transwarp	particle_vortex	\N	0	0	100	145	0	0	0	0	0	0	0	0	0	0	0	-1	-1	0	0	0	\N	\N	\N	NONE	\N	f	47	78	136	STANDARD	f	0	\N	\N	0	0	0	\N	\N	0	f
129	Freighter	200	60	101	1280	orion_2	micro_grav	\N	\N	0	0	100	6	10	6000	400	0	0	0	11	0	0	0	0	138	50	0	0	6	\N	\N	\N	NONE	\N	f	47	200	60	STANDARD	f	0	\N	\N	0	0	0	\N	\N	0	f
133	Scout	69	79	103	\N	kuatoh_1	micro_grav	disruptor	\N	0	0	100	12	55	0	0	0	0	0	0	0	0	0	0	82	98	50	50	6	132	\N	\N	NONE	\N	f	47	50	50	STANDARD	f	0	\N	\N	0	0	0	\N	\N	36	f
132	Laonus	82	98	102	\N	trodan_20	transwarp	particle_vortex	\N	0	0	100	145	594	0	0	0	0	0	0	0	0	0	0	-1	-1	0	0	0	\N	\N	\N	NONE	\N	f	47	125	123	STANDARD	f	0	\N	\N	0	0	0	\N	\N	49.73932046178355	f
134	Scout	50	50	103	1284	kuatoh_1	tachion_flux	laser	\N	0	0	100	12	1	0	0	0	0	0	0	0	0	0	0	-1	-1	0	0	0	\N	\N	\N	NONE	\N	f	47	50	50	STANDARD	f	0	\N	\N	0	0	0	\N	\N	0	f
131	Freighter	100	74	103	1288	kuatoh_1	micro_grav	laser	\N	0	0	100	12	5	4500	300	0	0	0	5	0	0	0	0	125	123	82	65	6	\N	\N	\N	NONE	\N	f	47	50	50	STANDARD	f	0	\N	\N	0	0	0	\N	\N	56.124611797498105	f
135	Freighter	204	90	105	\N	kopaytirish_16	micro_grav	\N	\N	0	0	100	6	8	4500	300	0	0	0	5	0	0	0	0	190	107	229	64	6	\N	\N	\N	NONE	\N	f	47	289	50	STANDARD	f	0	\N	\N	0	0	0	\N	\N	96.73863375370595	f
137	Scout	295	98	105	\N	kopaytirish_8	tachion_flux	plasma_blaster	\N	0	0	100	10	50	0	0	0	0	0	0	0	0	0	0	300	136	292	74	5	\N	\N	\N	NONE	\N	f	47	289	50	STANDARD	f	0	\N	\N	0	0	0	\N	\N	50	f
139	Alpha Freighter	97	251	105	\N	oltin_1	transwarp	\N	\N	0	0	100	2	199	0	0	0	0	0	0	0	0	0	0	97	251	69	290	9	138	\N	\N	NONE	\N	f	47	69	290	STANDARD	f	0	\N	\N	0	0	0	\N	\N	48.010415536631214	f
136	Omega Freighter	97	251	105	\N	oltin_13	transwarp	\N	\N	0	0	100	202	1193	0	0	0	0	0	0	0	0	0	0	-1	-1	0	0	0	\N	\N	\N	NONE	\N	f	47	69	290	STANDARD	f	0	\N	\N	0	0	0	\N	\N	48.010415536631214	f
138	Probe	97	251	104	\N	oltin_2	transwarp	potential_compressor	\N	0	0	100	6	79	0	0	0	0	0	0	0	0	0	0	-1	-1	69	290	0	\N	\N	\N	CAPTURE_SHIP	\N	f	47	69	290	DEFENSIVE	f	0	\N	\N	0	0	0	\N	\N	48.010415536631214	f
145	Scout	50	98	107	1312	kuatoh_1	tachion_flux	plasma_blaster	\N	0	0	100	12	1	0	0	0	0	0	0	0	0	0	0	-1	-1	0	0	0	\N	\N	\N	NONE	\N	f	47	50	98	STANDARD	f	0	\N	\N	0	0	0	\N	\N	0	f
140	Freighter	50	189	107	\N	kuatoh_1	micro_grav	laser	\N	0	0	100	12	4	4500	300	0	0	0	5	0	0	0	0	50	214	50	153	6	\N	\N	\N	NONE	\N	f	47	50	98	STANDARD	f	0	\N	\N	0	0	0	\N	\N	91	f
142	Alpha Freighter	229	271	107	\N	oltin_1	transwarp	\N	\N	0	0	100	2	199	0	0	0	0	0	0	0	0	0	0	229	271	255	300	9	141	\N	\N	NONE	\N	f	47	255	300	STANDARD	f	0	\N	\N	0	0	0	\N	\N	38.948684188300895	f
144	Colossus	229	271	107	\N	oltin_10	transwarp	\N	\N	0	0	100	0	595	0	0	0	0	0	0	0	0	0	0	229	271	255	300	9	142	\N	\N	NONE	\N	f	47	255	300	STANDARD	f	0	\N	\N	0	0	0	\N	\N	38.948684188300895	f
141	Probe	229	271	106	\N	oltin_2	transwarp	desintegrator	\N	0	0	100	6	79	0	0	0	0	0	0	0	0	0	0	-1	-1	0	0	0	\N	\N	\N	NONE	\N	f	47	255	300	STANDARD	f	0	\N	\N	0	0	0	\N	\N	38.948684188300895	f
147	Guadrol	118	200	109	1347	orion_14	transwarp	particle_vortex	\N	0	0	100	162	134	0	0	0	0	0	0	0	0	0	0	-1	-1	0	0	0	\N	\N	10	ACTIVE_ABILITY	VIRAL_INVASION_NATIVES	f	47	191	200	STANDARD	f	0	\N	\N	0	0	0	\N	\N	73	f
148	Guadrol	109	77	110	1357	orion_14	transwarp	particle_vortex	\N	0	0	100	162	135	0	0	0	0	0	0	0	0	0	0	-1	-1	0	0	0	\N	\N	10	ACTIVE_ABILITY	VIRAL_INVASION_COLONISTS	f	47	50	50	STANDARD	f	0	\N	\N	0	0	0	\N	\N	64.88451279003334	f
146	Guadrol	200	156	108	1336	orion_14	transwarp	particle_vortex	\N	0	0	100	162	135	0	0	0	0	0	0	0	0	0	0	-1	-1	157	200	0	\N	\N	10	ACTIVE_ABILITY	VIRAL_INVASION_NATIVES	f	47	157	200	STANDARD	f	0	\N	\N	0	0	0	\N	\N	61.5223536610881	f
149	Guadrol	88	183	111	1360	orion_14	transwarp	particle_vortex	\N	0	0	100	162	135	0	0	0	0	0	0	0	0	0	0	-1	-1	0	0	0	\N	\N	10	ACTIVE_ABILITY	VIRAL_INVASION_NATIVES	f	47	115	130	STANDARD	f	0	\N	\N	0	0	0	\N	\N	59.481089431852205	f
150	Ciroxyt	88	183	111	1360	orion_11	transwarp	particle_vortex	nova_bombs	0	0	100	1010	522	0	0	0	0	0	0	0	0	0	0	-1	-1	0	0	0	\N	\N	\N	NONE	\N	f	47	115	130	STANDARD	f	0	\N	\N	0	0	0	\N	\N	59.481089431852205	f
151	Freighter	154	90	113	\N	kuatoh_1	solarisplasmotan	laser	\N	0	0	100	12	51	4500	300	0	0	0	5	0	0	0	0	121	76	200	109	7	\N	\N	\N	NONE	\N	f	47	200	50	STANDARD	f	0	\N	\N	0	0	0	\N	\N	98	f
154	Doays	100	241	112	\N	trodan_5	solarisplasmotan	disruptor	\N	0	0	100	6	4	0	0	0	0	0	0	0	0	0	0	123	241	106	200	7	\N	\N	\N	NONE	\N	f	47	106	200	STANDARD	f	0	\N	\N	0	0	0	\N	\N	44.384682042344295	f
153	Freighter	133	230	113	\N	kuatoh_1	solarisplasmotan	tachion_beam	\N	0	0	100	12	14	6000	400	27	27	29	7	0	0	0	0	123	241	200	50	7	\N	\N	\N	NONE	\N	f	47	200	50	DEFENSIVE	f	0	\N	\N	0	0	0	\N	\N	49	f
152	Science Class	123	241	112	1370	trodan_3	solarisplasmotan	disruptor	\N	100	0	100	175	0	0	0	0	0	0	0	0	0	0	0	-1	-1	0	0	0	\N	\N	23	ACTIVE_ABILITY	\N	f	47	106	200	STANDARD	f	0	\N	\N	0	0	0	\N	\N	44.384682042344295	f
157	Scout	187	123	115	\N	silverstarag_5	solarisplasmotan	laser	\N	0	0	100	10	33	0	0	0	0	0	0	0	0	0	0	200	198	179	75	7	\N	\N	44	ACTIVE_ABILITY	\N	f	47	179	75	STANDARD	f	0	\N	\N	0	0	0	\N	\N	49	f
155	Freighter	153	168	115	1381	silverstarag_4	solarisplasmotan	\N	\N	0	0	100	6	124	3000	200	0	0	0	4	0	0	0	0	200	135	137	113	7	\N	\N	\N	NONE	\N	f	47	179	75	STANDARD	f	0	\N	\N	0	0	0	\N	\N	98	f
156	Bebrone	123	197	115	\N	trodan_22	transwarp	tachion_beam	gamma_bombs	0	0	100	497	0	0	0	0	0	0	0	0	0	15	0	123	197	87	200	9	158	\N	\N	NONE	\N	f	47	87	200	STANDARD	f	0	\N	\N	0	0	0	\N	\N	36.124783736376884	f
3	Freighter	135	808	8	\N	oltin_6	micro_grav	\N	\N	0	0	100	6	18	1500	100	0	0	0	3	0	0	0	0	108	808	171	810	6	\N	\N	\N	NONE	\N	f	47	261	740	STANDARD	f	0	\N	\N	0	0	0	\N	\N	220.03802037834743	f
158	Hunter	123	197	114	\N	silverstarag_6	transwarp	desintegrator	\N	0	0	100	75	0	0	0	0	0	0	0	0	0	0	0	-1	-1	87	200	0	\N	\N	\N	NONE	\N	f	47	87	200	STANDARD	f	0	\N	\N	0	0	0	\N	\N	36.124783736376884	f
159	Big Frigate	193	135	118	\N	nightmare_14	transwarp	particle_vortex	nova_bombs	0	0	100	420	147	0	0	0	0	0	0	0	0	0	0	159	146	0	0	9	166	\N	41	ACTIVE_ABILITY	\N	f	47	188	160	STANDARD	f	0	\N	\N	0	0	0	\N	\N	25.495097567963924	f
165	Big Frigate	218	168	118	\N	nightmare_14	transwarp	particle_vortex	nova_bombs	0	0	100	420	146	0	0	0	0	0	0	0	0	0	0	215	133	0	0	9	167	\N	\N	NONE	\N	f	47	188	160	STANDARD	f	0	\N	\N	0	0	0	\N	\N	31.04834939252005	f
161	Scout	238	130	118	\N	nightmare_2	transwarp	particle_vortex	\N	0	0	100	352	221	0	0	0	0	0	0	0	0	0	0	218	168	0	0	9	165	\N	\N	NONE	\N	f	47	188	160	STANDARD	f	0	\N	\N	0	0	0	\N	\N	58.309518948453004	f
164	Medium Freighter	211	197	118	\N	nightmare_5	transwarp	\N	\N	0	0	100	6	248	0	0	0	0	0	0	0	0	0	0	238	130	0	0	9	161	\N	\N	NONE	\N	f	47	188	160	STANDARD	f	0	\N	\N	0	0	0	\N	\N	43.56604182158393	f
163	Tanker	179	191	118	\N	nightmare_4	transwarp	\N	\N	0	0	100	2	899	0	0	0	0	0	0	0	0	0	0	211	197	0	0	9	164	\N	\N	NONE	\N	f	47	188	160	STANDARD	f	0	\N	\N	0	0	0	\N	\N	32.28002478313795	f
162	Escort	139	158	118	\N	nightmare_3	transwarp	particle_vortex	\N	0	0	100	175	177	0	0	0	0	0	0	0	0	0	0	167	123	0	0	9	160	\N	\N	NONE	\N	f	47	188	160	STANDARD	f	0	\N	\N	0	0	0	\N	\N	49.040799340956916	f
160	Small Freighter	167	123	118	\N	nightmare_1	transwarp	\N	\N	0	0	100	2	199	0	0	0	0	0	0	0	0	0	0	-1	-1	0	0	0	\N	\N	\N	NONE	\N	f	47	188	160	STANDARD	f	0	\N	\N	0	0	0	\N	\N	42.5440947723653	f
166	Mothership	159	146	118	\N	nightmare_17	transwarp	particle_vortex	nova_bombs	0	0	100	810	276	0	0	0	0	0	0	0	0	0	0	167	123	188	160	9	160	\N	\N	NONE	\N	f	47	188	160	STANDARD	f	0	\N	\N	0	0	0	\N	\N	32.202484376209235	f
167	Big Frigate2	215	133	118	\N	nightmare_14	transwarp	particle_vortex	nova_bombs	0	0	100	420	145	0	0	0	0	0	0	0	0	0	0	218	168	188	160	9	165	\N	41	ACTIVE_ABILITY	\N	f	47	188	160	STANDARD	f	0	\N	\N	0	0	0	\N	\N	38.18376618407357	f
168	Freighter	148	55	120	\N	oltin_6	solarisplasmotan	\N	\N	0	0	100	6	247	1500	100	0	0	0	3	0	0	0	0	116	50	197	63	7	\N	\N	\N	NONE	\N	f	47	200	200	STANDARD	f	0	\N	\N	0	0	0	\N	\N	196	f
169	Kaz	123	108	119	1406	kopaytirish_20	transwarp	particle_vortex	\N	0	0	100	1958	2000	0	0	0	0	0	0	0	0	0	0	158	161	0	0	9	\N	\N	\N	NONE	\N	f	47	123	108	STANDARD	f	0	\N	\N	0	0	0	\N	\N	0	f
172	Agrey	143	102	121	\N	trodan_4	transwarp	particle_vortex	\N	0	0	100	55	212	0	0	0	0	0	0	0	0	0	0	152	124	139	83	9	\N	\N	\N	NONE	\N	f	47	112	120	STANDARD	f	0	\N	\N	0	0	0	\N	\N	162.32771460760404	f
174	Frigate	667	630	123	\N	nightmare_12	transwarp	particle_vortex	nova_bombs	0	0	100	240	140	0	0	0	13	0	0	0	0	20	0	-1	-1	0	0	0	\N	\N	40	ACTIVE_ABILITY	\N	f	47	130	294	STANDARD	f	0	\N	\N	0	0	0	\N	\N	0	f
177	Vuruta	600	600	126	1685	trodan_8	transwarp	particle_vortex	nova_bombs	0	0	100	489	460	0	0	0	140	0	0	0	0	10	0	-1	-1	0	0	0	\N	\N	\N	NONE	\N	f	47	1181	979	STANDARD	f	0	\N	\N	0	0	0	\N	\N	0	f
176	Frigate	695	607	123	\N	nightmare_12	transwarp	particle_vortex	nova_bombs	0	0	100	240	140	0	0	0	13	0	0	0	0	20	0	-1	-1	0	0	0	\N	\N	40	ACTIVE_ABILITY	\N	t	47	130	294	STANDARD	f	0	\N	\N	0	0	0	\N	\N	0	f
175	Science Class	600	600	126	1685	trodan_3	transwarp	particle_vortex	\N	0	0	100	175	154	0	0	0	0	0	0	0	0	0	0	-1	-1	552	560	0	\N	\N	23	ACTIVE_ABILITY	\N	f	116	1181	979	STANDARD	f	0	\N	\N	0	0	0	\N	\N	369.90985013867106	f
178	Plasma Cruiser	139	98	127	\N	oltin_9	psion_flow_net	tachion_beam	mun_catapult	0	0	100	236	186	0	0	28	5	22	0	0	0	0	0	-1	-1	144	89	0	\N	\N	\N	NONE	\N	f	47	105	70	STANDARD	f	0	\N	\N	0	0	0	\N	\N	446.72747379819117	f
181	Tactical Spheres	139	98	127	\N	oltin_14	transwarp	potential_compressor	quantum_torpedos	0	0	100	2910	1035	0	0	0	0	0	0	0	0	50	0	139	98	144	89	9	178	\N	\N	NONE	\N	f	47	105	70	STANDARD	f	0	\N	\N	0	0	0	\N	\N	238.89496851947553	f
179	Oriabital	87	110	128	\N	silverstarag_17	psion_flow_net	particle_vortex	nova_bombs	0	0	100	510	212	0	0	0	0	0	0	0	0	30	0	87	110	63	103	8	180	\N	\N	NONE	\N	f	47	114	182	STANDARD	f	0	\N	\N	0	0	0	\N	\N	387.403484888906	f
180	Oriabital	87	110	128	\N	silverstarag_17	transwarp	particle_vortex	nova_bombs	0	0	100	510	273	0	0	0	0	0	0	0	0	30	0	139	98	84	109	9	178	\N	\N	NONE	\N	f	47	114	182	STANDARD	f	0	\N	\N	0	0	0	\N	\N	287.2530736905304	f
183	Cruiser	61	197	135	1896	nightmare_8	solarisplasmotan	plasma_blaster	photon_torpedos	0	0	100	525	0	0	0	0	0	0	0	0	0	0	0	-1	-1	0	0	0	\N	\N	\N	NONE	\N	f	47	61	197	STANDARD	f	0	\N	\N	0	0	0	\N	3	0	f
182	Medium Freighter	61	197	135	1896	nightmare_5	solarisplasmotan	\N	\N	0	0	100	6	0	0	0	0	0	0	0	0	0	0	0	-1	-1	0	0	0	\N	\N	\N	NONE	\N	f	47	61	197	STANDARD	f	0	\N	\N	0	0	0	\N	2	207.2743028368452	f
184	Orta Freighter	200	131	137	1900	kopaytirish_16	solarisplasmotan	\N	\N	0	0	100	6	0	0	0	0	0	0	0	0	0	0	0	-1	-1	0	0	0	\N	\N	\N	NONE	\N	f	47	200	131	STANDARD	f	0	\N	\N	0	0	0	\N	\N	0	f
185	Freighter	196	200	138	1917	nightmare_16	transwarp	\N	\N	0	0	100	202	0	0	0	0	0	0	0	0	0	0	0	-1	-1	0	0	0	\N	\N	\N	NONE	\N	f	47	196	200	STANDARD	f	0	\N	\N	0	0	0	\N	\N	0	f
186	Scout	196	200	138	1917	nightmare_2	transwarp	particle_vortex	\N	0	0	100	352	0	0	0	0	0	0	0	0	0	0	0	-1	-1	0	0	0	\N	\N	\N	NONE	\N	f	47	196	200	STANDARD	f	0	\N	\N	0	0	0	\N	\N	0	f
187	Scout	196	200	138	1917	nightmare_2	transwarp	particle_vortex	\N	0	0	100	352	0	0	0	0	0	0	0	0	0	0	0	-1	-1	0	0	0	\N	\N	\N	NONE	\N	f	47	196	200	STANDARD	f	0	\N	\N	0	0	0	\N	\N	0	f
188	Scout	136	200	139	1924	nightmare_2	transwarp	particle_vortex	\N	0	0	100	352	0	0	0	0	0	0	0	0	0	0	0	-1	-1	0	0	0	\N	\N	\N	NONE	\N	f	47	136	200	STANDARD	f	0	\N	\N	0	0	0	\N	\N	0	f
189	Scout	136	200	139	1924	nightmare_2	transwarp	particle_vortex	\N	0	0	100	352	0	0	0	0	0	0	0	0	0	0	0	-1	-1	0	0	0	\N	\N	\N	NONE	\N	f	47	136	200	STANDARD	f	0	\N	\N	0	0	0	\N	\N	0	f
190	Freighter	136	200	139	1924	nightmare_16	transwarp	\N	\N	0	0	100	202	0	0	0	0	0	0	0	0	0	0	0	-1	-1	0	0	0	\N	\N	\N	NONE	\N	f	47	136	200	STANDARD	f	0	\N	\N	0	0	0	\N	\N	0	f
191	SubParticleCluster	136	200	139	1924	nightmare_18	transwarp	particle_vortex	\N	0	0	100	120	0	0	0	0	0	0	0	0	0	0	0	-1	-1	0	0	0	\N	\N	\N	NONE	\N	f	47	136	200	STANDARD	f	0	\N	\N	0	0	0	\N	\N	0	f
193	Scout	50	200	140	1933	nightmare_2	transwarp	particle_vortex	\N	0	0	100	352	0	0	0	0	0	0	0	0	0	0	0	-1	-1	0	0	0	\N	\N	\N	NONE	\N	f	47	50	200	STANDARD	f	0	\N	\N	0	0	0	\N	\N	0	f
194	Freighter	50	200	140	1933	nightmare_16	transwarp	\N	\N	0	0	100	202	0	0	0	0	0	0	0	0	0	0	0	-1	-1	0	0	0	\N	\N	\N	NONE	\N	f	47	50	200	STANDARD	f	0	\N	\N	0	0	0	\N	\N	0	f
195	SubParticleCluster	50	200	140	1933	nightmare_18	transwarp	particle_vortex	\N	0	0	100	120	0	0	0	0	0	0	0	0	0	0	0	-1	-1	0	0	0	\N	\N	\N	NONE	\N	f	47	50	200	STANDARD	f	0	\N	\N	0	0	0	\N	\N	0	f
192	Scout	50	200	140	1933	nightmare_2	transwarp	particle_vortex	\N	0	0	100	352	0	0	0	0	0	0	0	0	0	0	0	-1	-1	0	0	0	\N	\N	\N	NONE	\N	f	47	50	200	STANDARD	f	0	\N	\N	0	0	0	\N	\N	0	f
196	QuarkReorganizer	50	200	140	1933	nightmare_15	transwarp	particle_vortex	\N	0	0	100	190	0	0	0	0	0	0	0	0	0	0	0	-1	-1	0	0	0	\N	\N	\N	NONE	\N	f	47	50	200	STANDARD	f	0	\N	\N	0	0	0	\N	\N	0	f
219	Swidrol_1	155	175	141	1936	orion_16	transwarp	particle_vortex	nova_bombs	0	0	100	78	0	0	0	0	0	0	0	0	0	0	0	-1	-1	0	0	0	\N	\N	\N	NONE	\N	f	47	155	175	STANDARD	f	0	\N	\N	0	0	0	\N	\N	0	f
198	Doays_1	79	123	142	1941	trodan_5	solarisplasmotan	laser	\N	0	0	100	6	0	0	0	0	0	0	0	0	0	0	0	-1	-1	0	0	0	\N	\N	\N	NONE	\N	f	47	90	69	STANDARD	f	0	\N	\N	0	0	0	\N	\N	49	f
201	Doays_3	90	69	142	1939	trodan_5	tachion_flux	laser	\N	0	0	100	6	41	0	0	0	0	0	0	0	0	0	0	-1	-1	0	0	0	\N	\N	\N	NONE	\N	f	47	90	69	STANDARD	f	0	\N	\N	0	0	0	\N	\N	72.67156809750927	f
199	Ciroxyt_1	155	175	141	1936	orion_11	transwarp	particle_vortex	nova_bombs	0	0	100	1010	560	0	0	0	0	0	0	0	0	50	0	-1	-1	0	0	0	\N	\N	\N	NONE	\N	f	47	155	175	STANDARD	f	0	\N	\N	0	0	0	\N	\N	0	f
220	Doays_11	90	69	142	1939	trodan_5	solarisplasmotan	laser	\N	0	0	100	6	0	0	0	0	0	0	0	0	0	0	0	-1	-1	0	0	0	\N	\N	\N	NONE	\N	f	47	90	69	STANDARD	f	0	\N	\N	0	0	0	\N	\N	0	f
200	Doays_2	97	194	142	1938	trodan_5	solarisplasmotan	laser	\N	0	0	100	6	12	0	0	0	0	0	0	0	0	0	0	-1	-1	0	0	0	\N	\N	\N	NONE	\N	f	47	90	69	STANDARD	f	0	\N	\N	0	0	0	\N	\N	127.06888370749726	f
197	Xirclarod_1	219	125	141	\N	orion_6	transwarp	particle_vortex	nova_bombs	0	0	100	286	441	0	0	0	0	0	0	0	0	0	0	-1	-1	0	0	0	\N	\N	8	ACTIVE_ABILITY	\N	f	116	155	175	STANDARD	f	0	\N	\N	0	0	0	\N	\N	81	f
205	Doays_5	172	50	142	1937	trodan_5	solarisplasmotan	laser	\N	0	0	100	6	0	0	0	0	0	0	0	0	0	0	0	-1	-1	0	0	0	\N	\N	\N	NONE	\N	f	47	90	69	STANDARD	f	0	\N	\N	0	0	0	\N	\N	84.6931365951495	f
204	Erakzil_1	155	175	141	1936	orion_18	transwarp	particle_vortex	\N	0	0	100	430	470	0	0	0	0	0	0	0	0	0	0	-1	-1	0	0	0	\N	\N	\N	NONE	\N	f	47	155	175	STANDARD	f	0	\N	\N	0	0	0	\N	\N	0	f
203	Doays_4	178	118	142	1940	trodan_5	solarisplasmotan	laser	\N	0	0	100	6	29	0	0	0	0	0	0	0	0	0	0	-1	-1	0	0	0	\N	\N	\N	NONE	\N	f	47	90	69	STANDARD	f	0	\N	\N	0	0	0	\N	\N	98	f
209	Guadrol_1	155	175	141	1936	orion_14	transwarp	particle_vortex	\N	0	0	100	162	140	0	0	0	0	0	0	0	0	0	0	-1	-1	0	0	0	\N	\N	\N	NONE	\N	f	47	155	175	STANDARD	f	0	\N	\N	0	0	0	\N	\N	0	f
206	Niolan Freighter_1	155	175	141	1936	orion_4	transwarp	\N	\N	0	0	100	202	1200	0	0	0	0	0	0	0	0	0	0	-1	-1	0	0	0	\N	\N	\N	NONE	\N	f	47	155	175	STANDARD	f	0	\N	\N	0	0	0	\N	\N	0	f
202	Bundaram_1	155	175	141	1936	orion_13	transwarp	particle_vortex	nova_bombs	0	0	100	328	260	0	0	0	0	0	0	0	0	0	0	-1	-1	0	0	0	\N	\N	\N	NONE	\N	f	47	155	175	STANDARD	f	0	\N	\N	0	0	0	\N	\N	0	f
207	Xadron Freighter_1	155	175	141	1936	orion_3	transwarp	\N	\N	0	0	100	102	600	0	0	0	0	0	0	0	0	0	0	-1	-1	0	0	0	\N	\N	\N	NONE	\N	f	47	155	175	STANDARD	f	0	\N	\N	0	0	0	\N	\N	0	f
208	Doays_6	100	103	142	\N	trodan_5	solarisplasmotan	laser	\N	0	0	100	6	28	0	0	0	0	0	0	0	0	0	0	-1	-1	0	0	0	\N	\N	\N	NONE	\N	f	47	90	69	STANDARD	f	0	\N	\N	0	0	0	\N	\N	35.4400902933387	f
211	Doays_7	128	91	142	\N	trodan_5	solarisplasmotan	laser	\N	0	0	100	6	20	0	0	0	0	0	0	0	0	0	0	-1	-1	0	0	0	\N	\N	\N	NONE	\N	f	47	90	69	STANDARD	f	0	\N	\N	0	0	0	\N	\N	43.9089968002003	f
212	Hohinaf_1	155	175	141	1936	orion_10	transwarp	particle_vortex	\N	0	0	100	70	180	0	0	0	0	0	0	0	0	0	0	-1	-1	0	0	0	\N	\N	\N	NONE	\N	f	47	155	175	STANDARD	f	0	\N	\N	0	0	0	\N	\N	0	f
210	Frodury_1	155	175	141	1936	orion_12	transwarp	particle_vortex	\N	0	0	100	1870	1400	0	0	0	0	0	0	0	0	0	0	-1	-1	0	0	0	\N	\N	\N	NONE	\N	f	47	155	175	STANDARD	f	0	\N	\N	0	0	0	\N	\N	0	f
217	Doays_10	172	50	142	1937	trodan_5	solarisplasmotan	laser	\N	0	0	100	6	31	0	0	0	0	0	0	0	0	0	0	172	50	137	57	7	205	\N	\N	NONE	\N	f	47	90	69	STANDARD	f	0	\N	\N	0	0	0	\N	\N	84.6931365951495	f
214	Doays_9	164	87	142	\N	trodan_5	solarisplasmotan	laser	\N	0	0	100	6	32	0	0	0	0	0	0	0	0	0	0	-1	-1	0	0	0	\N	\N	\N	NONE	\N	f	47	90	69	STANDARD	f	0	\N	\N	0	0	0	\N	\N	76.8926513619627	f
213	Doays_8	128	91	142	\N	trodan_5	solarisplasmotan	laser	\N	0	0	100	6	20	0	0	0	0	0	0	0	0	0	0	128	91	90	69	7	211	\N	\N	NONE	\N	f	47	90	69	STANDARD	f	0	\N	\N	0	0	0	\N	\N	43.9089968002003	f
215	Drasid Freighter_1	155	175	141	1936	orion_1	transwarp	\N	\N	0	0	100	2	200	0	0	0	0	0	0	0	0	0	0	155	175	0	0	9	\N	\N	\N	NONE	\N	f	47	155	175	STANDARD	f	30	SUPPLIES	16	9	0	0	\N	\N	0	f
218	Sporiin Scout_1	155	175	141	1936	orion_5	transwarp	particle_vortex	\N	0	0	100	6	80	0	0	0	0	0	0	0	0	0	0	-1	-1	0	0	0	\N	\N	\N	NONE	\N	f	47	155	175	STANDARD	f	0	\N	\N	0	0	0	\N	4	0	f
216	Trova Freighter_1	155	175	141	1936	orion_2	transwarp	\N	\N	0	0	100	6	250	0	0	0	0	0	0	0	0	0	0	183	183	0	0	9	\N	\N	\N	NONE	\N	f	47	155	175	STANDARD	f	0	\N	\N	0	0	0	\N	4	0	f
221	Freighter	76	141	144	1947	silverstarag_4	solarisplasmotan	\N	\N	0	0	100	6	79	3000	200	0	0	0	4	0	0	0	0	-1	-1	128	120	0	\N	\N	\N	NONE	\N	f	47	89	200	STANDARD	f	0	\N	\N	0	0	0	\N	\N	147	f
223	Freighter	119	164	144	\N	silverstarag_4	solarisplasmotan	\N	\N	0	0	100	6	65	4500	300	0	0	0	6	0	0	0	0	142	177	76	141	7	\N	\N	\N	NONE	\N	f	47	89	200	STANDARD	f	0	\N	\N	0	0	0	\N	\N	98	f
224	Freighter	138	200	144	\N	silverstarag_4	solarisplasmotan	\N	\N	0	0	100	6	15	6000	400	0	0	0	8	0	0	0	0	200	200	89	200	7	\N	\N	\N	NONE	\N	f	47	89	200	STANDARD	f	0	\N	\N	0	0	0	\N	\N	49	f
222	Extended Freighter_1	186	89	143	1944	nightmare_16	transwarp	\N	\N	0	0	100	202	30	0	0	0	0	0	0	0	0	0	0	-1	-1	200	143	0	\N	\N	\N	NONE	\N	f	47	186	89	STANDARD	f	30	MINERAL2	18	9	0	0	\N	\N	111.57060544785082	f
225	Small Cruiser	50	200	145	1954	nightmare_6	transwarp	particle_vortex	nova_bombs	0	0	100	373	0	0	0	0	0	0	0	0	0	0	0	-1	-1	0	0	0	\N	\N	\N	NONE	\N	f	47	50	200	STANDARD	f	0	\N	\N	0	0	0	\N	\N	0	f
226	Lab-Ship I	50	200	145	1954	nightmare_15	transwarp	particle_vortex	\N	0	0	100	190	0	0	0	0	0	0	0	0	0	0	0	-1	-1	0	0	0	\N	\N	\N	NONE	\N	f	47	50	200	STANDARD	f	0	\N	\N	0	0	0	\N	\N	0	f
227	Transport	50	200	145	1954	nightmare_7	transwarp	particle_vortex	\N	0	0	100	15	0	0	0	0	0	0	0	0	0	0	0	50	200	0	0	9	225	\N	\N	NONE	\N	f	47	50	200	STANDARD	f	0	\N	\N	0	0	0	\N	\N	0	f
230	E-Freighter	50	152	146	1964	vantu_4	solarisplasmotan	\N	\N	0	0	100	6	0	0	0	0	0	0	0	0	0	0	0	101	191	0	0	7	\N	\N	\N	NONE	\N	f	47	50	152	STANDARD	f	30	MINERAL3	24	7	0	0	\N	\N	0	f
228	E-Freighter	88	181	146	\N	vantu_4	solarisplasmotan	\N	\N	0	0	100	6	27	0	0	0	0	0	0	0	0	0	0	101	191	50	152	7	\N	\N	\N	NONE	\N	f	47	50	152	STANDARD	f	30	MINERAL2	22	7	0	0	\N	\N	243.8018564030719	f
229	E-Freighter	50	152	146	1964	vantu_4	solarisplasmotan	\N	\N	0	0	100	6	0	0	0	0	0	0	0	0	0	0	0	-1	-1	0	0	0	\N	\N	\N	NONE	\N	f	47	50	152	STANDARD	f	0	\N	\N	0	0	0	\N	\N	0	f
233	Bird Wing	43	162	147	\N	silverstarag_11	solarisplasmotan	particle_vortex	nova_bombs	0	0	100	79	56	0	0	0	0	0	0	0	0	0	0	-1	-1	50	200	0	\N	\N	\N	NONE	\N	f	47	50	200	STANDARD	f	0	\N	\N	0	0	0	\N	5	38.63935817272331	f
231	Jumper	50	200	147	1968	silverstarag_5	psion_flow_net	particle_vortex	\N	0	0	100	10	0	0	0	0	0	0	0	0	0	0	0	43	162	0	0	8	233	\N	\N	NONE	\N	f	47	50	200	STANDARD	f	0	\N	\N	0	0	0	\N	5	0	f
232	Cloakshape	121	160	147	1973	silverstarag_8	transwarp	particle_vortex	nova_bombs	0	0	100	82	43	0	0	0	0	0	0	0	0	0	0	43	162	0	0	9	233	\N	\N	NONE	\N	f	47	50	200	STANDARD	f	0	\N	\N	0	0	0	\N	5	81	f
234	Alpha Scout	68	187	150	1998	oltin_3	transwarp	particle_vortex	\N	0	0	100	86	0	0	0	0	0	0	0	0	0	0	0	-1	-1	0	0	0	\N	\N	\N	NONE	\N	f	47	68	187	STANDARD	f	0	\N	\N	0	0	0	\N	7	0	f
235	Destroyer	68	187	150	1998	oltin_7	transwarp	particle_vortex	\N	0	0	100	165	0	0	0	0	0	0	0	0	0	0	0	-1	-1	0	0	0	\N	\N	\N	NONE	\N	f	47	68	187	STANDARD	f	0	\N	\N	0	0	0	\N	6	0	f
237	Omega Freighter	68	187	150	1998	oltin_13	transwarp	\N	\N	0	0	100	202	0	0	0	0	0	0	0	0	0	0	0	68	187	0	0	9	236	\N	\N	NONE	\N	f	47	68	187	STANDARD	f	0	\N	\N	0	0	0	\N	8	0	f
236	Tactical Spheres	68	187	150	1998	oltin_14	transwarp	particle_vortex	nova_bombs	0	0	100	2910	0	0	0	0	0	0	0	0	0	0	0	-1	-1	0	0	0	\N	\N	\N	NONE	\N	f	47	68	187	STANDARD	f	0	\N	\N	0	0	0	\N	8	0	f
238	Colossus	68	187	150	1998	oltin_10	transwarp	\N	\N	0	0	100	102	0	0	0	0	0	0	0	0	0	0	0	-1	-1	0	0	0	\N	\N	\N	NONE	\N	f	47	68	187	STANDARD	f	0	\N	\N	0	0	0	\N	10	0	f
239	Cube	68	187	150	1998	oltin_16	transwarp	particle_vortex	nova_bombs	0	0	100	1230	0	0	0	0	0	0	0	0	0	0	0	68	187	0	0	9	238	\N	\N	NONE	\N	f	47	68	187	STANDARD	f	0	\N	\N	0	0	0	\N	10	0	f
242	Colossus	151	110	153	\N	oltin_10	transwarp	\N	\N	0	0	100	102	588	0	0	0	0	0	0	0	0	0	0	105	158	0	0	9	244	\N	\N	NONE	\N	f	47	65	159	STANDARD	f	0	\N	\N	0	0	0	\N	12	98.88854381999832	f
243	Tactical Spheres	171	239	153	\N	oltin_14	transwarp	particle_vortex	nova_bombs	0	0	100	2910	1133	0	0	0	0	0	0	0	0	0	0	105	158	0	0	9	244	\N	\N	NONE	\N	f	47	65	159	STANDARD	f	0	\N	\N	0	0	0	\N	12	133.80151512977633	f
244	Diamond	105	158	153	\N	oltin_15	transwarp	particle_vortex	\N	0	0	100	120	414	0	0	0	0	0	0	0	0	0	0	-1	-1	0	0	0	\N	\N	\N	NONE	\N	f	47	65	159	STANDARD	f	0	\N	\N	0	0	0	\N	12	40.01249804748511	f
245	Vortex Sphere	65	159	153	2018	oltin_12	transwarp	particle_vortex	\N	0	0	100	190	0	0	0	0	0	0	0	0	0	0	0	-1	-1	0	0	0	\N	\N	\N	NONE	\N	f	47	65	159	STANDARD	f	0	\N	\N	0	0	0	\N	13	0	f
246	Pyramid Freighter	65	159	153	2018	oltin_6	transwarp	\N	\N	0	0	100	6	0	0	0	0	0	0	0	0	0	0	0	65	159	0	0	9	245	\N	\N	NONE	\N	f	47	65	159	STANDARD	f	0	\N	\N	0	0	0	\N	13	0	f
240	Xadron Freighter	115	117	151	2002	orion_3	transwarp	\N	\N	0	0	100	102	92	0	0	0	0	0	0	0	0	0	0	-1	-1	0	0	0	\N	\N	\N	NONE	\N	f	47	98	178	STANDARD	f	0	\N	\N	0	0	0	\N	\N	63.324560795950255	f
241	Niolan Freighter	98	178	151	2007	orion_4	transwarp	\N	\N	0	0	100	202	0	0	0	0	0	0	0	0	0	0	0	-1	-1	0	0	0	\N	\N	\N	NONE	\N	f	47	98	178	STANDARD	f	0	\N	\N	0	0	0	\N	\N	0	f
247	Xadron Freighter	98	178	151	2007	orion_3	psion_flow_net	\N	\N	0	0	100	102	0	0	0	0	0	0	0	0	0	0	0	-1	-1	0	0	0	\N	\N	\N	NONE	\N	f	47	98	178	STANDARD	f	0	\N	\N	0	0	0	\N	\N	0	f
248	Drovoloon	115	117	151	2002	orion_17	transwarp	particle_vortex	nova_bombs	0	0	100	79	134	500	2000	2	3	4	1	0	0	0	0	-1	-1	0	0	0	\N	\N	\N	NONE	\N	f	47	98	178	STANDARD	f	0	\N	\N	0	0	0	\N	\N	63.324560795950255	f
249	Bundaram	162	212	151	\N	orion_13	transwarp	particle_vortex	nova_bombs	0	0	100	328	245	1000	2000	20	30	15	10	0	0	0	0	-1	-1	0	0	0	\N	\N	\N	NONE	\N	f	47	98	178	STANDARD	f	0	\N	\N	0	0	0	\N	\N	72.47068372797375	f
250	Ciroxyt	162	212	151	\N	orion_11	transwarp	particle_vortex	nova_bombs	0	0	100	1010	53	6000	200	30	20	10	40	0	0	0	0	162	212	98	178	9	249	\N	\N	NONE	\N	f	47	98	178	STANDARD	f	0	\N	\N	0	0	0	\N	\N	72.47068372797375	f
251	Erakzil	162	212	151	\N	orion_18	transwarp	particle_vortex	\N	0	0	100	430	87	0	0	0	0	0	0	0	0	0	0	162	212	98	178	9	249	\N	\N	NONE	\N	f	47	98	178	STANDARD	f	0	\N	\N	0	0	0	\N	\N	72.47068372797375	f
252	Seseal	166	165	151	\N	orion_15	transwarp	particle_vortex	nova_bombs	0	0	100	190	44	0	1000	0	0	0	10	0	0	0	0	166	165	98	178	9	253	\N	\N	NONE	\N	f	47	98	178	STANDARD	f	0	\N	\N	0	0	0	\N	\N	69.2314957226839	f
253	Guadrol	166	165	151	\N	orion_14	transwarp	particle_vortex	\N	0	0	100	162	134	1000	0	0	0	0	0	0	0	0	0	-1	-1	98	178	0	\N	\N	\N	NONE	\N	f	47	98	178	STANDARD	f	0	\N	\N	0	0	0	\N	\N	69.2314957226839	f
255	Pyramid Freighter	200	99	155	2030	oltin_6	solarisplasmotan	\N	\N	0	0	100	6	14	0	0	0	0	0	0	0	0	0	0	-1	-1	172	148	0	\N	\N	\N	NONE	\N	f	47	200	99	STANDARD	f	0	\N	\N	0	0	0	\N	\N	98	f
254	Mothership	172	148	154	2033	nightmare_17	psion_flow_net	particle_vortex	nova_bombs	0	0	100	810	243	6000	400	0	0	0	20	20	15	0	0	-1	-1	140	159	0	\N	\N	\N	NONE	\N	f	47	80	181	STANDARD	f	0	\N	\N	0	0	0	\N	\N	97.83784863137726	f
256	Invasion Carrier	178	155	156	\N	kopaytirish_7	psion_flow_net	\N	\N	0	0	100	102	590	0	0	0	0	0	0	0	0	0	0	-1	-1	0	0	0	\N	\N	\N	NONE	\N	f	47	200	145	STANDARD	f	0	\N	\N	0	0	0	\N	\N	24.166091947189145	f
257	Science vessel	174	142	156	\N	kopaytirish_18	transwarp	particle_vortex	nova_bombs	0	0	100	320	300	0	0	0	0	0	0	0	0	0	0	-1	-1	0	0	0	\N	\N	\N	NONE	\N	f	47	200	145	STANDARD	f	0	\N	\N	0	0	0	\N	\N	26.1725046566048	f
258	Otasi	190	173	156	\N	kopaytirish_13	transwarp	particle_vortex	\N	0	0	100	120	423	0	0	0	0	0	0	0	0	0	0	-1	-1	0	0	0	\N	\N	\N	NONE	\N	f	47	200	145	STANDARD	f	0	\N	\N	0	0	0	\N	\N	29.732137494637012	f
259	Invasion Carrier2	199	81	156	\N	kopaytirish_7	psion_flow_net	\N	\N	0	0	100	102	591	0	0	0	0	0	0	0	0	0	0	-1	-1	200	145	0	\N	\N	\N	NONE	\N	f	47	200	145	STANDARD	f	0	\N	\N	0	0	0	\N	\N	64	f
263	Kaz	95	86	158	\N	kopaytirish_20	transwarp	particle_vortex	\N	0	0	100	1958	955	0	0	0	0	0	0	0	0	0	0	95	86	0	0	9	264	\N	\N	NONE	\N	f	47	50	114	STANDARD	f	0	\N	\N	0	0	0	\N	14	53	f
264	Science vessel	95	86	158	\N	kopaytirish_18	transwarp	particle_vortex	nova_bombs	0	0	100	320	285	0	0	0	0	0	0	0	0	0	0	-1	-1	50	114	0	\N	\N	\N	NONE	\N	f	47	50	114	STANDARD	f	0	\N	\N	0	0	0	\N	14	53	f
262	Ajoyib Cruiser	123	50	158	2049	kopaytirish_4	transwarp	particle_vortex	nova_bombs	0	0	100	328	334	0	0	0	0	0	0	0	0	0	0	95	86	0	0	9	264	\N	\N	NONE	\N	f	47	50	114	STANDARD	f	0	\N	\N	0	0	0	\N	14	97.40121946685673	f
260	Orta Cruiser	115	119	158	2051	kopaytirish_5	transwarp	particle_vortex	\N	0	0	100	165	155	0	0	0	0	0	0	0	0	0	0	95	86	0	0	9	264	\N	\N	NONE	\N	f	47	50	114	STANDARD	f	0	\N	\N	0	0	0	\N	14	65.19202405202648	f
261	Katta Destroyer	123	50	158	2049	kopaytirish_11	transwarp	particle_vortex	nova_bombs	0	0	100	328	100	0	0	0	0	0	0	0	0	0	0	95	86	0	0	9	264	\N	\N	NONE	\N	f	47	50	114	STANDARD	f	0	\N	\N	0	0	0	\N	14	97.40121946685673	f
265	Raider MxVII	115	200	159	2056	vantu_7	transwarp	particle_vortex	\N	0	0	100	45	0	0	0	0	0	0	0	0	0	0	0	-1	-1	0	0	0	\N	\N	\N	NONE	\N	f	47	115	200	STANDARD	f	0	\N	\N	0	0	0	\N	\N	0	f
267	Raider MxXII	129	127	159	2061	vantu_15	transwarp	particle_vortex	\N	0	0	100	45	100	0	0	0	0	0	0	0	0	0	0	129	127	115	200	9	268	\N	\N	NONE	\N	f	47	115	200	STANDARD	f	0	\N	\N	0	0	0	\N	15	74.33034373659252	f
266	Raider MxVII	115	200	159	2056	vantu_7	transwarp	particle_vortex	\N	0	0	100	45	0	0	0	0	0	0	0	0	0	0	0	-1	-1	0	0	0	\N	\N	\N	NONE	\N	f	47	115	200	STANDARD	f	0	\N	\N	0	0	0	\N	\N	0	f
271	Raider MxXII	129	127	159	2061	vantu_15	transwarp	particle_vortex	\N	0	0	100	45	112	0	0	0	0	0	0	0	0	0	0	129	127	115	200	9	268	\N	\N	NONE	\N	f	47	115	200	STANDARD	f	0	\N	\N	0	0	0	\N	15	74.33034373659252	f
270	Raider MxXII	129	127	159	2061	vantu_15	transwarp	particle_vortex	\N	0	0	100	45	37	0	0	0	0	0	0	0	0	0	0	129	127	115	200	9	268	\N	\N	NONE	\N	f	47	115	200	STANDARD	f	0	\N	\N	0	0	0	\N	15	74.33034373659252	f
269	Raider MxXII	129	127	159	2061	vantu_15	transwarp	particle_vortex	\N	0	0	100	45	36	0	0	0	0	0	0	0	0	0	0	129	127	115	200	9	268	\N	\N	NONE	\N	f	47	115	200	STANDARD	f	0	\N	\N	0	0	0	\N	15	74.33034373659252	f
268	Raider MxXII	129	127	159	2061	vantu_15	transwarp	particle_vortex	\N	0	0	100	45	101	0	0	0	0	0	0	0	0	0	0	-1	-1	115	200	0	\N	\N	\N	NONE	\N	f	47	115	200	STANDARD	f	0	\N	\N	0	0	0	\N	15	74.33034373659252	f
272	Raider MxXII	129	127	159	2061	vantu_15	transwarp	particle_vortex	\N	0	0	100	45	101	0	0	0	0	0	0	0	0	0	0	129	127	115	200	9	268	\N	\N	NONE	\N	f	47	115	200	STANDARD	f	0	\N	\N	0	0	0	\N	15	74.33034373659252	f
275	Estrara	200	145	160	2071	trodan_21	transwarp	particle_vortex	nova_bombs	0	0	100	513	68	0	0	0	0	0	0	0	0	20	0	200	145	200	200	9	273	\N	\N	NONE	\N	f	47	200	200	STANDARD	f	0	\N	\N	0	0	0	\N	16	55	f
273	Estrara	200	145	160	2071	trodan_21	transwarp	particle_vortex	nova_bombs	0	0	100	513	68	0	0	0	0	0	0	0	0	20	0	-1	-1	200	200	0	\N	\N	\N	NONE	\N	f	47	200	200	STANDARD	f	0	\N	\N	0	0	0	\N	16	55	f
274	Estrara	200	145	160	2071	trodan_21	transwarp	particle_vortex	nova_bombs	0	0	100	513	68	0	0	0	0	0	0	0	0	20	0	200	145	200	200	9	273	\N	\N	NONE	\N	f	47	200	200	STANDARD	f	0	\N	\N	0	0	0	\N	16	55	f
277	Vodurn	200	153	161	2072	trodan_17	transwarp	particle_vortex	nova_bombs	0	0	100	850	0	0	0	0	0	0	0	0	0	0	0	200	153	0	0	9	276	\N	\N	NONE	\N	f	47	200	153	STANDARD	f	0	\N	\N	0	0	0	\N	17	0	f
279	Violiv	119	163	161	\N	trodan_15	transwarp	particle_vortex	\N	0	0	100	190	562	0	0	0	0	0	0	0	0	0	0	119	163	83	99	9	278	\N	\N	NONE	\N	f	47	200	153	STANDARD	f	0	\N	\N	0	0	0	\N	18	234.49271460773565	f
280	Valatune	119	163	161	\N	trodan_10	transwarp	particle_vortex	nova_bombs	0	0	100	245	174	0	0	0	0	0	0	0	0	5	0	119	163	83	99	9	278	\N	\N	NONE	\N	f	47	200	153	STANDARD	f	0	\N	\N	0	0	0	\N	18	234.49271460773565	f
276	Vodurn	200	153	161	2072	trodan_17	transwarp	particle_vortex	nova_bombs	0	0	100	850	0	0	0	0	0	0	0	0	0	0	0	-1	-1	0	0	0	\N	\N	\N	NONE	\N	f	47	200	153	STANDARD	f	0	\N	\N	0	0	0	\N	17	0	f
278	Dacrussi	119	163	161	\N	trodan_16	transwarp	\N	\N	0	0	100	202	1058	0	0	0	0	0	0	0	0	0	0	-1	-1	0	0	0	\N	\N	\N	NONE	\N	f	47	200	153	STANDARD	f	0	\N	\N	0	0	0	\N	18	234.49271460773565	f
282	Yulara	150	100	161	2073	trodan_19	psion_flow_net	gravitractor	quantum_torpedos	0	0	100	410	140	0	0	0	0	0	0	0	0	0	0	156	106	200	153	8	281	\N	\N	NONE	\N	f	47	200	153	STANDARD	f	0	\N	\N	0	0	0	\N	19	64	f
281	Yulara	150	100	161	2073	trodan_19	psion_flow_net	gravitractor	quantum_torpedos	0	0	100	410	140	0	0	0	0	0	0	0	0	0	0	-1	-1	200	153	0	\N	\N	\N	NONE	\N	f	47	200	153	STANDARD	f	0	\N	\N	0	0	0	\N	19	64	f
284	Spore capsule	200	57	163	2083	kuatoh_1	solarisplasmotan	laser	\N	0	0	100	12	29	0	0	0	0	0	0	0	0	0	0	-1	-1	0	0	0	\N	\N	\N	NONE	\N	f	47	200	57	STANDARD	f	0	\N	\N	0	0	0	\N	\N	136.6205486653988	f
283	Oriabital	180	122	162	2086	silverstarag_17	transwarp	particle_vortex	nova_bombs	0	0	100	510	96	0	0	0	0	0	0	0	0	30	0	-1	-1	0	0	0	\N	\N	\N	PLANET_BOMBARDMENT	\N	f	47	71	194	STANDARD	f	0	\N	\N	0	0	0	\N	\N	130.9299509312797	f
285	Freighter	128	78	172	2106	kopaytirish_16	solarisplasmotan	\N	\N	0	0	100	6	15	6000	400	0	0	0	7	0	0	0	0	147	132	0	0	7	\N	\N	\N	NONE	\N	f	47	128	78	STANDARD	f	0	\N	\N	0	0	0	\N	\N	0	f
286	Freighter	91	200	174	2114	trodan_5	solarisplasmotan	laser	\N	0	0	100	6	15	6000	400	0	0	0	9	0	0	0	0	140	156	0	0	7	\N	\N	\N	NONE	\N	f	47	91	200	STANDARD	f	0	\N	\N	0	0	0	\N	\N	0	f
289	Freighter	97	155	190	2140	silverstarag_4	solarisplasmotan	\N	\N	0	0	100	6	97	3000	200	0	0	0	4	0	0	0	0	64	200	121	105	7	\N	\N	\N	NONE	\N	f	47	200	84	STANDARD	f	0	\N	\N	0	0	0	\N	\N	130.28002478313795	f
290	Freighter	177	172	190	2138	silverstarag_4	solarisplasmotan	\N	\N	0	0	100	6	56	4500	300	0	0	0	6	0	0	0	0	50	124	187	131	7	\N	\N	\N	NONE	\N	f	47	200	84	STANDARD	f	0	\N	\N	0	0	0	\N	\N	91.20189569201838	f
287	Freighter	113	94	190	\N	silverstarag_4	solarisplasmotan	\N	\N	0	0	100	6	57	3000	200	0	0	0	4	0	0	0	0	121	105	86	54	7	\N	\N	\N	NONE	\N	f	47	200	84	STANDARD	f	0	\N	\N	0	0	0	\N	\N	164.4928556845359	f
288	Mothership	120	160	189	\N	nightmare_17	transwarp	particle_vortex	nova_bombs	0	0	100	810	255	0	0	0	0	0	0	0	0	0	0	-1	-1	50	124	0	\N	\N	\N	NONE	\N	f	47	50	124	STANDARD	f	0	\N	\N	0	0	0	\N	\N	78.71467461661771	f
291	Freighter	119	152	192	\N	silverstarag_4	solarisplasmotan	\N	\N	0	0	100	6	49	4500	300	0	0	0	6	0	0	0	0	125	125	109	200	7	\N	\N	\N	NONE	\N	f	47	50	200	STANDARD	f	0	\N	\N	0	0	0	\N	\N	98	f
292	Ulkan Freighter	125	125	191	2151	kopaytirish_2	transwarp	\N	\N	0	0	100	202	0	0	0	0	0	0	0	0	0	0	0	-1	-1	0	0	0	\N	\N	\N	NONE	\N	f	47	162	50	STANDARD	f	0	\N	\N	0	0	0	\N	\N	81	f
293	Scout	57	151	192	\N	silverstarag_5	solarisplasmotan	laser	\N	0	0	100	10	40	0	0	0	0	0	0	0	0	0	0	65	105	50	200	7	\N	\N	\N	NONE	\N	f	47	50	200	STANDARD	f	0	\N	\N	0	0	0	\N	\N	49	f
296	Scout	172	60	194	2158	oltin_2	solarisplasmotan	laser	\N	0	0	100	6	27	0	0	0	0	0	0	0	0	0	0	200	191	0	0	7	\N	\N	56	ACTIVE_ABILITY	\N	f	47	172	60	STANDARD	f	0	\N	\N	0	0	0	\N	\N	0	f
297	Freighter	172	60	194	2158	oltin_6	solarisplasmotan	\N	\N	0	0	100	6	0	6000	400	0	0	0	12	0	0	0	0	-1	-1	0	0	0	\N	\N	\N	NONE	\N	f	47	172	60	STANDARD	f	0	\N	\N	0	0	0	\N	\N	0	f
294	Freighter	90	148	194	\N	oltin_6	solarisplasmotan	\N	\N	0	0	100	6	110	0	0	0	0	0	0	0	0	0	0	172	60	57	184	7	\N	\N	\N	NONE	\N	f	47	172	60	STANDARD	f	0	\N	\N	0	0	0	\N	\N	258.9283882771841	f
295	Scout	136	93	194	\N	oltin_2	solarisplasmotan	laser	\N	0	0	100	6	29	0	0	0	0	0	0	0	0	0	0	106	121	172	60	7	\N	\N	\N	NONE	\N	f	47	172	60	STANDARD	f	0	\N	\N	0	0	0	\N	\N	49	f
299	Freighter	67	50	197	\N	nightmare_5	solarisplasmotan	\N	\N	0	0	100	6	12	6000	400	0	0	0	12	0	0	0	0	50	50	116	50	7	\N	\N	\N	NONE	\N	f	47	116	50	STANDARD	f	0	\N	\N	0	0	0	\N	\N	49	f
300	Ulkan Destroyer	98	153	195	\N	kopaytirish_10	transwarp	particle_vortex	\N	0	0	100	190	784	0	0	0	0	0	0	0	0	0	0	-1	-1	77	163	0	\N	\N	\N	NONE	\N	f	47	77	163	STANDARD	f	0	\N	\N	0	0	0	\N	\N	23.259406699226016	f
298	Freighter	167	100	196	2166	kuatoh_1	solarisplasmotan	laser	\N	0	0	100	12	70	4500	300	0	0	0	5	0	0	0	0	118	126	200	144	7	\N	\N	\N	NONE	\N	f	47	200	144	STANDARD	f	0	\N	\N	0	0	0	\N	\N	49	f
301	Scout	200	144	196	2172	kuatoh_1	solarisplasmotan	laser	\N	0	0	100	12	35	0	0	0	0	0	0	0	0	0	0	98	153	0	0	7	300	\N	\N	NONE	\N	f	47	200	144	STANDARD	f	0	\N	\N	0	0	0	\N	\N	0	f
302	Freighter	116	50	197	2164	nightmare_5	solarisplasmotan	\N	\N	0	0	100	6	15	6000	400	0	0	0	12	0	0	0	0	167	100	0	0	7	\N	\N	\N	NONE	\N	f	47	116	50	STANDARD	f	0	\N	\N	0	0	0	\N	\N	0	f
\.


--
-- Data for Name: ship_ability; Type: TABLE DATA; Schema: public; Owner: skrupeladmin
--

COPY public.ship_ability (id, type, ship_template_id) FROM stdin;
1	JUMP_ENGINE	orion_5
2	SIGNATURE_MASK	orion_5
3	TERRA_FORMER_WARM	orion_10
4	SIGNATURE_MASK	orion_15
5	JUMP_ENGINE	orion_7
6	SIGNATURE_MASK	orion_7
7	SIGNATURE_MASK	orion_16
8	ASTRO_PHYSICS_LAB	orion_6
9	SIGNATURE_MASK	orion_17
10	VIRAL_INVASION	orion_14
11	SIGNATURE_MASK	orion_18
12	VIRAL_INVASION	orion_13
13	QUARK_REORGANIZER	orion_8
14	SIGNATURE_MASK	orion_12
15	SIGNATURE_MASK	orion_11
16	SUB_PARTICLE_CLUSTER	orion_9
17	JUMP_ENGINE	kuatoh_1
18	STRUCTUR_SCANNER	kuatoh_1
19	JUMP_ENGINE	kuatoh_2
20	STRUCTUR_SCANNER	kuatoh_2
21	SUB_PARTICLE_CLUSTER	kuatoh_3
22	CLOAKING_PERFECT	trodan_2
23	ASTRO_PHYSICS_LAB	trodan_3
24	CLOAKING_PERFECT	trodan_4
25	CLOAKING_PERFECT	trodan_6
26	CLOAKING_PERFECT	trodan_7
27	CLOAKING_PERFECT	trodan_8
28	CLOAKING_PERFECT	trodan_9
29	CLOAKING_PERFECT	trodan_22
30	CLOAKING_PERFECT	trodan_11
31	CLOAKING_PERFECT	trodan_21
32	CLOAKING_PERFECT	trodan_14
33	QUARK_REORGANIZER	trodan_15
34	CLOAKING_PERFECT	trodan_17
35	REPAIR	trodan_20
36	SUB_PARTICLE_CLUSTER	trodan_18
37	CLOAKING_RELIABLE	nightmare_6
38	CLOAKING_RELIABLE	nightmare_9
39	SUB_SPACE_DISTORTION	nightmare_10
40	CLOAKING_RELIABLE	nightmare_12
41	SUB_SPACE_DISTORTION	nightmare_14
42	QUARK_REORGANIZER	nightmare_15
43	SUB_PARTICLE_CLUSTER	nightmare_18
44	JUMP_ENGINE	silverstarag_5
45	CLOAKING_RELIABLE	silverstarag_8
46	SIGNATURE_MASK	silverstarag_14
47	QUARK_REORGANIZER	silverstarag_15
48	ASTRO_PHYSICS_LAB	silverstarag_17
49	SUB_PARTICLE_CLUSTER	silverstarag_18
50	EXTENDED_TRANSPORTER	kopaytirish_7
51	CYBERNETICS	kopaytirish_1
52	SUB_SPACE_DISTORTION	kopaytirish_18
53	EXTENDED_SENSORS	kopaytirish_18
54	QUARK_REORGANIZER	kopaytirish_10
55	SUB_PARTICLE_CLUSTER	kopaytirish_13
56	JUMP_ENGINE	oltin_2
57	JUMP_PORTAL	oltin_9
58	QUARK_REORGANIZER	oltin_12
59	SUB_PARTICLE_CLUSTER	oltin_15
60	QUARK_REORGANIZER	kuatoh_3
61	QUARK_REORGANIZER	vantu_11
62	SUB_PARTICLE_CLUSTER	vantu_14
\.


--
-- Data for Name: ship_ability_value; Type: TABLE DATA; Schema: public; Owner: skrupeladmin
--

COPY public.ship_ability_value (ship_ability_id, name, value) FROM stdin;
1	JUMP_ENGINE_COSTS	40
1	JUMP_ENGINE_MAX	1000
1	JUMP_ENGINE_MIN	700
5	JUMP_ENGINE_COSTS	40
5	JUMP_ENGINE_MAX	1000
5	JUMP_ENGINE_MIN	700
10	VIRAL_INVASION_MAX	100
10	VIRAL_INVASION_MIN	45
12	VIRAL_INVASION_MAX	100
12	VIRAL_INVASION_MIN	65
13	QUARK_REORGANIZER_MINERAL1	0
13	QUARK_REORGANIZER_SUPPLIES	113
13	QUARK_REORGANIZER_MINERAL3	0
13	QUARK_REORGANIZER_MINERAL2	113
16	SUB_PARTICLE_CLUSTER_MINERAL2	1
16	SUB_PARTICLE_CLUSTER_MINERAL1	1
16	SUB_PARTICLE_CLUSTER_SUPPLIES	9
16	SUB_PARTICLE_CLUSTER_MINERAL3	1
17	JUMP_ENGINE_COSTS	32
17	JUMP_ENGINE_MAX	1000
17	JUMP_ENGINE_MIN	500
19	JUMP_ENGINE_COSTS	87
19	JUMP_ENGINE_MAX	600
19	JUMP_ENGINE_MIN	300
21	SUB_PARTICLE_CLUSTER_MINERAL2	1
21	SUB_PARTICLE_CLUSTER_MINERAL1	0
21	SUB_PARTICLE_CLUSTER_SUPPLIES	7
21	SUB_PARTICLE_CLUSTER_MINERAL3	1
33	QUARK_REORGANIZER_MINERAL1	0
33	QUARK_REORGANIZER_SUPPLIES	113
33	QUARK_REORGANIZER_MINERAL3	113
33	QUARK_REORGANIZER_MINERAL2	0
35	REPAIR_PERCENTAGE	6
36	SUB_PARTICLE_CLUSTER_MINERAL2	1
36	SUB_PARTICLE_CLUSTER_MINERAL1	1
36	SUB_PARTICLE_CLUSTER_SUPPLIES	9
36	SUB_PARTICLE_CLUSTER_MINERAL3	1
39	SUB_SPACE_DISTORTION_LEVEL	6
41	SUB_SPACE_DISTORTION_LEVEL	9
42	QUARK_REORGANIZER_MINERAL1	0
42	QUARK_REORGANIZER_SUPPLIES	113
42	QUARK_REORGANIZER_MINERAL3	0
42	QUARK_REORGANIZER_MINERAL2	113
43	SUB_PARTICLE_CLUSTER_MINERAL2	1
43	SUB_PARTICLE_CLUSTER_MINERAL1	1
43	SUB_PARTICLE_CLUSTER_SUPPLIES	9
43	SUB_PARTICLE_CLUSTER_MINERAL3	1
44	JUMP_ENGINE_COSTS	52
44	JUMP_ENGINE_MAX	600
44	JUMP_ENGINE_MIN	400
47	QUARK_REORGANIZER_MINERAL1	0
47	QUARK_REORGANIZER_SUPPLIES	113
47	QUARK_REORGANIZER_MINERAL3	113
47	QUARK_REORGANIZER_MINERAL2	0
49	SUB_PARTICLE_CLUSTER_MINERAL2	1
49	SUB_PARTICLE_CLUSTER_MINERAL1	1
49	SUB_PARTICLE_CLUSTER_SUPPLIES	9
49	SUB_PARTICLE_CLUSTER_MINERAL3	1
50	EXTENDED_TRANSPORTER_RANGE	25
51	CYBERNETICS_VALUE	5060
52	SUB_SPACE_DISTORTION_LEVEL	4
54	QUARK_REORGANIZER_MINERAL1	0
54	QUARK_REORGANIZER_SUPPLIES	113
54	QUARK_REORGANIZER_MINERAL3	0
54	QUARK_REORGANIZER_MINERAL2	113
55	SUB_PARTICLE_CLUSTER_MINERAL2	2
55	SUB_PARTICLE_CLUSTER_MINERAL1	1
55	SUB_PARTICLE_CLUSTER_SUPPLIES	11
55	SUB_PARTICLE_CLUSTER_MINERAL3	0
56	JUMP_ENGINE_COSTS	53
56	JUMP_ENGINE_MAX	750
56	JUMP_ENGINE_MIN	500
57	JUMP_PORTAL_MINERAL1	172
57	JUMP_PORTAL_FUEL	213
57	JUMP_PORTAL_MINERAL3	178
57	JUMP_PORTAL_MINERAL2	195
58	QUARK_REORGANIZER_MINERAL1	0
58	QUARK_REORGANIZER_SUPPLIES	113
58	QUARK_REORGANIZER_MINERAL3	0
58	QUARK_REORGANIZER_MINERAL2	113
59	SUB_PARTICLE_CLUSTER_MINERAL2	2
59	SUB_PARTICLE_CLUSTER_MINERAL1	1
59	SUB_PARTICLE_CLUSTER_SUPPLIES	11
59	SUB_PARTICLE_CLUSTER_MINERAL3	1
60	QUARK_REORGANIZER_MINERAL1	0
60	QUARK_REORGANIZER_SUPPLIES	113
60	QUARK_REORGANIZER_MINERAL3	0
60	QUARK_REORGANIZER_MINERAL2	113
61	QUARK_REORGANIZER_MINERAL1	0
61	QUARK_REORGANIZER_SUPPLIES	113
61	QUARK_REORGANIZER_MINERAL3	0
61	QUARK_REORGANIZER_MINERAL2	113
62	SUB_PARTICLE_CLUSTER_MINERAL2	1
62	SUB_PARTICLE_CLUSTER_MINERAL1	1
62	SUB_PARTICLE_CLUSTER_SUPPLIES	12
62	SUB_PARTICLE_CLUSTER_MINERAL3	1
\.


--
-- Data for Name: ship_route_entry; Type: TABLE DATA; Schema: public; Owner: skrupeladmin
--

COPY public.ship_route_entry (id, ship_id, planet_id, order_id, wait_for_full_storage, money_action, supply_action, fuel_action, mineral1_action, mineral2_action, mineral3_action) FROM stdin;
1	40	990	0	f	LEAVE	LEAVE	LEAVE	LEAVE	LEAVE	LEAVE
2	40	992	1	f	TAKE	TAKE	TAKE	TAKE	TAKE	TAKE
3	40	999	2	f	TAKE	TAKE	TAKE	TAKE	TAKE	TAKE
4	41	1006	0	f	TAKE	TAKE	TAKE	TAKE	TAKE	TAKE
5	41	1007	1	f	LEAVE	LEAVE	LEAVE	LEAVE	LEAVE	LEAVE
6	42	1010	0	f	LEAVE	LEAVE	LEAVE	LEAVE	LEAVE	LEAVE
7	42	1016	1	f	TAKE	TAKE	TAKE	TAKE	TAKE	TAKE
10	43	1025	0	f	LEAVE	LEAVE	LEAVE	LEAVE	LEAVE	LEAVE
11	43	1020	1	f	TAKE	TAKE	TAKE	TAKE	TAKE	TAKE
14	76	1158	0	f	TAKE	TAKE	IGNORE	TAKE	TAKE	TAKE
15	76	1150	1	f	LEAVE	LEAVE	IGNORE	LEAVE	LEAVE	LEAVE
16	215	1936	0	f	TAKE	TAKE	TAKE	TAKE	TAKE	TAKE
17	215	1936	1	f	LEAVE	LEAVE	LEAVE	LEAVE	LEAVE	LEAVE
18	222	1944	0	f	LEAVE	LEAVE	LEAVE	LEAVE	LEAVE	LEAVE
19	222	1950	1	f	TAKE	TAKE	TAKE	TAKE	TAKE	TAKE
21	228	1964	0	f	LEAVE	LEAVE	LEAVE	LEAVE	LEAVE	LEAVE
22	228	1960	1	f	TAKE	TAKE	TAKE	TAKE	TAKE	TAKE
23	228	1966	2	f	TAKE	TAKE	TAKE	TAKE	TAKE	TAKE
24	230	1960	0	f	LEAVE	LEAVE	LEAVE	LEAVE	LEAVE	LEAVE
25	230	1966	1	f	TAKE	TAKE	TAKE	TAKE	TAKE	TAKE
26	230	1964	2	f	TAKE	TAKE	TAKE	TAKE	TAKE	TAKE
\.


--
-- Data for Name: ship_template; Type: TABLE DATA; Schema: public; Owner: skrupeladmin
--

COPY public.ship_template (id, faction_id, tech_level, image, crew, mass, fuel_capacity, storage_space, propulsion_systems_count, energy_weapons_count, projectile_weapons_count, hangar_capacity, cost_money, cost_mineral1, cost_mineral2, cost_mineral3) FROM stdin;
orion_1	orion	1	1.jpg	2	30	200	70	1	0	0	0	10	2	2	3
orion_5	orion	2	5.jpg	6	30	80	15	1	2	0	0	30	12	17	7
orion_10	orion	3	10.jpg	70	32	180	30	2	2	0	0	190	10	20	3
orion_15	orion	3	15.jpg	190	90	180	50	1	4	2	0	70	25	50	7
orion_7	orion	3	7.jpg	2	80	40	60	1	0	4	0	55	25	10	20
orion_2	orion	3	2.jpg	6	60	250	200	1	0	0	0	65	4	4	6
orion_16	orion	4	16.jpg	78	35	110	30	2	2	2	0	30	4	3	13
orion_6	orion	4	6.jpg	286	115	450	250	2	4	2	0	150	32	37	23
orion_17	orion	5	17.jpg	79	100	140	30	2	4	4	0	170	12	23	57
orion_14	orion	5	14.jpg	162	90	140	110	2	4	0	0	100	5	45	35
orion_18	orion	6	18.jpg	430	180	470	350	2	4	0	4	390	42	61	73
orion_3	orion	6	3.jpg	102	130	600	1200	2	0	0	0	160	85	7	8
orion_13	orion	8	13.jpg	328	210	260	170	2	7	5	0	510	120	113	105
orion_8	orion	9	8.jpg	190	712	800	1050	10	6	0	0	970	125	150	527
orion_12	orion	9	12.jpg	1870	820	1400	300	6	4	0	9	990	422	184	165
orion_4	orion	10	4.jpg	202	160	1200	2600	4	0	0	0	220	125	13	18
orion_11	orion	10	11.jpg	1010	650	560	320	4	10	10	0	810	240	343	350
orion_9	orion	10	9.jpg	120	920	450	2700	10	8	0	0	840	625	250	134
kuatoh_1	kuatoh	3	1.jpg	12	40	200	150	1	1	0	0	55	6	6	8
kuatoh_2	kuatoh	6	2.jpg	192	110	500	1000	2	1	0	0	120	35	27	38
trodan_1	trodan	1	1.jpg	2	30	170	50	1	0	0	0	10	3	3	4
trodan_2	trodan	1	2.jpg	352	170	230	120	2	0	0	0	90	42	71	33
trodan_3	trodan	2	3.jpg	175	75	180	20	2	3	0	0	113	32	37	45
trodan_4	trodan	3	4.jpg	55	55	220	15	2	1	0	0	125	52	47	55
trodan_5	trodan	3	5.jpg	6	60	250	200	1	1	0	0	65	4	4	6
trodan_6	trodan	4	6.jpg	373	175	430	100	2	4	2	0	117	46	61	54
trodan_7	trodan	4	7.jpg	426	248	450	80	2	4	2	0	153	52	57	68
trodan_8	trodan	5	8.jpg	489	283	460	280	2	10	2	0	323	81	97	89
trodan_9	trodan	5	9.jpg	210	105	140	60	2	2	4	0	115	37	51	35
trodan_22	trodan	6	22.jpg	497	285	520	250	2	8	3	0	325	78	97	85
trodan_10	trodan	6	10.jpg	245	115	220	50	2	7	1	0	240	102	73	65
trodan_11	trodan	6	11.jpg	322	180	190	80	2	7	0	3	380	52	61	123
trodan_12	trodan	6	12.jpg	220	193	170	35	4	8	4	0	280	35	45	89
trodan_13	trodan	7	13.jpg	98	130	600	1200	2	0	0	0	170	75	17	12
trodan_21	trodan	7	21.jpg	513	325	510	250	3	8	4	0	395	85	105	97
trodan_19	trodan	8	19.jpg	410	162	150	25	2	10	5	0	290	45	95	56
trodan_14	trodan	8	14.jpg	430	313	180	35	2	10	4	0	320	105	95	65
trodan_15	trodan	9	15.jpg	190	712	800	1050	10	6	0	0	970	125	150	527
trodan_16	trodan	10	16.jpg	202	160	1200	2600	4	0	0	0	220	125	13	18
trodan_17	trodan	10	17.jpg	850	551	310	140	4	10	6	1	419	178	197	94
trodan_20	trodan	10	20.jpg	145	130	600	600	6	2	0	0	560	485	227	103
trodan_18	trodan	10	18.jpg	180	937	550	2800	10	9	0	0	842	627	253	129
nightmare_1	nightmare	1	1.jpg	2	30	200	70	1	0	0	0	10	2	2	3
nightmare_2	nightmare	2	2.jpg	352	170	230	120	2	4	0	0	90	42	81	43
nightmare_3	nightmare	2	3.jpg	175	75	180	20	2	6	0	0	60	12	27	45
nightmare_4	nightmare	3	4.jpg	2	10	900	2	2	0	0	0	20	10	2	20
nightmare_5	nightmare	3	5.jpg	6	60	250	200	1	0	0	0	65	4	4	6
nightmare_6	nightmare	4	6.jpg	373	175	430	100	2	4	2	0	120	42	71	63
nightmare_7	nightmare	4	7.jpg	15	175	180	50	1	2	0	0	25	2	2	20
nightmare_8	nightmare	5	8.jpg	525	275	480	260	2	8	2	0	320	82	91	93
nightmare_9	nightmare	5	9.jpg	222	90	120	40	2	2	4	0	110	32	43	25
nightmare_10	nightmare	6	10.jpg	265	96	160	40	2	7	0	0	180	32	53	65
nightmare_11	nightmare	6	11.jpg	322	180	190	80	2	7	0	3	380	52	61	123
nightmare_12	nightmare	6	12.jpg	240	113	140	35	2	6	4	0	280	25	45	89
nightmare_13	nightmare	6	13.jpg	102	130	600	1200	2	0	0	0	160	85	7	8
nightmare_14	nightmare	8	14.jpg	420	153	150	25	2	10	2	0	280	25	35	95
nightmare_15	nightmare	9	15.jpg	190	712	800	1050	10	6	0	0	970	125	150	527
nightmare_16	nightmare	10	16.jpg	202	160	1200	2600	4	0	0	0	220	125	13	18
nightmare_17	nightmare	10	17.jpg	810	451	290	130	4	10	8	0	410	170	193	90
nightmare_18	nightmare	10	18.jpg	120	920	450	2700	10	8	0	0	840	625	250	134
silverstarag_1	silverstarag	1	1.jpg	2	30	200	70	1	0	0	0	10	2	2	3
silverstarag_2	silverstarag	1	2.jpg	2	37	220	20	1	1	0	0	50	6	25	5
silverstarag_3	silverstarag	2	3.jpg	4	65	90	1	1	3	0	0	60	12	27	25
silverstarag_4	silverstarag	3	4.jpg	6	60	250	200	1	0	0	0	65	4	4	6
silverstarag_5	silverstarag	3	5.jpg	10	67	90	1	1	4	0	0	69	27	34	17
silverstarag_6	silverstarag	4	6.jpg	75	65	85	20	1	6	0	0	50	42	26	15
silverstarag_7	silverstarag	4	7.jpg	12	10	900	2	2	0	0	0	20	10	2	20
silverstarag_8	silverstarag	5	8.jpg	82	90	180	50	1	4	2	0	70	25	50	7
silverstarag_9	silverstarag	5	9.jpg	265	86	160	40	2	7	0	0	130	32	43	65
silverstarag_10	silverstarag	6	10.jpg	102	130	600	1200	2	0	0	0	160	85	7	8
silverstarag_11	silverstarag	6	11.jpg	79	100	140	30	2	4	4	0	170	12	23	57
silverstarag_12	silverstarag	7	12.jpg	525	275	480	260	2	6	2	0	320	82	91	93
silverstarag_13	silverstarag	8	13.jpg	370	173	140	65	2	4	0	2	410	35	66	99
silverstarag_14	silverstarag	8	14.jpg	265	101	140	80	2	2	2	0	270	20	30	53
silverstarag_15	silverstarag	9	15.jpg	190	712	800	1050	10	6	0	0	970	125	150	527
silverstarag_16	silverstarag	10	16.jpg	202	160	1200	2600	4	0	0	0	220	125	13	18
silverstarag_17	silverstarag	10	17.jpg	510	451	400	90	4	8	6	0	410	140	113	390
silverstarag_18	silverstarag	10	18.jpg	120	920	450	2700	10	4	2	2	840	625	250	134
kopaytirish_6	kopaytirish	1	6.jpg	2	30	200	70	1	0	0	0	10	2	2	3
kopaytirish_8	kopaytirish	2	8.jpg	10	65	90	1	1	3	0	0	60	12	27	25
kopaytirish_16	kopaytirish	3	16.jpg	6	60	250	200	1	0	0	0	65	4	4	6
kopaytirish_9	kopaytirish	3	9.jpg	10	67	90	1	1	4	0	0	69	27	34	17
kopaytirish_19	kopaytirish	4	19.jpg	426	248	450	80	2	4	2	0	153	52	57	68
kopaytirish_15	kopaytirish	4	15.jpg	258	60	320	70	1	1	0	2	80	22	23	10
kopaytirish_12	kopaytirish	5	12.jpg	152	250	240	180	2	6	0	4	320	42	91	143
kopaytirish_5	kopaytirish	5	5.jpg	165	86	160	40	2	7	0	0	130	32	43	65
kopaytirish_17	kopaytirish	6	17.jpg	102	130	600	1200	2	0	0	0	160	85	7	8
kopaytirish_14	kopaytirish	6	14.jpg	958	350	980	80	4	4	0	7	390	242	71	12
kopaytirish_7	kopaytirish	7	7.jpg	102	130	600	950	2	0	0	0	360	85	75	88
kopaytirish_1	kopaytirish	7	1.jpg	15	130	250	550	2	2	0	0	25	32	32	48
kopaytirish_11	kopaytirish	8	11.jpg	328	150	260	170	4	7	5	0	510	140	143	150
kopaytirish_18	kopaytirish	8	18.jpg	320	293	300	25	2	6	1	0	280	53	74	115
kopaytirish_4	kopaytirish	9	4.jpg	328	180	350	95	4	6	6	0	460	35	53	79
kopaytirish_10	kopaytirish	9	10.jpg	190	712	800	1050	10	6	0	0	970	125	150	527
kopaytirish_2	kopaytirish	10	2.jpg	202	160	1200	2600	4	0	0	0	220	125	13	18
kopaytirish_3	kopaytirish	10	3.jpg	1010	650	560	320	6	10	8	0	240	260	343	350
kopaytirish_20	kopaytirish	10	20.jpg	1958	850	2000	300	8	6	0	10	990	442	171	32
kopaytirish_13	kopaytirish	10	13.jpg	120	920	450	2700	10	8	0	0	840	625	250	134
oltin_1	oltin	1	1.jpg	2	30	200	70	1	0	0	0	10	2	2	3
oltin_2	oltin	1	2.jpg	6	30	80	15	1	2	0	0	30	12	17	7
oltin_3	oltin	1	3.jpg	86	47	270	50	1	2	0	0	50	6	25	5
oltin_4	oltin	2	4.jpg	258	60	320	70	1	1	0	2	80	22	23	10
oltin_5	oltin	2	5.jpg	8	35	270	70	1	4	0	0	40	6	20	15
oltin_6	oltin	3	6.jpg	6	60	250	200	1	0	0	0	65	4	4	6
oltin_7	oltin	5	7.jpg	165	86	160	40	2	7	0	0	130	32	43	65
oltin_8	oltin	5	8.jpg	170	130	470	250	2	4	1	0	120	52	61	63
oltin_9	oltin	6	9.jpg	236	120	440	600	2	6	2	0	290	32	47	84
oltin_10	oltin	6	10.jpg	102	130	600	1200	2	0	0	0	160	85	7	8
oltin_16	oltin	8	16.jpg	1230	470	600	140	6	8	6	0	423	173	143	350
oltin_11	oltin	9	11.jpg	2810	860	1260	320	6	10	0	8	910	340	343	495
oltin_12	oltin	9	12.jpg	190	712	800	1050	10	6	0	0	970	125	150	527
oltin_13	oltin	10	13.jpg	202	160	1200	2600	4	0	0	0	220	125	13	18
oltin_14	oltin	10	14.jpg	2910	960	1260	320	6	10	10	0	910	340	343	550
oltin_15	oltin	10	15.jpg	120	920	450	2700	10	8	0	0	840	625	250	534
kuatoh_3	kuatoh	10	3.jpg	240	820	550	2800	6	1	0	0	1240	475	260	384
vantu_1	vantu	1	1.jpg	2	30	200	70	1	0	0	0	10	2	2	3
vantu_2	vantu	2	2.jpg	4	20	80	10	2	2	0	2	80	22	23	10
vantu_3	vantu	3	3.jpg	45	120	200	50	2	4	0	0	120	32	61	5
vantu_4	vantu	3	4.jpg	6	60	250	200	1	0	0	0	65	4	4	6
vantu_5	vantu	4	5.jpg	312	290	650	50	4	1	0	6	150	190	110	35
vantu_6	vantu	5	6.jpg	6	80	1100	60	2	0	0	0	50	10	2	20
vantu_7	vantu	5	7.jpg	45	130	300	40	2	2	0	3	130	70	23	10
vantu_8	vantu	6	8.jpg	958	350	980	80	4	4	0	7	390	242	71	36
vantu_9	vantu	6	9.jpg	65	130	600	1200	2	0	0	0	160	85	7	8
vantu_15	vantu	7	15.jpg	45	100	140	30	2	5	0	2	485	32	30	85
vantu_10	vantu	9	10.jpg	1258	560	1480	200	6	4	0	8	690	242	131	45
vantu_11	vantu	9	11.jpg	190	712	800	1050	10	6	0	0	970	125	150	527
vantu_12	vantu	10	12.jpg	202	160	1200	2600	4	0	0	0	220	125	13	18
vantu_13	vantu	10	13.jpg	1958	850	2000	300	8	6	0	10	990	442	171	85
vantu_14	vantu	10	14.jpg	120	920	450	3500	10	8	0	0	840	625	250	134
\.


--
-- Data for Name: shock_wave_destruction_log_entry; Type: TABLE DATA; Schema: public; Owner: skrupeladmin
--

COPY public.shock_wave_destruction_log_entry (id, news_entry_id, ship_name, ship_template_id, damage, destroyed, ship_id) FROM stdin;
\.


--
-- Data for Name: small_meteor_log_entry; Type: TABLE DATA; Schema: public; Owner: skrupeladmin
--

COPY public.small_meteor_log_entry (id, news_entry_id, planet_id, fuel, mineral1, mineral2, mineral3) FROM stdin;
\.


--
-- Data for Name: space_combat_log_entry; Type: TABLE DATA; Schema: public; Owner: skrupeladmin
--

COPY public.space_combat_log_entry (id, news_entry_id) FROM stdin;
\.


--
-- Data for Name: space_combat_log_entry_item; Type: TABLE DATA; Schema: public; Owner: skrupeladmin
--

COPY public.space_combat_log_entry_item (id, space_combat_log_entry_id, enemy, destroyed, ship_name, ship_template_id, propulsion_system_template_name, energy_weapon_template_name, projectile_weapon_template_name, captured, ship_id) FROM stdin;
\.


--
-- Data for Name: space_fold; Type: TABLE DATA; Schema: public; Owner: skrupeladmin
--

COPY public.space_fold (id, game_id, x, y, money, supplies, fuel, mineral1, mineral2, mineral3, ship_id, planet_id) FROM stdin;
\.


--
-- Data for Name: starbase; Type: TABLE DATA; Schema: public; Owner: skrupeladmin
--

COPY public.starbase (id, type, name, log, defense, hull_level, propulsion_level, energy_level, projectile_level) FROM stdin;
1	STAR_BASE	Starbase 1	\N	0	3	7	1	0
2	STAR_BASE	Starbase 1	Scout	0	6	6	3	2
3	STAR_BASE	Starbase 1	\N	0	0	0	0	0
4	STAR_BASE	Starbase 1	\N	0	0	0	0	0
5	STAR_BASE	Starbase 1	\N	0	0	0	0	0
6	STAR_BASE	Starbase 1	Freighter	0	6	6	2	2
7	STAR_BASE	Starbase 1	\N	0	6	6	3	3
8	STAR_BASE	Starbase 1	\N	0	0	0	0	0
9	STAR_BASE	Starbase 1	\N	0	3	7	1	0
10	STAR_BASE	Starbase 1	\N	0	3	7	1	0
11	STAR_BASE	Starbase 1	\N	0	3	7	0	0
12	STAR_BASE	Starbase 1	\N	0	0	0	0	0
13	STAR_BASE	Starbase 1	\N	0	0	0	0	0
14	STAR_BASE	Starbase 1	\N	0	3	7	0	0
15	STAR_BASE	Starbase 1	\N	0	0	0	0	0
16	STAR_BASE	Starbase 1	\N	0	3	7	1	0
17	STAR_BASE	Starbase 1	\N	0	3	7	0	0
18	STAR_BASE	Starbase 1	\N	0	3	7	1	0
19	STAR_BASE	Starbase 1	\N	0	3	7	1	0
20	STAR_BASE	Starbase 1	\N	0	0	0	0	0
21	STAR_BASE	Starbase 1	Scout	0	6	7	2	2
22	STAR_BASE	Starbase 1	Freighter	0	6	7	2	2
23	STAR_BASE	Starbase 1	\N	0	0	0	0	0
24	STAR_BASE	Starbase 1	\N	0	6	7	2	1
25	STAR_BASE	Starbase 1	Freighter	0	6	7	2	2
26	STAR_BASE	Starbase 1	\N	0	3	7	1	0
27	STAR_BASE	Starbase 1	\N	0	3	7	0	0
28	STAR_BASE	Starbase 1	\N	0	3	9	0	0
29	STAR_BASE	Starbase 1	\N	0	0	0	0	0
30	STAR_BASE	Starbase 1	\N	0	0	0	0	0
31	STAR_BASE	Starbase 1	\N	0	0	0	0	0
32	STAR_BASE	Starbase 1	\N	0	0	0	0	0
33	STAR_BASE	Starbase 1	\N	0	0	0	0	0
34	STAR_BASE	Starbase 1	\N	0	0	0	0	0
35	STAR_BASE	Starbase 1	\N	0	0	0	0	0
36	STAR_BASE	Starbase 1	\N	0	10	10	10	10
37	STAR_BASE	Starbase 1	Bomber	0	6	7	2	2
38	STAR_BASE	Starbase 1	\N	0	10	10	10	10
39	STAR_BASE	Starbase 1	Scout	0	6	7	2	2
40	STAR_BASE	Starbase 1	\N	0	10	10	10	10
41	STAR_BASE	Starbase 1	\N	0	6	7	2	2
42	STAR_BASE	Starbase 1	\N	0	10	10	10	10
43	STAR_BASE	Starbase 1	Bomber	0	6	7	2	1
44	STAR_BASE	Starbase 1	\N	0	10	10	10	10
45	STAR_BASE	Starbase 1	Scout	0	6	7	2	2
46	STAR_BASE	Starbase 1	\N	0	10	10	10	10
47	STAR_BASE	Starbase 1	\N	0	10	10	10	10
49	STAR_BASE	Starbase 1	Freighter	0	6	7	2	2
48	STAR_BASE	Starbase 1	\N	50	10	10	10	10
50	STAR_BASE	Starbase 1	\N	0	10	10	10	10
51	STAR_BASE	Starbase 1	Scout	0	6	7	3	2
52	STAR_BASE	Starbase 1	\N	0	10	10	10	10
53	STAR_BASE	Starbase 1	Scout	0	6	7	2	1
54	WAR_BASE	Warbase 1	\N	0	10	10	10	10
55	STAR_BASE	Starbase 1	\N	0	10	10	10	10
56	STAR_BASE	Starbase 1	\N	0	6	7	2	2
57	STAR_BASE	Starbase 1	\N	0	10	10	10	10
58	STAR_BASE	Starbase 1	\N	0	6	7	2	2
59	STAR_BASE	Starbase 1	\N	0	10	10	10	10
60	STAR_BASE	Starbase 1	Scout	0	6	7	2	2
61	STAR_BASE	Starbase 1	\N	0	10	10	10	10
62	STAR_BASE	Starbase 1	\N	0	6	7	2	2
66	STAR_BASE	Starbase 1	Scout	0	6	7	3	2
63	STAR_BASE	Starbase 1	\N	0	10	10	10	10
64	STAR_BASE	Starbase 1	\N	0	6	7	2	2
67	STAR_BASE	Starbase 1	\N	0	10	10	10	10
65	STAR_BASE	Starbase 1	\N	0	10	10	10	10
68	STAR_BASE	Starbase 1	\N	0	6	7	2	2
69	STAR_BASE	Starbase 1	\N	0	0	0	0	0
70	STAR_BASE	Starbase 1	\N	0	6	6	1	1
71	STAR_BASE	Starbase 1	\N	0	10	10	10	10
73	STAR_BASE	Starbase 1	\N	0	10	10	10	10
72	STAR_BASE	Starbase 1	\N	0	6	6	3	1
74	STAR_BASE	Starbase 1	Bomber	0	6	6	3	2
75	STAR_BASE	Starbase 1	\N	0	10	10	10	10
76	STAR_BASE	Starbase 1	Scout	0	6	7	2	2
77	STAR_BASE	Starbase 1	\N	0	10	10	10	10
78	STAR_BASE	Starbase 1	Scout	0	6	7	2	2
79	STAR_BASE	Starbase 1	\N	0	10	10	10	10
80	STAR_BASE	Starbase 1	\N	0	10	10	10	10
81	STAR_BASE	Starbase 1	\N	0	10	10	10	10
82	STAR_BASE	Starbase 1	\N	0	10	10	10	10
83	STAR_BASE	Starbase 1	\N	0	10	10	10	10
84	STAR_BASE	Starbase 1	Freighter	0	3	7	1	1
85	STAR_BASE	Starbase 1	\N	0	10	10	10	10
86	STAR_BASE	Starbase 1	Scout	0	3	7	1	1
87	STAR_BASE	Starbase 1	\N	0	0	0	0	0
88	STAR_BASE	Starbase 1	\N	0	10	10	10	10
89	STAR_BASE	Starbase 1	\N	0	10	10	10	10
90	STAR_BASE	Starbase 1	\N	0	3	7	1	1
91	STAR_BASE	Starbase 1	\N	0	10	10	10	10
92	STAR_BASE	Starbase 1	Scout	0	3	7	1	1
94	STAR_BASE	Starbase 1	\N	0	10	10	10	10
93	STAR_BASE	Starbase 1	\N	0	10	10	10	10
96	STAR_BASE	Starbase 1	\N	0	10	10	10	10
95	STAR_BASE	Starbase 1	\N	0	10	10	10	10
97	STAR_BASE	Starbase 1	\N	0	0	0	0	0
99	STAR_BASE	Starbase 1	\N	0	3	7	1	1
98	STAR_BASE	Starbase 1	\N	0	3	7	1	1
100	STAR_BASE	Starbase 1	\N	0	0	0	0	0
101	STAR_BASE	Starbase 1	\N	0	5	7	2	2
102	STAR_BASE	Starbase 1	\N	0	3	7	0	0
103	STAR_BASE	Starbase 1	\N	0	10	10	10	10
104	STAR_BASE	Starbase 1	\N	0	10	10	10	10
105	STAR_BASE	Starbase 1	\N	0	10	10	10	10
106	STAR_BASE	Starbase 1	\N	0	10	10	10	10
107	STAR_BASE	Starbase 1	\N	0	3	7	1	1
109	STAR_BASE	Starbase 1	\N	0	10	10	10	10
108	STAR_BASE	Starbase 1	Freighter	0	3	7	1	1
110	STAR_BASE	Starbase 1	\N	0	10	10	10	10
111	STAR_BASE	Starbase 1	\N	0	3	7	1	0
112	STAR_BASE	Starbase 1	\N	0	10	10	10	10
113	STAR_BASE	Starbase 1	\N	0	0	0	0	0
114	STAR_BASE	Starbase 1	\N	0	10	10	10	10
115	STAR_BASE	Starbase 1	\N	0	10	10	10	10
116	STAR_BASE	Starbase 1	\N	0	10	10	10	10
117	STAR_BASE	Starbase 1	\N	0	10	10	10	10
118	STAR_BASE	Starbase 1	\N	0	10	10	10	10
119	STAR_BASE	Starbase 1	\N	0	10	10	10	10
120	STAR_BASE	Starbase 1	\N	0	3	7	0	0
121	STAR_BASE	Starbase 1	\N	0	10	10	10	10
122	STAR_BASE	Starbase 1	\N	0	10	10	10	10
123	STAR_BASE	Starbase 1	\N	0	10	10	10	10
124	STAR_BASE	Starbase 1	\N	0	10	10	10	10
125	STAR_BASE	Starbase 1	\N	0	10	10	10	10
126	STAR_BASE	Starbase 1	\N	0	10	10	10	10
127	STAR_BASE	Starbase 1	\N	0	3	7	1	0
128	STAR_BASE	Starbase 1	\N	0	0	0	0	0
129	STAR_BASE	Starbase 1	\N	0	3	7	1	1
130	STAR_BASE	Starbase 1	\N	0	0	0	0	0
131	STAR_BASE	Starbase 1	\N	0	3	7	1	1
132	STAR_BASE	Starbase 1	\N	0	0	0	0	0
133	STAR_BASE	Starbase 1	\N	0	3	7	1	1
135	STAR_BASE	Starbase 1	\N	0	0	0	0	0
134	STAR_BASE	Starbase 1	\N	0	3	7	1	1
137	STAR_BASE	Starbase 1	\N	0	0	0	0	0
136	STAR_BASE	Starbase 1	\N	0	3	7	1	1
138	STAR_BASE	Starbase 1	\N	0	0	0	0	0
139	STAR_BASE	Starbase 1	\N	0	3	7	1	1
141	STAR_BASE	Starbase 1	\N	0	10	10	10	10
140	STAR_BASE	Starbase 1	Freighter	0	3	7	1	1
143	STAR_BASE	Starbase 1	\N	0	10	10	10	10
142	STAR_BASE	Starbase 1	Scout	0	3	7	1	1
144	STAR_BASE	Starbase 1	\N	50	10	10	10	10
145	STAR_BASE	Starbase 1	\N	0	3	7	1	1
146	STAR_BASE	Starbase 1	\N	0	10	10	10	10
148	STAR_BASE	Starbase 1	Scout	0	3	7	1	1
147	STAR_BASE	Starbase 1	Freighter	0	3	7	1	1
\.


--
-- Data for Name: starbase_hull_stock; Type: TABLE DATA; Schema: public; Owner: skrupeladmin
--

COPY public.starbase_hull_stock (id, starbase_id, ship_template_id, stock) FROM stdin;
36	60	orion_5	1
60	78	kuatoh_1	1
70	92	kuatoh_1	1
98	148	kuatoh_1	1
99	147	nightmare_5	1
\.


--
-- Data for Name: starbase_propulsion_stock; Type: TABLE DATA; Schema: public; Owner: skrupeladmin
--

COPY public.starbase_propulsion_stock (id, starbase_id, propulsion_system_template_name, stock) FROM stdin;
\.


--
-- Data for Name: starbase_ship_construction_job; Type: TABLE DATA; Schema: public; Owner: skrupeladmin
--

COPY public.starbase_ship_construction_job (id, ship_name, starbase_id, ship_template_id, propulsion_system_template_name, energy_weapon_template_name, projectile_weapon_template_name, ship_module, fleet_id) FROM stdin;
8	Scout	7	silverstarag_5	micro_grav	laser	\N	\N	\N
19	Scout	24	kuatoh_1	tachion_flux	plasma_blaster	\N	\N	\N
41	Scout	41	kuatoh_1	solarisplasmotan	plasma_blaster	\N	\N	\N
81	Scout	56	orion_5	tachion_flux	plasma_blaster	\N	\N	\N
86	Scout	58	orion_5	tachion_flux	plasma_blaster	\N	\N	\N
93	Scout	62	orion_5	solarisplasmotan	plasma_blaster	\N	\N	\N
98	Scout	64	kuatoh_1	tachion_flux	plasma_blaster	\N	\N	\N
108	Scout	68	kuatoh_1	tachion_flux	plasma_blaster	\N	\N	\N
109	Freighter	70	oltin_6	micro_grav	\N	\N	\N	\N
112	Scout	72	orion_5	micro_grav	disruptor	\N	\N	\N
153	Scout	90	oltin_2	solarisplasmotan	laser	\N	\N	\N
165	Freighter	99	kuatoh_1	solarisplasmotan	laser	\N	\N	\N
166	Freighter	98	nightmare_5	solarisplasmotan	\N	\N	\N	\N
270	Freighter	129	nightmare_5	solarisplasmotan	\N	\N	\N	\N
271	Freighter	131	nightmare_5	solarisplasmotan	\N	\N	\N	\N
273	Freighter	133	kopaytirish_16	solarisplasmotan	\N	\N	\N	\N
275	Freighter	134	trodan_5	solarisplasmotan	laser	\N	\N	\N
276	Freighter	136	orion_2	solarisplasmotan	\N	\N	\N	\N
277	Freighter	139	trodan_5	solarisplasmotan	laser	\N	\N	\N
289	Bomber	145	oltin_5	solarisplasmotan	laser	\N	\N	\N
\.


--
-- Data for Name: starbase_weapon_stock; Type: TABLE DATA; Schema: public; Owner: skrupeladmin
--

COPY public.starbase_weapon_stock (id, starbase_id, weapon_template_name, stock) FROM stdin;
\.


--
-- Data for Name: story_mode_campaign; Type: TABLE DATA; Schema: public; Owner: skrupeladmin
--

COPY public.story_mode_campaign (id, login_id, faction_id, highest_unlocked_mission, highest_completed_mission, mission_count, sort_order) FROM stdin;
1	2	silverstarag	1	0	3	0
2	3	silverstarag	1	0	3	0
3	4	silverstarag	1	0	3	0
4	1	silverstarag	1	0	3	0
5	5	silverstarag	1	0	3	0
6	6	silverstarag	1	0	3	0
7	7	silverstarag	1	0	3	0
8	8	silverstarag	1	0	3	0
9	9	silverstarag	1	0	3	0
\.


--
-- Data for Name: team; Type: TABLE DATA; Schema: public; Owner: skrupeladmin
--

COPY public.team (id, name, game_id) FROM stdin;
1	Standard	102
2	Bots	102
3	Standard	105
4	Standard	111
5	Enemies	111
\.


--
-- Data for Name: weapon_template; Type: TABLE DATA; Schema: public; Owner: skrupeladmin
--

COPY public.weapon_template (name, tech_level, uses_projectiles, cost_money, cost_mineral1, cost_mineral2, cost_mineral3, damage_index) FROM stdin;
laser	1	f	1	0	1	0	1
phaser	1	f	2	0	1	0	2
plasma_blaster	2	f	5	2	1	0	3
disruptor	3	f	10	12	1	1	4
tachion_beam	4	f	12	12	1	5	5
desintegrator	5	f	13	12	1	1	6
gravitractor	6	f	31	12	1	14	7
potential_compressor	7	f	35	12	1	30	8
tryxoker	8	f	36	18	1	38	9
particle_vortex	10	f	54	12	1	57	10
fusion_rockets	1	t	1	1	1	0	1
photon_torpedos	2	t	2	0	1	0	2
transform_canon	3	t	4	4	1	0	3
gamma_bombs	3	t	10	3	1	1	4
fission_torpedos	4	t	12	1	1	5	5
mun_catapult	5	t	13	4	1	1	6
quantum_torpedos	6	t	31	7	1	14	7
micromit_battery	7	t	35	2	1	7	8
singularity_launcher	8	t	36	3	1	8	9
nova_bombs	10	t	54	1	1	9	10
\.


--
-- Data for Name: worm_hole; Type: TABLE DATA; Schema: public; Owner: skrupeladmin
--

COPY public.worm_hole (id, x, y, type, game_id, connection_id, ship_id) FROM stdin;
2	13	94	JUMP_PORTAL	67	1	178
1	136	21	JUMP_PORTAL	67	2	178
\.


--
-- Name: achievement_id_seq; Type: SEQUENCE SET; Schema: public; Owner: skrupeladmin
--

SELECT pg_catalog.setval('public.achievement_id_seq', 15, true);


--
-- Name: aquired_ship_template_id_seq; Type: SEQUENCE SET; Schema: public; Owner: skrupeladmin
--

SELECT pg_catalog.setval('public.aquired_ship_template_id_seq', 1, false);


--
-- Name: control_group_id_seq; Type: SEQUENCE SET; Schema: public; Owner: skrupeladmin
--

SELECT pg_catalog.setval('public.control_group_id_seq', 1, false);


--
-- Name: data_privacy_statement_id_seq; Type: SEQUENCE SET; Schema: public; Owner: skrupeladmin
--

SELECT pg_catalog.setval('public.data_privacy_statement_id_seq', 1, false);


--
-- Name: fleet_id_seq; Type: SEQUENCE SET; Schema: public; Owner: skrupeladmin
--

SELECT pg_catalog.setval('public.fleet_id_seq', 19, true);


--
-- Name: game_id_seq; Type: SEQUENCE SET; Schema: public; Owner: skrupeladmin
--

SELECT pg_catalog.setval('public.game_id_seq', 111, true);


--
-- Name: i18n_id_seq; Type: SEQUENCE SET; Schema: public; Owner: skrupeladmin
--

SELECT pg_catalog.setval('public.i18n_id_seq', 294, true);


--
-- Name: installation_details_id_seq; Type: SEQUENCE SET; Schema: public; Owner: skrupeladmin
--

SELECT pg_catalog.setval('public.installation_details_id_seq', 1, true);


--
-- Name: login_id_seq; Type: SEQUENCE SET; Schema: public; Owner: skrupeladmin
--

SELECT pg_catalog.setval('public.login_id_seq', 10, true);


--
-- Name: login_role_id_seq; Type: SEQUENCE SET; Schema: public; Owner: skrupeladmin
--

SELECT pg_catalog.setval('public.login_role_id_seq', 14, true);


--
-- Name: login_stats_faction_id_seq; Type: SEQUENCE SET; Schema: public; Owner: skrupeladmin
--

SELECT pg_catalog.setval('public.login_stats_faction_id_seq', 33, true);


--
-- Name: match_making_criteria_item_id_seq; Type: SEQUENCE SET; Schema: public; Owner: skrupeladmin
--

SELECT pg_catalog.setval('public.match_making_criteria_item_id_seq', 1, false);


--
-- Name: match_making_entry_id_seq; Type: SEQUENCE SET; Schema: public; Owner: skrupeladmin
--

SELECT pg_catalog.setval('public.match_making_entry_id_seq', 1, false);


--
-- Name: mine_field_id_seq; Type: SEQUENCE SET; Schema: public; Owner: skrupeladmin
--

SELECT pg_catalog.setval('public.mine_field_id_seq', 1, false);


--
-- Name: mineral_race_player_progress_notification_id_seq; Type: SEQUENCE SET; Schema: public; Owner: skrupeladmin
--

SELECT pg_catalog.setval('public.mineral_race_player_progress_notification_id_seq', 1, false);


--
-- Name: native_species_id_seq; Type: SEQUENCE SET; Schema: public; Owner: skrupeladmin
--

SELECT pg_catalog.setval('public.native_species_id_seq', 1, false);


--
-- Name: news_entry_argument_id_seq; Type: SEQUENCE SET; Schema: public; Owner: skrupeladmin
--

SELECT pg_catalog.setval('public.news_entry_argument_id_seq', 797, true);


--
-- Name: news_entry_id_seq; Type: SEQUENCE SET; Schema: public; Owner: skrupeladmin
--

SELECT pg_catalog.setval('public.news_entry_id_seq', 583, true);


--
-- Name: notification_id_seq; Type: SEQUENCE SET; Schema: public; Owner: skrupeladmin
--

SELECT pg_catalog.setval('public.notification_id_seq', 430, true);


--
-- Name: orbital_combat_log_entry_id_seq; Type: SEQUENCE SET; Schema: public; Owner: skrupeladmin
--

SELECT pg_catalog.setval('public.orbital_combat_log_entry_id_seq', 1, false);


--
-- Name: orbital_system_id_seq; Type: SEQUENCE SET; Schema: public; Owner: skrupeladmin
--

SELECT pg_catalog.setval('public.orbital_system_id_seq', 8254, true);


--
-- Name: planet_id_seq; Type: SEQUENCE SET; Schema: public; Owner: skrupeladmin
--

SELECT pg_catalog.setval('public.planet_id_seq', 2172, true);


--
-- Name: plasma_storm_id_seq; Type: SEQUENCE SET; Schema: public; Owner: skrupeladmin
--

SELECT pg_catalog.setval('public.plasma_storm_id_seq', 1, false);


--
-- Name: player_death_foe_id_seq; Type: SEQUENCE SET; Schema: public; Owner: skrupeladmin
--

SELECT pg_catalog.setval('public.player_death_foe_id_seq', 3, true);


--
-- Name: player_encounter_id_seq; Type: SEQUENCE SET; Schema: public; Owner: skrupeladmin
--

SELECT pg_catalog.setval('public.player_encounter_id_seq', 1, false);


--
-- Name: player_id_seq; Type: SEQUENCE SET; Schema: public; Owner: skrupeladmin
--

SELECT pg_catalog.setval('public.player_id_seq', 197, true);


--
-- Name: player_message_id_seq; Type: SEQUENCE SET; Schema: public; Owner: skrupeladmin
--

SELECT pg_catalog.setval('public.player_message_id_seq', 1, false);


--
-- Name: player_planet_scan_log_id_seq; Type: SEQUENCE SET; Schema: public; Owner: skrupeladmin
--

SELECT pg_catalog.setval('public.player_planet_scan_log_id_seq', 2335, true);


--
-- Name: player_relation_id_seq; Type: SEQUENCE SET; Schema: public; Owner: skrupeladmin
--

SELECT pg_catalog.setval('public.player_relation_id_seq', 12, true);


--
-- Name: player_relation_request_id_seq; Type: SEQUENCE SET; Schema: public; Owner: skrupeladmin
--

SELECT pg_catalog.setval('public.player_relation_request_id_seq', 1, true);


--
-- Name: player_round_stats_id_seq; Type: SEQUENCE SET; Schema: public; Owner: skrupeladmin
--

SELECT pg_catalog.setval('public.player_round_stats_id_seq', 373, true);


--
-- Name: player_starbase_scan_log_id_seq; Type: SEQUENCE SET; Schema: public; Owner: skrupeladmin
--

SELECT pg_catalog.setval('public.player_starbase_scan_log_id_seq', 1, false);


--
-- Name: player_worm_hole_visit_id_seq; Type: SEQUENCE SET; Schema: public; Owner: skrupeladmin
--

SELECT pg_catalog.setval('public.player_worm_hole_visit_id_seq', 2, true);


--
-- Name: ship_ability_id_seq; Type: SEQUENCE SET; Schema: public; Owner: skrupeladmin
--

SELECT pg_catalog.setval('public.ship_ability_id_seq', 62, true);


--
-- Name: ship_id_seq; Type: SEQUENCE SET; Schema: public; Owner: skrupeladmin
--

SELECT pg_catalog.setval('public.ship_id_seq', 302, true);


--
-- Name: ship_route_entry_id_seq; Type: SEQUENCE SET; Schema: public; Owner: skrupeladmin
--

SELECT pg_catalog.setval('public.ship_route_entry_id_seq', 26, true);


--
-- Name: shock_wave_destruction_log_entry_id_seq; Type: SEQUENCE SET; Schema: public; Owner: skrupeladmin
--

SELECT pg_catalog.setval('public.shock_wave_destruction_log_entry_id_seq', 1, false);


--
-- Name: small_meteor_log_entry_id_seq; Type: SEQUENCE SET; Schema: public; Owner: skrupeladmin
--

SELECT pg_catalog.setval('public.small_meteor_log_entry_id_seq', 1, false);


--
-- Name: space_combat_log_entry_id_seq; Type: SEQUENCE SET; Schema: public; Owner: skrupeladmin
--

SELECT pg_catalog.setval('public.space_combat_log_entry_id_seq', 1, false);


--
-- Name: space_combat_log_entry_item_id_seq; Type: SEQUENCE SET; Schema: public; Owner: skrupeladmin
--

SELECT pg_catalog.setval('public.space_combat_log_entry_item_id_seq', 1, false);


--
-- Name: space_fold_id_seq; Type: SEQUENCE SET; Schema: public; Owner: skrupeladmin
--

SELECT pg_catalog.setval('public.space_fold_id_seq', 1, false);


--
-- Name: starbase_hull_stock_id_seq; Type: SEQUENCE SET; Schema: public; Owner: skrupeladmin
--

SELECT pg_catalog.setval('public.starbase_hull_stock_id_seq', 99, true);


--
-- Name: starbase_id_seq; Type: SEQUENCE SET; Schema: public; Owner: skrupeladmin
--

SELECT pg_catalog.setval('public.starbase_id_seq', 148, true);


--
-- Name: starbase_propulsion_stock_id_seq; Type: SEQUENCE SET; Schema: public; Owner: skrupeladmin
--

SELECT pg_catalog.setval('public.starbase_propulsion_stock_id_seq', 94, true);


--
-- Name: starbase_ship_construction_job_id_seq; Type: SEQUENCE SET; Schema: public; Owner: skrupeladmin
--

SELECT pg_catalog.setval('public.starbase_ship_construction_job_id_seq', 294, true);


--
-- Name: starbase_weapon_stock_id_seq; Type: SEQUENCE SET; Schema: public; Owner: skrupeladmin
--

SELECT pg_catalog.setval('public.starbase_weapon_stock_id_seq', 59, true);


--
-- Name: story_mode_campaign_id_seq; Type: SEQUENCE SET; Schema: public; Owner: skrupeladmin
--

SELECT pg_catalog.setval('public.story_mode_campaign_id_seq', 9, true);


--
-- Name: team_id_seq; Type: SEQUENCE SET; Schema: public; Owner: skrupeladmin
--

SELECT pg_catalog.setval('public.team_id_seq', 5, true);


--
-- Name: worm_hole_id_seq; Type: SEQUENCE SET; Schema: public; Owner: skrupeladmin
--

SELECT pg_catalog.setval('public.worm_hole_id_seq', 2, true);


--
-- Name: achievement achievement_pkey; Type: CONSTRAINT; Schema: public; Owner: skrupeladmin
--

ALTER TABLE ONLY public.achievement
    ADD CONSTRAINT achievement_pkey PRIMARY KEY (id);


--
-- Name: aquired_ship_template aquired_ship_template_pkey; Type: CONSTRAINT; Schema: public; Owner: skrupeladmin
--

ALTER TABLE ONLY public.aquired_ship_template
    ADD CONSTRAINT aquired_ship_template_pkey PRIMARY KEY (id);


--
-- Name: control_group control_group_pkey; Type: CONSTRAINT; Schema: public; Owner: skrupeladmin
--

ALTER TABLE ONLY public.control_group
    ADD CONSTRAINT control_group_pkey PRIMARY KEY (id);


--
-- Name: data_privacy_statement data_privacy_statement_pkey; Type: CONSTRAINT; Schema: public; Owner: skrupeladmin
--

ALTER TABLE ONLY public.data_privacy_statement
    ADD CONSTRAINT data_privacy_statement_pkey PRIMARY KEY (id);


--
-- Name: databasechangeloglock databasechangeloglock_pkey; Type: CONSTRAINT; Schema: public; Owner: skrupeladmin
--

ALTER TABLE ONLY public.databasechangeloglock
    ADD CONSTRAINT databasechangeloglock_pkey PRIMARY KEY (id);


--
-- Name: faction faction_pkey; Type: CONSTRAINT; Schema: public; Owner: skrupeladmin
--

ALTER TABLE ONLY public.faction
    ADD CONSTRAINT faction_pkey PRIMARY KEY (id);


--
-- Name: fleet fleet_pkey; Type: CONSTRAINT; Schema: public; Owner: skrupeladmin
--

ALTER TABLE ONLY public.fleet
    ADD CONSTRAINT fleet_pkey PRIMARY KEY (id);


--
-- Name: galaxy_config galaxy_config_pkey; Type: CONSTRAINT; Schema: public; Owner: skrupeladmin
--

ALTER TABLE ONLY public.galaxy_config
    ADD CONSTRAINT galaxy_config_pkey PRIMARY KEY (id);


--
-- Name: game game_pkey; Type: CONSTRAINT; Schema: public; Owner: skrupeladmin
--

ALTER TABLE ONLY public.game
    ADD CONSTRAINT game_pkey PRIMARY KEY (id);


--
-- Name: i18n i18n_pkey; Type: CONSTRAINT; Schema: public; Owner: skrupeladmin
--

ALTER TABLE ONLY public.i18n
    ADD CONSTRAINT i18n_pkey PRIMARY KEY (id);


--
-- Name: installation_details installation_details_pkey; Type: CONSTRAINT; Schema: public; Owner: skrupeladmin
--

ALTER TABLE ONLY public.installation_details
    ADD CONSTRAINT installation_details_pkey PRIMARY KEY (id);


--
-- Name: login login_activation_code_key; Type: CONSTRAINT; Schema: public; Owner: skrupeladmin
--

ALTER TABLE ONLY public.login
    ADD CONSTRAINT login_activation_code_key UNIQUE (activation_code);


--
-- Name: login login_email_key; Type: CONSTRAINT; Schema: public; Owner: skrupeladmin
--

ALTER TABLE ONLY public.login
    ADD CONSTRAINT login_email_key UNIQUE (email);


--
-- Name: login login_password_recovery_token_key; Type: CONSTRAINT; Schema: public; Owner: skrupeladmin
--

ALTER TABLE ONLY public.login
    ADD CONSTRAINT login_password_recovery_token_key UNIQUE (password_recovery_token);


--
-- Name: login login_pkey; Type: CONSTRAINT; Schema: public; Owner: skrupeladmin
--

ALTER TABLE ONLY public.login
    ADD CONSTRAINT login_pkey PRIMARY KEY (id);


--
-- Name: login_role login_role_pkey; Type: CONSTRAINT; Schema: public; Owner: skrupeladmin
--

ALTER TABLE ONLY public.login_role
    ADD CONSTRAINT login_role_pkey PRIMARY KEY (id);


--
-- Name: login_stats_faction login_stats_faction_pkey; Type: CONSTRAINT; Schema: public; Owner: skrupeladmin
--

ALTER TABLE ONLY public.login_stats_faction
    ADD CONSTRAINT login_stats_faction_pkey PRIMARY KEY (id);


--
-- Name: login login_username_key; Type: CONSTRAINT; Schema: public; Owner: skrupeladmin
--

ALTER TABLE ONLY public.login
    ADD CONSTRAINT login_username_key UNIQUE (username);


--
-- Name: match_making_criteria_item match_making_criteria_item_pkey; Type: CONSTRAINT; Schema: public; Owner: skrupeladmin
--

ALTER TABLE ONLY public.match_making_criteria_item
    ADD CONSTRAINT match_making_criteria_item_pkey PRIMARY KEY (id);


--
-- Name: match_making_entry match_making_entry_login_id_key; Type: CONSTRAINT; Schema: public; Owner: skrupeladmin
--

ALTER TABLE ONLY public.match_making_entry
    ADD CONSTRAINT match_making_entry_login_id_key UNIQUE (login_id);


--
-- Name: match_making_entry match_making_entry_pkey; Type: CONSTRAINT; Schema: public; Owner: skrupeladmin
--

ALTER TABLE ONLY public.match_making_entry
    ADD CONSTRAINT match_making_entry_pkey PRIMARY KEY (id);


--
-- Name: mine_field mine_field_pkey; Type: CONSTRAINT; Schema: public; Owner: skrupeladmin
--

ALTER TABLE ONLY public.mine_field
    ADD CONSTRAINT mine_field_pkey PRIMARY KEY (id);


--
-- Name: mineral_race_player_progress_notification mineral_race_player_progress_notification_pkey; Type: CONSTRAINT; Schema: public; Owner: skrupeladmin
--

ALTER TABLE ONLY public.mineral_race_player_progress_notification
    ADD CONSTRAINT mineral_race_player_progress_notification_pkey PRIMARY KEY (id);


--
-- Name: native_species native_species_pkey; Type: CONSTRAINT; Schema: public; Owner: skrupeladmin
--

ALTER TABLE ONLY public.native_species
    ADD CONSTRAINT native_species_pkey PRIMARY KEY (id);


--
-- Name: news_entry_argument news_entry_argument_pkey; Type: CONSTRAINT; Schema: public; Owner: skrupeladmin
--

ALTER TABLE ONLY public.news_entry_argument
    ADD CONSTRAINT news_entry_argument_pkey PRIMARY KEY (id);


--
-- Name: news_entry news_entry_pkey; Type: CONSTRAINT; Schema: public; Owner: skrupeladmin
--

ALTER TABLE ONLY public.news_entry
    ADD CONSTRAINT news_entry_pkey PRIMARY KEY (id);


--
-- Name: notification notification_pkey; Type: CONSTRAINT; Schema: public; Owner: skrupeladmin
--

ALTER TABLE ONLY public.notification
    ADD CONSTRAINT notification_pkey PRIMARY KEY (id);


--
-- Name: orbital_combat_log_entry orbital_combat_log_entry_pkey; Type: CONSTRAINT; Schema: public; Owner: skrupeladmin
--

ALTER TABLE ONLY public.orbital_combat_log_entry
    ADD CONSTRAINT orbital_combat_log_entry_pkey PRIMARY KEY (id);


--
-- Name: orbital_system orbital_system_pkey; Type: CONSTRAINT; Schema: public; Owner: skrupeladmin
--

ALTER TABLE ONLY public.orbital_system
    ADD CONSTRAINT orbital_system_pkey PRIMARY KEY (id);


--
-- Name: planet planet_game_id_x_y_key; Type: CONSTRAINT; Schema: public; Owner: skrupeladmin
--

ALTER TABLE ONLY public.planet
    ADD CONSTRAINT planet_game_id_x_y_key UNIQUE (game_id, x, y);


--
-- Name: planet_name planet_name_pkey; Type: CONSTRAINT; Schema: public; Owner: skrupeladmin
--

ALTER TABLE ONLY public.planet_name
    ADD CONSTRAINT planet_name_pkey PRIMARY KEY (name);


--
-- Name: planet planet_pkey; Type: CONSTRAINT; Schema: public; Owner: skrupeladmin
--

ALTER TABLE ONLY public.planet
    ADD CONSTRAINT planet_pkey PRIMARY KEY (id);


--
-- Name: planet_type planet_type_pkey; Type: CONSTRAINT; Schema: public; Owner: skrupeladmin
--

ALTER TABLE ONLY public.planet_type
    ADD CONSTRAINT planet_type_pkey PRIMARY KEY (id);


--
-- Name: plasma_storm plasma_storm_pkey; Type: CONSTRAINT; Schema: public; Owner: skrupeladmin
--

ALTER TABLE ONLY public.plasma_storm
    ADD CONSTRAINT plasma_storm_pkey PRIMARY KEY (id);


--
-- Name: player_death_foe player_death_foe_pkey; Type: CONSTRAINT; Schema: public; Owner: skrupeladmin
--

ALTER TABLE ONLY public.player_death_foe
    ADD CONSTRAINT player_death_foe_pkey PRIMARY KEY (id);


--
-- Name: player_encounter player_encounter_pkey; Type: CONSTRAINT; Schema: public; Owner: skrupeladmin
--

ALTER TABLE ONLY public.player_encounter
    ADD CONSTRAINT player_encounter_pkey PRIMARY KEY (id);


--
-- Name: player player_game_id_color_key; Type: CONSTRAINT; Schema: public; Owner: skrupeladmin
--

ALTER TABLE ONLY public.player
    ADD CONSTRAINT player_game_id_color_key UNIQUE (game_id, color);


--
-- Name: player_message player_message_pkey; Type: CONSTRAINT; Schema: public; Owner: skrupeladmin
--

ALTER TABLE ONLY public.player_message
    ADD CONSTRAINT player_message_pkey PRIMARY KEY (id);


--
-- Name: player player_pkey; Type: CONSTRAINT; Schema: public; Owner: skrupeladmin
--

ALTER TABLE ONLY public.player
    ADD CONSTRAINT player_pkey PRIMARY KEY (id);


--
-- Name: player_planet_scan_log player_planet_scan_log_pkey; Type: CONSTRAINT; Schema: public; Owner: skrupeladmin
--

ALTER TABLE ONLY public.player_planet_scan_log
    ADD CONSTRAINT player_planet_scan_log_pkey PRIMARY KEY (id);


--
-- Name: player_relation player_relation_pkey; Type: CONSTRAINT; Schema: public; Owner: skrupeladmin
--

ALTER TABLE ONLY public.player_relation
    ADD CONSTRAINT player_relation_pkey PRIMARY KEY (id);


--
-- Name: player_relation_request player_relation_request_pkey; Type: CONSTRAINT; Schema: public; Owner: skrupeladmin
--

ALTER TABLE ONLY public.player_relation_request
    ADD CONSTRAINT player_relation_request_pkey PRIMARY KEY (id);


--
-- Name: player_round_stats player_round_stats_pkey; Type: CONSTRAINT; Schema: public; Owner: skrupeladmin
--

ALTER TABLE ONLY public.player_round_stats
    ADD CONSTRAINT player_round_stats_pkey PRIMARY KEY (id);


--
-- Name: player_starbase_scan_log player_starbase_scan_log_pkey; Type: CONSTRAINT; Schema: public; Owner: skrupeladmin
--

ALTER TABLE ONLY public.player_starbase_scan_log
    ADD CONSTRAINT player_starbase_scan_log_pkey PRIMARY KEY (id);


--
-- Name: player_worm_hole_visit player_worm_hole_visit_pkey; Type: CONSTRAINT; Schema: public; Owner: skrupeladmin
--

ALTER TABLE ONLY public.player_worm_hole_visit
    ADD CONSTRAINT player_worm_hole_visit_pkey PRIMARY KEY (id);


--
-- Name: propulsion_system_template propulsion_system_template_pkey; Type: CONSTRAINT; Schema: public; Owner: skrupeladmin
--

ALTER TABLE ONLY public.propulsion_system_template
    ADD CONSTRAINT propulsion_system_template_pkey PRIMARY KEY (name);


--
-- Name: ship_ability ship_ability_pkey; Type: CONSTRAINT; Schema: public; Owner: skrupeladmin
--

ALTER TABLE ONLY public.ship_ability
    ADD CONSTRAINT ship_ability_pkey PRIMARY KEY (id);


--
-- Name: ship ship_pkey; Type: CONSTRAINT; Schema: public; Owner: skrupeladmin
--

ALTER TABLE ONLY public.ship
    ADD CONSTRAINT ship_pkey PRIMARY KEY (id);


--
-- Name: ship_route_entry ship_route_entry_pkey; Type: CONSTRAINT; Schema: public; Owner: skrupeladmin
--

ALTER TABLE ONLY public.ship_route_entry
    ADD CONSTRAINT ship_route_entry_pkey PRIMARY KEY (id);


--
-- Name: ship_template ship_template_pkey; Type: CONSTRAINT; Schema: public; Owner: skrupeladmin
--

ALTER TABLE ONLY public.ship_template
    ADD CONSTRAINT ship_template_pkey PRIMARY KEY (id);


--
-- Name: small_meteor_log_entry small_meteor_log_entry_pkey; Type: CONSTRAINT; Schema: public; Owner: skrupeladmin
--

ALTER TABLE ONLY public.small_meteor_log_entry
    ADD CONSTRAINT small_meteor_log_entry_pkey PRIMARY KEY (id);


--
-- Name: space_combat_log_entry_item space_combat_log_entry_item_pkey; Type: CONSTRAINT; Schema: public; Owner: skrupeladmin
--

ALTER TABLE ONLY public.space_combat_log_entry_item
    ADD CONSTRAINT space_combat_log_entry_item_pkey PRIMARY KEY (id);


--
-- Name: space_combat_log_entry space_combat_log_entry_pkey; Type: CONSTRAINT; Schema: public; Owner: skrupeladmin
--

ALTER TABLE ONLY public.space_combat_log_entry
    ADD CONSTRAINT space_combat_log_entry_pkey PRIMARY KEY (id);


--
-- Name: space_fold space_fold_pkey; Type: CONSTRAINT; Schema: public; Owner: skrupeladmin
--

ALTER TABLE ONLY public.space_fold
    ADD CONSTRAINT space_fold_pkey PRIMARY KEY (id);


--
-- Name: starbase_hull_stock starbase_hull_stock_pkey; Type: CONSTRAINT; Schema: public; Owner: skrupeladmin
--

ALTER TABLE ONLY public.starbase_hull_stock
    ADD CONSTRAINT starbase_hull_stock_pkey PRIMARY KEY (id);


--
-- Name: starbase starbase_pkey; Type: CONSTRAINT; Schema: public; Owner: skrupeladmin
--

ALTER TABLE ONLY public.starbase
    ADD CONSTRAINT starbase_pkey PRIMARY KEY (id);


--
-- Name: starbase_propulsion_stock starbase_propulsion_stock_pkey; Type: CONSTRAINT; Schema: public; Owner: skrupeladmin
--

ALTER TABLE ONLY public.starbase_propulsion_stock
    ADD CONSTRAINT starbase_propulsion_stock_pkey PRIMARY KEY (id);


--
-- Name: starbase_ship_construction_job starbase_ship_construction_job_pkey; Type: CONSTRAINT; Schema: public; Owner: skrupeladmin
--

ALTER TABLE ONLY public.starbase_ship_construction_job
    ADD CONSTRAINT starbase_ship_construction_job_pkey PRIMARY KEY (id);


--
-- Name: starbase_weapon_stock starbase_weapon_stock_pkey; Type: CONSTRAINT; Schema: public; Owner: skrupeladmin
--

ALTER TABLE ONLY public.starbase_weapon_stock
    ADD CONSTRAINT starbase_weapon_stock_pkey PRIMARY KEY (id);


--
-- Name: story_mode_campaign story_mode_campaign_pkey; Type: CONSTRAINT; Schema: public; Owner: skrupeladmin
--

ALTER TABLE ONLY public.story_mode_campaign
    ADD CONSTRAINT story_mode_campaign_pkey PRIMARY KEY (id);


--
-- Name: shock_wave_destruction_log_entry sub_space_distortion_log_entry_pkey; Type: CONSTRAINT; Schema: public; Owner: skrupeladmin
--

ALTER TABLE ONLY public.shock_wave_destruction_log_entry
    ADD CONSTRAINT sub_space_distortion_log_entry_pkey PRIMARY KEY (id);


--
-- Name: team team_name_game_id_key; Type: CONSTRAINT; Schema: public; Owner: skrupeladmin
--

ALTER TABLE ONLY public.team
    ADD CONSTRAINT team_name_game_id_key UNIQUE (name, game_id);


--
-- Name: team team_pkey; Type: CONSTRAINT; Schema: public; Owner: skrupeladmin
--

ALTER TABLE ONLY public.team
    ADD CONSTRAINT team_pkey PRIMARY KEY (id);


--
-- Name: weapon_template weapon_template_pkey; Type: CONSTRAINT; Schema: public; Owner: skrupeladmin
--

ALTER TABLE ONLY public.weapon_template
    ADD CONSTRAINT weapon_template_pkey PRIMARY KEY (name);


--
-- Name: worm_hole worm_hole_pkey; Type: CONSTRAINT; Schema: public; Owner: skrupeladmin
--

ALTER TABLE ONLY public.worm_hole
    ADD CONSTRAINT worm_hole_pkey PRIMARY KEY (id);


--
-- Name: ids_space_fold_game_id; Type: INDEX; Schema: public; Owner: skrupeladmin
--

CREATE INDEX ids_space_fold_game_id ON public.space_fold USING btree (game_id);


--
-- Name: idsx_player_relation_player1_id; Type: INDEX; Schema: public; Owner: skrupeladmin
--

CREATE INDEX idsx_player_relation_player1_id ON public.player_relation USING btree (player1_id);


--
-- Name: idsx_player_relation_player2_id; Type: INDEX; Schema: public; Owner: skrupeladmin
--

CREATE INDEX idsx_player_relation_player2_id ON public.player_relation USING btree (player2_id);


--
-- Name: idsx_player_relation_request_other_player_id; Type: INDEX; Schema: public; Owner: skrupeladmin
--

CREATE INDEX idsx_player_relation_request_other_player_id ON public.player_relation_request USING btree (other_player_id);


--
-- Name: idsx_player_relation_request_requesting_player_id; Type: INDEX; Schema: public; Owner: skrupeladmin
--

CREATE INDEX idsx_player_relation_request_requesting_player_id ON public.player_relation_request USING btree (requesting_player_id);


--
-- Name: idx_achievement_login_id; Type: INDEX; Schema: public; Owner: skrupeladmin
--

CREATE INDEX idx_achievement_login_id ON public.achievement USING btree (login_id);


--
-- Name: idx_aquired_ship_template_game_id; Type: INDEX; Schema: public; Owner: skrupeladmin
--

CREATE INDEX idx_aquired_ship_template_game_id ON public.aquired_ship_template USING btree (game_id);


--
-- Name: idx_control_group_player_id_hotkey; Type: INDEX; Schema: public; Owner: skrupeladmin
--

CREATE UNIQUE INDEX idx_control_group_player_id_hotkey ON public.control_group USING btree (player_id, hotkey);


--
-- Name: idx_control_group_type_hotkey; Type: INDEX; Schema: public; Owner: skrupeladmin
--

CREATE INDEX idx_control_group_type_hotkey ON public.control_group USING btree (type, hotkey);


--
-- Name: idx_game_creator_id; Type: INDEX; Schema: public; Owner: skrupeladmin
--

CREATE INDEX idx_game_creator_id ON public.game USING btree (creator_id);


--
-- Name: idx_i18n_key_language; Type: INDEX; Schema: public; Owner: skrupeladmin
--

CREATE INDEX idx_i18n_key_language ON public.i18n USING btree (key, language);


--
-- Name: idx_login_activation_code; Type: INDEX; Schema: public; Owner: skrupeladmin
--

CREATE INDEX idx_login_activation_code ON public.login USING btree (activation_code);


--
-- Name: idx_login_email; Type: INDEX; Schema: public; Owner: skrupeladmin
--

CREATE INDEX idx_login_email ON public.login USING btree (email);


--
-- Name: idx_login_password_recovery_token; Type: INDEX; Schema: public; Owner: skrupeladmin
--

CREATE INDEX idx_login_password_recovery_token ON public.login USING btree (password_recovery_token);


--
-- Name: idx_login_role_login_id; Type: INDEX; Schema: public; Owner: skrupeladmin
--

CREATE INDEX idx_login_role_login_id ON public.login_role USING btree (login_id);


--
-- Name: idx_login_stats_faction_login_id; Type: INDEX; Schema: public; Owner: skrupeladmin
--

CREATE INDEX idx_login_stats_faction_login_id ON public.login_stats_faction USING btree (login_id);


--
-- Name: idx_match_making_criteria_item_match_making_entry_id; Type: INDEX; Schema: public; Owner: skrupeladmin
--

CREATE INDEX idx_match_making_criteria_item_match_making_entry_id ON public.match_making_criteria_item USING btree (match_making_entry_id);


--
-- Name: idx_match_making_criteria_item_type_value; Type: INDEX; Schema: public; Owner: skrupeladmin
--

CREATE INDEX idx_match_making_criteria_item_type_value ON public.match_making_criteria_item USING btree (type, value);


--
-- Name: idx_match_making_entry_login_id; Type: INDEX; Schema: public; Owner: skrupeladmin
--

CREATE INDEX idx_match_making_entry_login_id ON public.match_making_entry USING btree (login_id);


--
-- Name: idx_mine_field_game_id; Type: INDEX; Schema: public; Owner: skrupeladmin
--

CREATE INDEX idx_mine_field_game_id ON public.mine_field USING btree (game_id);


--
-- Name: idx_mine_field_player_id; Type: INDEX; Schema: public; Owner: skrupeladmin
--

CREATE INDEX idx_mine_field_player_id ON public.mine_field USING btree (player_id);


--
-- Name: idx_mineral_race_player_progress_notification_player_id; Type: INDEX; Schema: public; Owner: skrupeladmin
--

CREATE INDEX idx_mineral_race_player_progress_notification_player_id ON public.mineral_race_player_progress_notification USING btree (player_id);


--
-- Name: idx_news_entry_argument_news_entry_id; Type: INDEX; Schema: public; Owner: skrupeladmin
--

CREATE INDEX idx_news_entry_argument_news_entry_id ON public.news_entry_argument USING btree (news_entry_id);


--
-- Name: idx_news_entry_game_id; Type: INDEX; Schema: public; Owner: skrupeladmin
--

CREATE INDEX idx_news_entry_game_id ON public.news_entry USING btree (game_id);


--
-- Name: idx_news_entry_player_id; Type: INDEX; Schema: public; Owner: skrupeladmin
--

CREATE INDEX idx_news_entry_player_id ON public.news_entry USING btree (player_id);


--
-- Name: idx_notification_login_id; Type: INDEX; Schema: public; Owner: skrupeladmin
--

CREATE INDEX idx_notification_login_id ON public.notification USING btree (login_id);


--
-- Name: idx_orbital_combat_log_entry_news_entry_id; Type: INDEX; Schema: public; Owner: skrupeladmin
--

CREATE INDEX idx_orbital_combat_log_entry_news_entry_id ON public.orbital_combat_log_entry USING btree (news_entry_id);


--
-- Name: idx_orbital_combat_log_entry_ship_id; Type: INDEX; Schema: public; Owner: skrupeladmin
--

CREATE INDEX idx_orbital_combat_log_entry_ship_id ON public.orbital_combat_log_entry USING btree (ship_id);


--
-- Name: idx_orbital_system_planet_id; Type: INDEX; Schema: public; Owner: skrupeladmin
--

CREATE INDEX idx_orbital_system_planet_id ON public.orbital_system USING btree (planet_id);


--
-- Name: idx_planet_game_id; Type: INDEX; Schema: public; Owner: skrupeladmin
--

CREATE INDEX idx_planet_game_id ON public.planet USING btree (game_id);


--
-- Name: idx_planet_player_id; Type: INDEX; Schema: public; Owner: skrupeladmin
--

CREATE INDEX idx_planet_player_id ON public.planet USING btree (player_id);


--
-- Name: idx_plasma_storm_game_id; Type: INDEX; Schema: public; Owner: skrupeladmin
--

CREATE INDEX idx_plasma_storm_game_id ON public.plasma_storm USING btree (game_id);


--
-- Name: idx_plasma_storm_storm_id; Type: INDEX; Schema: public; Owner: skrupeladmin
--

CREATE INDEX idx_plasma_storm_storm_id ON public.plasma_storm USING btree (storm_id);


--
-- Name: idx_player_death_foe_death_foe_id; Type: INDEX; Schema: public; Owner: skrupeladmin
--

CREATE INDEX idx_player_death_foe_death_foe_id ON public.player_death_foe USING btree (death_foe_id);


--
-- Name: idx_player_death_foe_player_id; Type: INDEX; Schema: public; Owner: skrupeladmin
--

CREATE INDEX idx_player_death_foe_player_id ON public.player_death_foe USING btree (player_id);


--
-- Name: idx_player_encounter_player1_id; Type: INDEX; Schema: public; Owner: skrupeladmin
--

CREATE INDEX idx_player_encounter_player1_id ON public.player_encounter USING btree (player1_id);


--
-- Name: idx_player_encounter_player2_id; Type: INDEX; Schema: public; Owner: skrupeladmin
--

CREATE INDEX idx_player_encounter_player2_id ON public.player_encounter USING btree (player2_id);


--
-- Name: idx_player_login_id; Type: INDEX; Schema: public; Owner: skrupeladmin
--

CREATE INDEX idx_player_login_id ON public.player USING btree (login_id);


--
-- Name: idx_player_message_from_id; Type: INDEX; Schema: public; Owner: skrupeladmin
--

CREATE INDEX idx_player_message_from_id ON public.player_message USING btree (from_id);


--
-- Name: idx_player_message_to_id; Type: INDEX; Schema: public; Owner: skrupeladmin
--

CREATE INDEX idx_player_message_to_id ON public.player_message USING btree (to_id);


--
-- Name: idx_player_planet_scan_log_player_id; Type: INDEX; Schema: public; Owner: skrupeladmin
--

CREATE INDEX idx_player_planet_scan_log_player_id ON public.player_planet_scan_log USING btree (player_id);


--
-- Name: idx_player_round_stats_player_id; Type: INDEX; Schema: public; Owner: skrupeladmin
--

CREATE INDEX idx_player_round_stats_player_id ON public.player_round_stats USING btree (player_id);


--
-- Name: idx_player_starbase_scan_log_player_id; Type: INDEX; Schema: public; Owner: skrupeladmin
--

CREATE INDEX idx_player_starbase_scan_log_player_id ON public.player_starbase_scan_log USING btree (player_id);


--
-- Name: idx_player_worm_hole_visit_player_id; Type: INDEX; Schema: public; Owner: skrupeladmin
--

CREATE INDEX idx_player_worm_hole_visit_player_id ON public.player_worm_hole_visit USING btree (player_id);


--
-- Name: idx_player_worm_hole_visit_worm_hole_id; Type: INDEX; Schema: public; Owner: skrupeladmin
--

CREATE INDEX idx_player_worm_hole_visit_worm_hole_id ON public.player_worm_hole_visit USING btree (worm_hole_id);


--
-- Name: idx_ship_ability_ship_template_id; Type: INDEX; Schema: public; Owner: skrupeladmin
--

CREATE INDEX idx_ship_ability_ship_template_id ON public.ship_ability USING btree (ship_template_id);


--
-- Name: idx_ship_ability_value_ship_ability_id; Type: INDEX; Schema: public; Owner: skrupeladmin
--

CREATE INDEX idx_ship_ability_value_ship_ability_id ON public.ship_ability_value USING btree (ship_ability_id);


--
-- Name: idx_ship_fleet_id; Type: INDEX; Schema: public; Owner: skrupeladmin
--

CREATE INDEX idx_ship_fleet_id ON public.ship USING btree (fleet_id);


--
-- Name: idx_ship_route_entry_ship_id; Type: INDEX; Schema: public; Owner: skrupeladmin
--

CREATE INDEX idx_ship_route_entry_ship_id ON public.ship_route_entry USING btree (ship_id);


--
-- Name: idx_shock_wave_destruction_log_entry_ship_id; Type: INDEX; Schema: public; Owner: skrupeladmin
--

CREATE INDEX idx_shock_wave_destruction_log_entry_ship_id ON public.shock_wave_destruction_log_entry USING btree (ship_id);


--
-- Name: idx_small_meteor_log_entry_news_entry_id; Type: INDEX; Schema: public; Owner: skrupeladmin
--

CREATE INDEX idx_small_meteor_log_entry_news_entry_id ON public.small_meteor_log_entry USING btree (news_entry_id);


--
-- Name: idx_space_combat_log_entry_item_ship_id; Type: INDEX; Schema: public; Owner: skrupeladmin
--

CREATE INDEX idx_space_combat_log_entry_item_ship_id ON public.space_combat_log_entry_item USING btree (ship_id);


--
-- Name: idx_space_combat_log_entry_item_space_combat_log_entry_id; Type: INDEX; Schema: public; Owner: skrupeladmin
--

CREATE INDEX idx_space_combat_log_entry_item_space_combat_log_entry_id ON public.space_combat_log_entry_item USING btree (space_combat_log_entry_id);


--
-- Name: idx_space_combat_log_entry_news_entry_id; Type: INDEX; Schema: public; Owner: skrupeladmin
--

CREATE INDEX idx_space_combat_log_entry_news_entry_id ON public.space_combat_log_entry USING btree (news_entry_id);


--
-- Name: idx_story_mode_campaign_login_id; Type: INDEX; Schema: public; Owner: skrupeladmin
--

CREATE INDEX idx_story_mode_campaign_login_id ON public.story_mode_campaign USING btree (login_id);


--
-- Name: idx_sub_space_distortion_log_entry_news_entry_id; Type: INDEX; Schema: public; Owner: skrupeladmin
--

CREATE INDEX idx_sub_space_distortion_log_entry_news_entry_id ON public.shock_wave_destruction_log_entry USING btree (news_entry_id);


--
-- Name: idx_worm_hole_connection_id; Type: INDEX; Schema: public; Owner: skrupeladmin
--

CREATE INDEX idx_worm_hole_connection_id ON public.worm_hole USING btree (connection_id);


--
-- Name: idx_worm_hole_game_id; Type: INDEX; Schema: public; Owner: skrupeladmin
--

CREATE INDEX idx_worm_hole_game_id ON public.worm_hole USING btree (game_id);


--
-- Name: idx_worm_hole_ship_id; Type: INDEX; Schema: public; Owner: skrupeladmin
--

CREATE INDEX idx_worm_hole_ship_id ON public.worm_hole USING btree (ship_id);


--
-- Name: achievement fk_achievement_login_id; Type: FK CONSTRAINT; Schema: public; Owner: skrupeladmin
--

ALTER TABLE ONLY public.achievement
    ADD CONSTRAINT fk_achievement_login_id FOREIGN KEY (login_id) REFERENCES public.login(id);


--
-- Name: aquired_ship_template fk_aquired_ship_template_game_id; Type: FK CONSTRAINT; Schema: public; Owner: skrupeladmin
--

ALTER TABLE ONLY public.aquired_ship_template
    ADD CONSTRAINT fk_aquired_ship_template_game_id FOREIGN KEY (game_id) REFERENCES public.game(id);


--
-- Name: aquired_ship_template fk_aquired_ship_template_ship_template_id; Type: FK CONSTRAINT; Schema: public; Owner: skrupeladmin
--

ALTER TABLE ONLY public.aquired_ship_template
    ADD CONSTRAINT fk_aquired_ship_template_ship_template_id FOREIGN KEY (ship_template_id) REFERENCES public.ship_template(id);


--
-- Name: control_group fk_control_group_player_id; Type: FK CONSTRAINT; Schema: public; Owner: skrupeladmin
--

ALTER TABLE ONLY public.control_group
    ADD CONSTRAINT fk_control_group_player_id FOREIGN KEY (player_id) REFERENCES public.player(id);


--
-- Name: fleet fk_fleet_leader_id; Type: FK CONSTRAINT; Schema: public; Owner: skrupeladmin
--

ALTER TABLE ONLY public.fleet
    ADD CONSTRAINT fk_fleet_leader_id FOREIGN KEY (leader_id) REFERENCES public.ship(id);


--
-- Name: fleet fk_fleet_player_id; Type: FK CONSTRAINT; Schema: public; Owner: skrupeladmin
--

ALTER TABLE ONLY public.fleet
    ADD CONSTRAINT fk_fleet_player_id FOREIGN KEY (player_id) REFERENCES public.player(id);


--
-- Name: game fk_game_conquest_planet_id; Type: FK CONSTRAINT; Schema: public; Owner: skrupeladmin
--

ALTER TABLE ONLY public.game
    ADD CONSTRAINT fk_game_conquest_planet_id FOREIGN KEY (conquest_planet_id) REFERENCES public.planet(id);


--
-- Name: game fk_game_creator_id; Type: FK CONSTRAINT; Schema: public; Owner: skrupeladmin
--

ALTER TABLE ONLY public.game
    ADD CONSTRAINT fk_game_creator_id FOREIGN KEY (creator_id) REFERENCES public.login(id);


--
-- Name: game fk_game_galaxy_config_id; Type: FK CONSTRAINT; Schema: public; Owner: skrupeladmin
--

ALTER TABLE ONLY public.game
    ADD CONSTRAINT fk_game_galaxy_config_id FOREIGN KEY (galaxy_config_id) REFERENCES public.galaxy_config(id);


--
-- Name: login_role fk_login_role_login_id; Type: FK CONSTRAINT; Schema: public; Owner: skrupeladmin
--

ALTER TABLE ONLY public.login_role
    ADD CONSTRAINT fk_login_role_login_id FOREIGN KEY (login_id) REFERENCES public.login(id);


--
-- Name: login_stats_faction fk_login_stats_faction_login_id; Type: FK CONSTRAINT; Schema: public; Owner: skrupeladmin
--

ALTER TABLE ONLY public.login_stats_faction
    ADD CONSTRAINT fk_login_stats_faction_login_id FOREIGN KEY (login_id) REFERENCES public.login(id);


--
-- Name: match_making_criteria_item fk_match_making_criteria_item_match_making_entry_id; Type: FK CONSTRAINT; Schema: public; Owner: skrupeladmin
--

ALTER TABLE ONLY public.match_making_criteria_item
    ADD CONSTRAINT fk_match_making_criteria_item_match_making_entry_id FOREIGN KEY (match_making_entry_id) REFERENCES public.match_making_entry(id);


--
-- Name: match_making_entry fk_match_making_entry_login_id; Type: FK CONSTRAINT; Schema: public; Owner: skrupeladmin
--

ALTER TABLE ONLY public.match_making_entry
    ADD CONSTRAINT fk_match_making_entry_login_id FOREIGN KEY (login_id) REFERENCES public.login(id);


--
-- Name: mine_field fk_mine_field_game_id; Type: FK CONSTRAINT; Schema: public; Owner: skrupeladmin
--

ALTER TABLE ONLY public.mine_field
    ADD CONSTRAINT fk_mine_field_game_id FOREIGN KEY (game_id) REFERENCES public.game(id);


--
-- Name: mine_field fk_mine_field_player_id; Type: FK CONSTRAINT; Schema: public; Owner: skrupeladmin
--

ALTER TABLE ONLY public.mine_field
    ADD CONSTRAINT fk_mine_field_player_id FOREIGN KEY (player_id) REFERENCES public.player(id);


--
-- Name: mineral_race_player_progress_notification fk_mineral_race_player_progress_notification_player_id; Type: FK CONSTRAINT; Schema: public; Owner: skrupeladmin
--

ALTER TABLE ONLY public.mineral_race_player_progress_notification
    ADD CONSTRAINT fk_mineral_race_player_progress_notification_player_id FOREIGN KEY (player_id) REFERENCES public.player(id);


--
-- Name: news_entry_argument fk_news_entry_argument_news_entry_id; Type: FK CONSTRAINT; Schema: public; Owner: skrupeladmin
--

ALTER TABLE ONLY public.news_entry_argument
    ADD CONSTRAINT fk_news_entry_argument_news_entry_id FOREIGN KEY (news_entry_id) REFERENCES public.news_entry(id);


--
-- Name: news_entry fk_news_entry_game_id; Type: FK CONSTRAINT; Schema: public; Owner: skrupeladmin
--

ALTER TABLE ONLY public.news_entry
    ADD CONSTRAINT fk_news_entry_game_id FOREIGN KEY (game_id) REFERENCES public.game(id);


--
-- Name: news_entry fk_news_entry_player_id; Type: FK CONSTRAINT; Schema: public; Owner: skrupeladmin
--

ALTER TABLE ONLY public.news_entry
    ADD CONSTRAINT fk_news_entry_player_id FOREIGN KEY (player_id) REFERENCES public.player(id);


--
-- Name: notification fk_notification_login_id; Type: FK CONSTRAINT; Schema: public; Owner: skrupeladmin
--

ALTER TABLE ONLY public.notification
    ADD CONSTRAINT fk_notification_login_id FOREIGN KEY (login_id) REFERENCES public.login(id);


--
-- Name: orbital_combat_log_entry fk_orbital_combat_log_entry_energy_weapon_template_name; Type: FK CONSTRAINT; Schema: public; Owner: skrupeladmin
--

ALTER TABLE ONLY public.orbital_combat_log_entry
    ADD CONSTRAINT fk_orbital_combat_log_entry_energy_weapon_template_name FOREIGN KEY (energy_weapon_template_name) REFERENCES public.weapon_template(name);


--
-- Name: orbital_combat_log_entry fk_orbital_combat_log_entry_news_entry_id; Type: FK CONSTRAINT; Schema: public; Owner: skrupeladmin
--

ALTER TABLE ONLY public.orbital_combat_log_entry
    ADD CONSTRAINT fk_orbital_combat_log_entry_news_entry_id FOREIGN KEY (news_entry_id) REFERENCES public.news_entry(id);


--
-- Name: orbital_combat_log_entry fk_orbital_combat_log_entry_planet_id; Type: FK CONSTRAINT; Schema: public; Owner: skrupeladmin
--

ALTER TABLE ONLY public.orbital_combat_log_entry
    ADD CONSTRAINT fk_orbital_combat_log_entry_planet_id FOREIGN KEY (planet_id) REFERENCES public.planet(id);


--
-- Name: orbital_combat_log_entry fk_orbital_combat_log_entry_projectile_weapon_template_name; Type: FK CONSTRAINT; Schema: public; Owner: skrupeladmin
--

ALTER TABLE ONLY public.orbital_combat_log_entry
    ADD CONSTRAINT fk_orbital_combat_log_entry_projectile_weapon_template_name FOREIGN KEY (projectile_weapon_template_name) REFERENCES public.weapon_template(name);


--
-- Name: orbital_combat_log_entry fk_orbital_combat_log_entry_propulsion_system_template_name; Type: FK CONSTRAINT; Schema: public; Owner: skrupeladmin
--

ALTER TABLE ONLY public.orbital_combat_log_entry
    ADD CONSTRAINT fk_orbital_combat_log_entry_propulsion_system_template_name FOREIGN KEY (propulsion_system_template_name) REFERENCES public.propulsion_system_template(name);


--
-- Name: orbital_combat_log_entry fk_orbital_combat_log_entry_ship_template_id; Type: FK CONSTRAINT; Schema: public; Owner: skrupeladmin
--

ALTER TABLE ONLY public.orbital_combat_log_entry
    ADD CONSTRAINT fk_orbital_combat_log_entry_ship_template_id FOREIGN KEY (ship_template_id) REFERENCES public.ship_template(id);


--
-- Name: orbital_system fk_orbital_system_planet_id; Type: FK CONSTRAINT; Schema: public; Owner: skrupeladmin
--

ALTER TABLE ONLY public.orbital_system
    ADD CONSTRAINT fk_orbital_system_planet_id FOREIGN KEY (planet_id) REFERENCES public.planet(id);


--
-- Name: planet fk_planet_game_id; Type: FK CONSTRAINT; Schema: public; Owner: skrupeladmin
--

ALTER TABLE ONLY public.planet
    ADD CONSTRAINT fk_planet_game_id FOREIGN KEY (game_id) REFERENCES public.game(id);


--
-- Name: planet fk_planet_new_native_species_id; Type: FK CONSTRAINT; Schema: public; Owner: skrupeladmin
--

ALTER TABLE ONLY public.planet
    ADD CONSTRAINT fk_planet_new_native_species_id FOREIGN KEY (native_species_id) REFERENCES public.native_species(id);


--
-- Name: planet fk_planet_new_player_id; Type: FK CONSTRAINT; Schema: public; Owner: skrupeladmin
--

ALTER TABLE ONLY public.planet
    ADD CONSTRAINT fk_planet_new_player_id FOREIGN KEY (new_player_id) REFERENCES public.player(id);


--
-- Name: planet fk_planet_player_id; Type: FK CONSTRAINT; Schema: public; Owner: skrupeladmin
--

ALTER TABLE ONLY public.planet
    ADD CONSTRAINT fk_planet_player_id FOREIGN KEY (player_id) REFERENCES public.player(id);


--
-- Name: planet fk_planet_starbase_id; Type: FK CONSTRAINT; Schema: public; Owner: skrupeladmin
--

ALTER TABLE ONLY public.planet
    ADD CONSTRAINT fk_planet_starbase_id FOREIGN KEY (starbase_id) REFERENCES public.starbase(id);


--
-- Name: plasma_storm fk_plasma_storm_game_id; Type: FK CONSTRAINT; Schema: public; Owner: skrupeladmin
--

ALTER TABLE ONLY public.plasma_storm
    ADD CONSTRAINT fk_plasma_storm_game_id FOREIGN KEY (game_id) REFERENCES public.game(id);


--
-- Name: player_death_foe fk_player_death_foe_death_foe_id; Type: FK CONSTRAINT; Schema: public; Owner: skrupeladmin
--

ALTER TABLE ONLY public.player_death_foe
    ADD CONSTRAINT fk_player_death_foe_death_foe_id FOREIGN KEY (death_foe_id) REFERENCES public.player(id);


--
-- Name: player_death_foe fk_player_death_foe_player_id; Type: FK CONSTRAINT; Schema: public; Owner: skrupeladmin
--

ALTER TABLE ONLY public.player_death_foe
    ADD CONSTRAINT fk_player_death_foe_player_id FOREIGN KEY (player_id) REFERENCES public.player(id);


--
-- Name: player_encounter fk_player_encounter_player1_id; Type: FK CONSTRAINT; Schema: public; Owner: skrupeladmin
--

ALTER TABLE ONLY public.player_encounter
    ADD CONSTRAINT fk_player_encounter_player1_id FOREIGN KEY (player1_id) REFERENCES public.player(id);


--
-- Name: player_encounter fk_player_encounter_player2_id; Type: FK CONSTRAINT; Schema: public; Owner: skrupeladmin
--

ALTER TABLE ONLY public.player_encounter
    ADD CONSTRAINT fk_player_encounter_player2_id FOREIGN KEY (player2_id) REFERENCES public.player(id);


--
-- Name: player fk_player_faction_id; Type: FK CONSTRAINT; Schema: public; Owner: skrupeladmin
--

ALTER TABLE ONLY public.player
    ADD CONSTRAINT fk_player_faction_id FOREIGN KEY (faction_id) REFERENCES public.faction(id);


--
-- Name: player fk_player_game_id; Type: FK CONSTRAINT; Schema: public; Owner: skrupeladmin
--

ALTER TABLE ONLY public.player
    ADD CONSTRAINT fk_player_game_id FOREIGN KEY (game_id) REFERENCES public.game(id);


--
-- Name: player fk_player_home_planet_id; Type: FK CONSTRAINT; Schema: public; Owner: skrupeladmin
--

ALTER TABLE ONLY public.player
    ADD CONSTRAINT fk_player_home_planet_id FOREIGN KEY (home_planet_id) REFERENCES public.planet(id);


--
-- Name: player fk_player_login_id; Type: FK CONSTRAINT; Schema: public; Owner: skrupeladmin
--

ALTER TABLE ONLY public.player
    ADD CONSTRAINT fk_player_login_id FOREIGN KEY (login_id) REFERENCES public.login(id);


--
-- Name: player_message fk_player_message_from_id; Type: FK CONSTRAINT; Schema: public; Owner: skrupeladmin
--

ALTER TABLE ONLY public.player_message
    ADD CONSTRAINT fk_player_message_from_id FOREIGN KEY (from_id) REFERENCES public.player(id);


--
-- Name: player_message fk_player_message_to_id; Type: FK CONSTRAINT; Schema: public; Owner: skrupeladmin
--

ALTER TABLE ONLY public.player_message
    ADD CONSTRAINT fk_player_message_to_id FOREIGN KEY (to_id) REFERENCES public.player(id);


--
-- Name: player_planet_scan_log fk_player_planet_scan_log_planet_id; Type: FK CONSTRAINT; Schema: public; Owner: skrupeladmin
--

ALTER TABLE ONLY public.player_planet_scan_log
    ADD CONSTRAINT fk_player_planet_scan_log_planet_id FOREIGN KEY (planet_id) REFERENCES public.planet(id);


--
-- Name: player_planet_scan_log fk_player_planet_scan_log_player_id; Type: FK CONSTRAINT; Schema: public; Owner: skrupeladmin
--

ALTER TABLE ONLY public.player_planet_scan_log
    ADD CONSTRAINT fk_player_planet_scan_log_player_id FOREIGN KEY (player_id) REFERENCES public.player(id);


--
-- Name: player_planet_scan_log fk_player_planet_scan_log_scanned_native_species_id; Type: FK CONSTRAINT; Schema: public; Owner: skrupeladmin
--

ALTER TABLE ONLY public.player_planet_scan_log
    ADD CONSTRAINT fk_player_planet_scan_log_scanned_native_species_id FOREIGN KEY (scanned_native_species_id) REFERENCES public.native_species(id);


--
-- Name: player_relation fk_player_relation_player1_id; Type: FK CONSTRAINT; Schema: public; Owner: skrupeladmin
--

ALTER TABLE ONLY public.player_relation
    ADD CONSTRAINT fk_player_relation_player1_id FOREIGN KEY (player1_id) REFERENCES public.player(id);


--
-- Name: player_relation fk_player_relation_player2_id; Type: FK CONSTRAINT; Schema: public; Owner: skrupeladmin
--

ALTER TABLE ONLY public.player_relation
    ADD CONSTRAINT fk_player_relation_player2_id FOREIGN KEY (player2_id) REFERENCES public.player(id);


--
-- Name: player_relation_request fk_player_relation_request_other_player_id; Type: FK CONSTRAINT; Schema: public; Owner: skrupeladmin
--

ALTER TABLE ONLY public.player_relation_request
    ADD CONSTRAINT fk_player_relation_request_other_player_id FOREIGN KEY (other_player_id) REFERENCES public.player(id);


--
-- Name: player_relation_request fk_player_relation_requestrequesting_player_id; Type: FK CONSTRAINT; Schema: public; Owner: skrupeladmin
--

ALTER TABLE ONLY public.player_relation_request
    ADD CONSTRAINT fk_player_relation_requestrequesting_player_id FOREIGN KEY (requesting_player_id) REFERENCES public.player(id);


--
-- Name: player_round_stats fk_player_round_stats_player_id; Type: FK CONSTRAINT; Schema: public; Owner: skrupeladmin
--

ALTER TABLE ONLY public.player_round_stats
    ADD CONSTRAINT fk_player_round_stats_player_id FOREIGN KEY (player_id) REFERENCES public.player(id);


--
-- Name: player_starbase_scan_log fk_player_starbase_scan_log_player_id; Type: FK CONSTRAINT; Schema: public; Owner: skrupeladmin
--

ALTER TABLE ONLY public.player_starbase_scan_log
    ADD CONSTRAINT fk_player_starbase_scan_log_player_id FOREIGN KEY (player_id) REFERENCES public.player(id);


--
-- Name: player_starbase_scan_log fk_player_starbase_scan_log_starbase_id; Type: FK CONSTRAINT; Schema: public; Owner: skrupeladmin
--

ALTER TABLE ONLY public.player_starbase_scan_log
    ADD CONSTRAINT fk_player_starbase_scan_log_starbase_id FOREIGN KEY (starbase_id) REFERENCES public.starbase(id);


--
-- Name: player fk_player_team_id; Type: FK CONSTRAINT; Schema: public; Owner: skrupeladmin
--

ALTER TABLE ONLY public.player
    ADD CONSTRAINT fk_player_team_id FOREIGN KEY (team_id) REFERENCES public.team(id);


--
-- Name: player_worm_hole_visit fk_player_worm_hole_visit_player_id; Type: FK CONSTRAINT; Schema: public; Owner: skrupeladmin
--

ALTER TABLE ONLY public.player_worm_hole_visit
    ADD CONSTRAINT fk_player_worm_hole_visit_player_id FOREIGN KEY (player_id) REFERENCES public.player(id);


--
-- Name: player_worm_hole_visit fk_player_worm_hole_visit_worm_hole_id; Type: FK CONSTRAINT; Schema: public; Owner: skrupeladmin
--

ALTER TABLE ONLY public.player_worm_hole_visit
    ADD CONSTRAINT fk_player_worm_hole_visit_worm_hole_id FOREIGN KEY (worm_hole_id) REFERENCES public.worm_hole(id);


--
-- Name: ship_ability fk_ship_ability_ship_template_id; Type: FK CONSTRAINT; Schema: public; Owner: skrupeladmin
--

ALTER TABLE ONLY public.ship_ability
    ADD CONSTRAINT fk_ship_ability_ship_template_id FOREIGN KEY (ship_template_id) REFERENCES public.ship_template(id);


--
-- Name: ship fk_ship_destination_ship_id; Type: FK CONSTRAINT; Schema: public; Owner: skrupeladmin
--

ALTER TABLE ONLY public.ship
    ADD CONSTRAINT fk_ship_destination_ship_id FOREIGN KEY (destination_ship_id) REFERENCES public.ship(id);


--
-- Name: ship fk_ship_energy_weapon_template_name; Type: FK CONSTRAINT; Schema: public; Owner: skrupeladmin
--

ALTER TABLE ONLY public.ship
    ADD CONSTRAINT fk_ship_energy_weapon_template_name FOREIGN KEY (energy_weapon_template_name) REFERENCES public.weapon_template(name);


--
-- Name: ship fk_ship_fleet_id; Type: FK CONSTRAINT; Schema: public; Owner: skrupeladmin
--

ALTER TABLE ONLY public.ship
    ADD CONSTRAINT fk_ship_fleet_id FOREIGN KEY (fleet_id) REFERENCES public.fleet(id);


--
-- Name: ship fk_ship_planet_id; Type: FK CONSTRAINT; Schema: public; Owner: skrupeladmin
--

ALTER TABLE ONLY public.ship
    ADD CONSTRAINT fk_ship_planet_id FOREIGN KEY (planet_id) REFERENCES public.planet(id);


--
-- Name: ship fk_ship_player_id; Type: FK CONSTRAINT; Schema: public; Owner: skrupeladmin
--

ALTER TABLE ONLY public.ship
    ADD CONSTRAINT fk_ship_player_id FOREIGN KEY (player_id) REFERENCES public.player(id);


--
-- Name: ship fk_ship_projectile_weapon_template_name; Type: FK CONSTRAINT; Schema: public; Owner: skrupeladmin
--

ALTER TABLE ONLY public.ship
    ADD CONSTRAINT fk_ship_projectile_weapon_template_name FOREIGN KEY (projectile_weapon_template_name) REFERENCES public.weapon_template(name);


--
-- Name: ship fk_ship_propulsion_system_template_name; Type: FK CONSTRAINT; Schema: public; Owner: skrupeladmin
--

ALTER TABLE ONLY public.ship
    ADD CONSTRAINT fk_ship_propulsion_system_template_name FOREIGN KEY (propulsion_system_template_name) REFERENCES public.propulsion_system_template(name);


--
-- Name: ship fk_ship_route_entry_current_route_entry_id; Type: FK CONSTRAINT; Schema: public; Owner: skrupeladmin
--

ALTER TABLE ONLY public.ship
    ADD CONSTRAINT fk_ship_route_entry_current_route_entry_id FOREIGN KEY (current_route_entry_id) REFERENCES public.ship_route_entry(id);


--
-- Name: ship_route_entry fk_ship_route_entry_planet_id; Type: FK CONSTRAINT; Schema: public; Owner: skrupeladmin
--

ALTER TABLE ONLY public.ship_route_entry
    ADD CONSTRAINT fk_ship_route_entry_planet_id FOREIGN KEY (planet_id) REFERENCES public.planet(id);


--
-- Name: ship_route_entry fk_ship_route_entry_ship_id; Type: FK CONSTRAINT; Schema: public; Owner: skrupeladmin
--

ALTER TABLE ONLY public.ship_route_entry
    ADD CONSTRAINT fk_ship_route_entry_ship_id FOREIGN KEY (ship_id) REFERENCES public.ship(id);


--
-- Name: ship fk_ship_ship_template_id; Type: FK CONSTRAINT; Schema: public; Owner: skrupeladmin
--

ALTER TABLE ONLY public.ship
    ADD CONSTRAINT fk_ship_ship_template_id FOREIGN KEY (ship_template_id) REFERENCES public.ship_template(id);


--
-- Name: ship_template fk_ship_template_faction_id; Type: FK CONSTRAINT; Schema: public; Owner: skrupeladmin
--

ALTER TABLE ONLY public.ship_template
    ADD CONSTRAINT fk_ship_template_faction_id FOREIGN KEY (faction_id) REFERENCES public.faction(id);


--
-- Name: small_meteor_log_entry fk_small_meteor_log_entry_news_entry_id; Type: FK CONSTRAINT; Schema: public; Owner: skrupeladmin
--

ALTER TABLE ONLY public.small_meteor_log_entry
    ADD CONSTRAINT fk_small_meteor_log_entry_news_entry_id FOREIGN KEY (news_entry_id) REFERENCES public.news_entry(id);


--
-- Name: small_meteor_log_entry fk_small_meteor_log_entry_planet_id; Type: FK CONSTRAINT; Schema: public; Owner: skrupeladmin
--

ALTER TABLE ONLY public.small_meteor_log_entry
    ADD CONSTRAINT fk_small_meteor_log_entry_planet_id FOREIGN KEY (planet_id) REFERENCES public.planet(id);


--
-- Name: space_combat_log_entry_item fk_space_combat_log_entry_item_energy_weapon_template_name; Type: FK CONSTRAINT; Schema: public; Owner: skrupeladmin
--

ALTER TABLE ONLY public.space_combat_log_entry_item
    ADD CONSTRAINT fk_space_combat_log_entry_item_energy_weapon_template_name FOREIGN KEY (energy_weapon_template_name) REFERENCES public.weapon_template(name);


--
-- Name: space_combat_log_entry_item fk_space_combat_log_entry_item_projectile_weapon_template_name; Type: FK CONSTRAINT; Schema: public; Owner: skrupeladmin
--

ALTER TABLE ONLY public.space_combat_log_entry_item
    ADD CONSTRAINT fk_space_combat_log_entry_item_projectile_weapon_template_name FOREIGN KEY (projectile_weapon_template_name) REFERENCES public.weapon_template(name);


--
-- Name: space_combat_log_entry_item fk_space_combat_log_entry_item_propulsion_system_template_name; Type: FK CONSTRAINT; Schema: public; Owner: skrupeladmin
--

ALTER TABLE ONLY public.space_combat_log_entry_item
    ADD CONSTRAINT fk_space_combat_log_entry_item_propulsion_system_template_name FOREIGN KEY (propulsion_system_template_name) REFERENCES public.propulsion_system_template(name);


--
-- Name: space_combat_log_entry_item fk_space_combat_log_entry_item_ship_template_id; Type: FK CONSTRAINT; Schema: public; Owner: skrupeladmin
--

ALTER TABLE ONLY public.space_combat_log_entry_item
    ADD CONSTRAINT fk_space_combat_log_entry_item_ship_template_id FOREIGN KEY (ship_template_id) REFERENCES public.ship_template(id);


--
-- Name: space_combat_log_entry_item fk_space_combat_log_entry_item_space_combat_log_entry_id; Type: FK CONSTRAINT; Schema: public; Owner: skrupeladmin
--

ALTER TABLE ONLY public.space_combat_log_entry_item
    ADD CONSTRAINT fk_space_combat_log_entry_item_space_combat_log_entry_id FOREIGN KEY (space_combat_log_entry_id) REFERENCES public.space_combat_log_entry(id);


--
-- Name: space_combat_log_entry fk_space_combat_log_entry_news_entry_id; Type: FK CONSTRAINT; Schema: public; Owner: skrupeladmin
--

ALTER TABLE ONLY public.space_combat_log_entry
    ADD CONSTRAINT fk_space_combat_log_entry_news_entry_id FOREIGN KEY (news_entry_id) REFERENCES public.news_entry(id);


--
-- Name: space_fold fk_space_fold_game_id; Type: FK CONSTRAINT; Schema: public; Owner: skrupeladmin
--

ALTER TABLE ONLY public.space_fold
    ADD CONSTRAINT fk_space_fold_game_id FOREIGN KEY (game_id) REFERENCES public.game(id);


--
-- Name: space_fold fk_space_fold_planet_id; Type: FK CONSTRAINT; Schema: public; Owner: skrupeladmin
--

ALTER TABLE ONLY public.space_fold
    ADD CONSTRAINT fk_space_fold_planet_id FOREIGN KEY (planet_id) REFERENCES public.planet(id);


--
-- Name: space_fold fk_space_fold_ship_id; Type: FK CONSTRAINT; Schema: public; Owner: skrupeladmin
--

ALTER TABLE ONLY public.space_fold
    ADD CONSTRAINT fk_space_fold_ship_id FOREIGN KEY (ship_id) REFERENCES public.ship(id);


--
-- Name: starbase_hull_stock fk_starbase_hull_stock_ship_template_id; Type: FK CONSTRAINT; Schema: public; Owner: skrupeladmin
--

ALTER TABLE ONLY public.starbase_hull_stock
    ADD CONSTRAINT fk_starbase_hull_stock_ship_template_id FOREIGN KEY (ship_template_id) REFERENCES public.ship_template(id);


--
-- Name: starbase_hull_stock fk_starbase_hull_stock_starbase_id; Type: FK CONSTRAINT; Schema: public; Owner: skrupeladmin
--

ALTER TABLE ONLY public.starbase_hull_stock
    ADD CONSTRAINT fk_starbase_hull_stock_starbase_id FOREIGN KEY (starbase_id) REFERENCES public.starbase(id);


--
-- Name: starbase_propulsion_stock fk_starbase_propulsion_stock_propulsion_system_template_name; Type: FK CONSTRAINT; Schema: public; Owner: skrupeladmin
--

ALTER TABLE ONLY public.starbase_propulsion_stock
    ADD CONSTRAINT fk_starbase_propulsion_stock_propulsion_system_template_name FOREIGN KEY (propulsion_system_template_name) REFERENCES public.propulsion_system_template(name);


--
-- Name: starbase_propulsion_stock fk_starbase_propulsion_stock_starbase_id; Type: FK CONSTRAINT; Schema: public; Owner: skrupeladmin
--

ALTER TABLE ONLY public.starbase_propulsion_stock
    ADD CONSTRAINT fk_starbase_propulsion_stock_starbase_id FOREIGN KEY (starbase_id) REFERENCES public.starbase(id);


--
-- Name: starbase_ship_construction_job fk_starbase_ship_construction_job_energy_weapon_template_name; Type: FK CONSTRAINT; Schema: public; Owner: skrupeladmin
--

ALTER TABLE ONLY public.starbase_ship_construction_job
    ADD CONSTRAINT fk_starbase_ship_construction_job_energy_weapon_template_name FOREIGN KEY (energy_weapon_template_name) REFERENCES public.weapon_template(name);


--
-- Name: starbase_ship_construction_job fk_starbase_ship_construction_job_projectile_weapon_template_na; Type: FK CONSTRAINT; Schema: public; Owner: skrupeladmin
--

ALTER TABLE ONLY public.starbase_ship_construction_job
    ADD CONSTRAINT fk_starbase_ship_construction_job_projectile_weapon_template_na FOREIGN KEY (projectile_weapon_template_name) REFERENCES public.weapon_template(name);


--
-- Name: starbase_ship_construction_job fk_starbase_ship_construction_job_propulsion_system_template_na; Type: FK CONSTRAINT; Schema: public; Owner: skrupeladmin
--

ALTER TABLE ONLY public.starbase_ship_construction_job
    ADD CONSTRAINT fk_starbase_ship_construction_job_propulsion_system_template_na FOREIGN KEY (propulsion_system_template_name) REFERENCES public.propulsion_system_template(name);


--
-- Name: starbase_ship_construction_job fk_starbase_ship_construction_job_ship_template_id; Type: FK CONSTRAINT; Schema: public; Owner: skrupeladmin
--

ALTER TABLE ONLY public.starbase_ship_construction_job
    ADD CONSTRAINT fk_starbase_ship_construction_job_ship_template_id FOREIGN KEY (ship_template_id) REFERENCES public.ship_template(id);


--
-- Name: starbase_ship_construction_job fk_starbase_ship_construction_job_starbase_id; Type: FK CONSTRAINT; Schema: public; Owner: skrupeladmin
--

ALTER TABLE ONLY public.starbase_ship_construction_job
    ADD CONSTRAINT fk_starbase_ship_construction_job_starbase_id FOREIGN KEY (starbase_id) REFERENCES public.starbase(id);


--
-- Name: starbase_weapon_stock fk_starbase_weapon_stock_starbase_id; Type: FK CONSTRAINT; Schema: public; Owner: skrupeladmin
--

ALTER TABLE ONLY public.starbase_weapon_stock
    ADD CONSTRAINT fk_starbase_weapon_stock_starbase_id FOREIGN KEY (starbase_id) REFERENCES public.starbase(id);


--
-- Name: starbase_weapon_stock fk_starbase_weapon_stock_weapon_template_name; Type: FK CONSTRAINT; Schema: public; Owner: skrupeladmin
--

ALTER TABLE ONLY public.starbase_weapon_stock
    ADD CONSTRAINT fk_starbase_weapon_stock_weapon_template_name FOREIGN KEY (weapon_template_name) REFERENCES public.weapon_template(name);


--
-- Name: story_mode_campaign fk_story_mode_campaign_faction_id; Type: FK CONSTRAINT; Schema: public; Owner: skrupeladmin
--

ALTER TABLE ONLY public.story_mode_campaign
    ADD CONSTRAINT fk_story_mode_campaign_faction_id FOREIGN KEY (faction_id) REFERENCES public.faction(id);


--
-- Name: story_mode_campaign fk_story_mode_campaign_login_id; Type: FK CONSTRAINT; Schema: public; Owner: skrupeladmin
--

ALTER TABLE ONLY public.story_mode_campaign
    ADD CONSTRAINT fk_story_mode_campaign_login_id FOREIGN KEY (login_id) REFERENCES public.login(id);


--
-- Name: shock_wave_destruction_log_entry fk_sub_space_distortion_log_entry_news_entry_id; Type: FK CONSTRAINT; Schema: public; Owner: skrupeladmin
--

ALTER TABLE ONLY public.shock_wave_destruction_log_entry
    ADD CONSTRAINT fk_sub_space_distortion_log_entry_news_entry_id FOREIGN KEY (news_entry_id) REFERENCES public.news_entry(id);


--
-- Name: shock_wave_destruction_log_entry fk_sub_space_distortion_log_entry_ship_template_id; Type: FK CONSTRAINT; Schema: public; Owner: skrupeladmin
--

ALTER TABLE ONLY public.shock_wave_destruction_log_entry
    ADD CONSTRAINT fk_sub_space_distortion_log_entry_ship_template_id FOREIGN KEY (ship_template_id) REFERENCES public.ship_template(id);


--
-- Name: team fk_team_game_id; Type: FK CONSTRAINT; Schema: public; Owner: skrupeladmin
--

ALTER TABLE ONLY public.team
    ADD CONSTRAINT fk_team_game_id FOREIGN KEY (game_id) REFERENCES public.game(id);


--
-- Name: worm_hole fk_worm_hole_connection_id; Type: FK CONSTRAINT; Schema: public; Owner: skrupeladmin
--

ALTER TABLE ONLY public.worm_hole
    ADD CONSTRAINT fk_worm_hole_connection_id FOREIGN KEY (connection_id) REFERENCES public.worm_hole(id);


--
-- Name: worm_hole fk_worm_hole_game_id; Type: FK CONSTRAINT; Schema: public; Owner: skrupeladmin
--

ALTER TABLE ONLY public.worm_hole
    ADD CONSTRAINT fk_worm_hole_game_id FOREIGN KEY (game_id) REFERENCES public.game(id);


--
-- Name: worm_hole fk_worm_hole_ship_id; Type: FK CONSTRAINT; Schema: public; Owner: skrupeladmin
--

ALTER TABLE ONLY public.worm_hole
    ADD CONSTRAINT fk_worm_hole_ship_id FOREIGN KEY (ship_id) REFERENCES public.ship(id);


--
-- Name: SCHEMA public; Type: ACL; Schema: -; Owner: skrupeladmin
--

REVOKE USAGE ON SCHEMA public FROM PUBLIC;
GRANT ALL ON SCHEMA public TO PUBLIC;


--
-- PostgreSQL database dump complete
--

